PlotID,TreeID,YR,PrevYR,Status,DBH,Species,Latitude,Longitude,PA,TreeH,AGB,Country,ForestType,Bioregion,Continent,Locality
BRA-0001,BRA-0001-T01,1968,,0,18.6,Ocotea aciphylla,-9.12879,-55.18665,1.0,14.0,4.09,Brazil,Tropical,Tropical moist broadleaf forests,South America,Brazil site 1
BRA-0001,BRA-0001-T01,1973,1968,0,19.0,Ocotea aciphylla,-9.12879,-55.18665,1.0,14.0,4.09,Brazil,Tropical,Tropical moist broadleaf forests,South America,Brazil site 1
BRA-0001,BRA-0001-T02,1968,,0,40.4,Rhizophora mangle,-9.12879,-55.18665,1.0,17.9,2.611,Brazil,Tropical,Tropical moist broadleaf forests,South America,Brazil site 1
BRA-0001,BRA-0001-T02,1973,1968,0,39.9,Rhizophora mangle,-9.12879,-55.18665,1.0,17.9,2.611,Brazil,Tropical,Tropical moist broadleaf forests,South America,Brazil site 1
BRA-0001,BRA-0001-T03,1968,,0,55.3,Rhizophora mangle,-9.12879,-55.18665,1.0,35.3,2.242,Brazil,Tropical,Tropical moist broadleaf forests,South America,Brazil site 1
BRA-0001,BRA-0001-T03,1973,1968,0,55.2,Rhizophora mangle,-9.12879,-55.18665,1.0,35.3,2.242,Brazil,Tropical,Tropical moist broadleaf forests,South America,Brazil site 1
BRA-0001,BRA-0001-T04,1968,,0,20.9,Tsuga canadensis,-9.12879,-55.18665,1.0,30.0,4.288,Brazil,Tropical,Tropical moist broadleaf forests,South America,Brazil site 1
BRA-0001,BRA-0001-T04,1973,1968,0,19.9,Tsuga canadensis,-9.12879,-55.18665,1.0,30.0,4.288,Brazil,Tropical,Tropical moist broadleaf forests,South America,Brazil site 1
BRA-0001,BRA-0001-T05,1968,,0,27.6,Quercus robur,-9.12879,-55.18665,1.0,10.2,0.154,Brazil,Tropical,Tropical moist broadleaf forests,South America,Brazil site 1
BRA-0001,BRA-0001-T05,1973,1968,0,27.3,Quercus robur,-9.12879,-55.18665,1.0,10.2,0.154,Brazil,Tropical,Tropical moist broadleaf forests,South America,Brazil site 1
BRA-0002,BRA-0002-T01,1943,,0,10.4,Ocotea aciphylla,-8.6429,-61.54771,0.25,8.9,,Brazil,Mixed,Tropical moist broadleaf forests,South America,Brazil site 2
BRA-0002,BRA-0002-T02,1943,,0,19.8,Acer saccharum,-8.6429,-61.54771,0.25,15.9,,Brazil,Mixed,Tropical moist broadleaf forests,South America,Brazil site 2
BRA-0002,BRA-0002-T03,1943,,0,21.3,Nothofagus pumilio,-8.6429,-61.54771,0.25,13.9,,Brazil,Mixed,Tropical moist broadleaf forests,South America,Brazil site 2
BRA-0002,BRA-0002-T04,1943,,0,57.2,Shorea leprosula,-8.6429,-61.54771,0.25,8.6,,Brazil,Mixed,Tropical moist broadleaf forests,South America,Brazil site 2
BRA-0002,BRA-0002-T05,1943,,0,43.4,Inga edulis,-8.6429,-61.54771,0.25,34.6,,Brazil,Mixed,Tropical moist broadleaf forests,South America,Brazil site 2
BRA-0002,BRA-0002-T06,1943,,0,24.5,Tsuga canadensis,-8.6429,-61.54771,0.25,15.2,,Brazil,Mixed,Tropical moist broadleaf forests,South America,Brazil site 2
BRA-0002,BRA-0002-T07,1943,,0,17.3,Milicia excelsa,-8.6429,-61.54771,0.25,23.8,,Brazil,Mixed,Tropical moist broadleaf forests,South America,Brazil site 2
BRA-0002,BRA-0002-T08,1943,,0,55.6,Quercus ilex,-8.6429,-61.54771,0.25,34.4,,Brazil,Mixed,Tropical moist broadleaf forests,South America,Brazil site 2
BRA-0002,BRA-0002-T09,1943,,0,55.7,Betula pendula,-8.6429,-61.54771,0.25,11.9,,Brazil,Mixed,Tropical moist broadleaf forests,South America,Brazil site 2
BRA-0002,BRA-0002-T10,1943,,0,28.4,Nothofagus pumilio,-8.6429,-61.54771,0.25,19.2,,Brazil,Mixed,Tropical moist broadleaf forests,South America,Brazil site 2
BRA-0002,BRA-0002-T11,1943,,0,21.2,Khaya ivorensis,-8.6429,-61.54771,0.25,9.4,,Brazil,Mixed,Tropical moist broadleaf forests,South America,Brazil site 2
BRA-0003,BRA-0003-T01,2023,,0,23.9,Nothofagus pumilio,-1.72852,-62.42931,1.0,12.5,,Brazil,Mixed,Tropical moist broadleaf forests,South America,Brazil site 3
BRA-0003,BRA-0003-T02,2023,,0,51.0,Khaya ivorensis,-1.72852,-62.42931,1.0,34.2,,Brazil,Mixed,Tropical moist broadleaf forests,South America,Brazil site 3
BRA-0003,BRA-0003-T03,2023,,0,55.8,Juniperus thurifera,-1.72852,-62.42931,1.0,14.3,,Brazil,Mixed,Tropical moist broadleaf forests,South America,Brazil site 3
BRA-0003,BRA-0003-T04,2023,,0,50.7,Avicennia germinans,-1.72852,-62.42931,1.0,26.4,,Brazil,Mixed,Tropical moist broadleaf forests,South America,Brazil site 3
BRA-0003,BRA-0003-T05,2023,,0,48.6,Inga edulis,-1.72852,-62.42931,1.0,27.4,,Brazil,Mixed,Tropical moist broadleaf forests,South America,Brazil site 3
BRA-0003,BRA-0003-T06,2023,,0,36.0,Avicennia germinans,-1.72852,-62.42931,1.0,13.4,,Brazil,Mixed,Tropical moist broadleaf forests,South America,Brazil site 3
BRA-0004,BRA-0004-T01,1987,,0,46.6,Avicennia germinans,-2.7298,-52.67033,0.5,22.8,,Brazil,Tropical,Tropical moist broadleaf forests,South America,Brazil site 4
BRA-0004,BRA-0004-T02,1987,,0,42.5,Inga edulis,-2.7298,-52.67033,0.5,31.7,,Brazil,Tropical,Tropical moist broadleaf forests,South America,Brazil site 4
BRA-0004,BRA-0004-T03,1987,,0,19.9,Tsuga canadensis,-2.7298,-52.67033,0.5,14.1,,Brazil,Tropical,Tropical moist broadleaf forests,South America,Brazil site 4
BRA-0004,BRA-0004-T04,1987,,0,19.8,Inga edulis,-2.7298,-52.67033,0.5,20.8,,Brazil,Tropical,Tropical moist broadleaf forests,South America,Brazil site 4
BRA-0004,BRA-0004-T05,1987,,0,58.5,Acer saccharum,-2.7298,-52.67033,0.5,19.2,,Brazil,Tropical,Tropical moist broadleaf forests,South America,Brazil site 4
BRA-0004,BRA-0004-T06,1987,,0,48.6,Betula pendula,-2.7298,-52.67033,0.5,16.9,,Brazil,Tropical,Tropical moist broadleaf forests,South America,Brazil site 4
BRA-0004,BRA-0004-T07,1987,,0,39.5,Populus tremula,-2.7298,-52.67033,0.5,22.0,,Brazil,Tropical,Tropical moist broadleaf forests,South America,Brazil site 4
BRA-0004,BRA-0004-T08,1987,,0,32.4,Cecropia obtusa,-2.7298,-52.67033,0.5,21.0,,Brazil,Tropical,Tropical moist broadleaf forests,South America,Brazil site 4
BRA-0004,BRA-0004-T09,1987,,0,25.1,Avicennia germinans,-2.7298,-52.67033,0.5,19.5,,Brazil,Tropical,Tropical moist broadleaf forests,South America,Brazil site 4
BRA-0005,BRA-0005-T01,1964,,0,12.1,Khaya ivorensis,-6.77463,-50.20953,1.0,35.0,1.339,Brazil,Mixed,Tropical moist broadleaf forests,South America,Brazil site 5
BRA-0005,BRA-0005-T01,1969,1964,0,11.2,Khaya ivorensis,-6.77463,-50.20953,1.0,35.0,1.339,Brazil,Mixed,Tropical moist broadleaf forests,South America,Brazil site 5
BRA-0005,BRA-0005-T02,1964,,0,13.3,Populus tremula,-6.77463,-50.20953,1.0,10.1,0.192,Brazil,Mixed,Tropical moist broadleaf forests,South America,Brazil site 5
BRA-0005,BRA-0005-T02,1969,1964,0,13.4,Populus tremula,-6.77463,-50.20953,1.0,10.1,0.192,Brazil,Mixed,Tropical moist broadleaf forests,South America,Brazil site 5
BRA-0005,BRA-0005-T03,1964,,0,53.7,Milicia excelsa,-6.77463,-50.20953,1.0,13.7,2.726,Brazil,Mixed,Tropical moist broadleaf forests,South America,Brazil site 5
BRA-0005,BRA-0005-T03,1969,1964,0,53.3,Milicia excelsa,-6.77463,-50.20953,1.0,13.7,2.726,Brazil,Mixed,Tropical moist broadleaf forests,South America,Brazil site 5
BRA-0005,BRA-0005-T04,1964,,0,8.5,Shorea leprosula,-6.77463,-50.20953,1.0,17.0,3.704,Brazil,Mixed,Tropical moist broadleaf forests,South America,Brazil site 5
BRA-0005,BRA-0005-T04,1969,1964,0,8.4,Shorea leprosula,-6.77463,-50.20953,1.0,17.0,3.704,Brazil,Mixed,Tropical moist broadleaf forests,South America,Brazil site 5
BRA-0005,BRA-0005-T05,1964,,0,8.6,Khaya ivorensis,-6.77463,-50.20953,1.0,27.6,4.452,Brazil,Mixed,Tropical moist broadleaf forests,South America,Brazil site 5
BRA-0005,BRA-0005-T05,1969,1964,0,7.4,Khaya ivorensis,-6.77463,-50.20953,1.0,27.6,4.452,Brazil,Mixed,Tropical moist broadleaf forests,South America,Brazil site 5
BRA-0005,BRA-0005-T06,1964,,0,33.6,Tsuga canadensis,-6.77463,-50.20953,1.0,23.5,3.541,Brazil,Mixed,Tropical moist broadleaf forests,South America,Brazil site 5
BRA-0005,BRA-0005-T06,1969,1964,0,33.0,Tsuga canadensis,-6.77463,-50.20953,1.0,23.5,3.541,Brazil,Mixed,Tropical moist broadleaf forests,South America,Brazil site 5
BRA-0006,BRA-0006-T01,1994,,0,49.6,Cecropia obtusa,-5.75653,-52.30634,0.5,28.9,0.959,Brazil,Tropical,Tropical moist broadleaf forests,South America,Brazil site 6
BRA-0006,BRA-0006-T01,1998,1994,0,49.2,Cecropia obtusa,-5.75653,-52.30634,0.5,28.9,0.959,Brazil,Tropical,Tropical moist broadleaf forests,South America,Brazil site 6
BRA-0006,BRA-0006-T02,1994,,0,24.5,Betula pendula,-5.75653,-52.30634,0.5,30.1,2.259,Brazil,Tropical,Tropical moist broadleaf forests,South America,Brazil site 6
BRA-0006,BRA-0006-T02,1998,1994,0,24.1,Betula pendula,-5.75653,-52.30634,0.5,30.1,2.259,Brazil,Tropical,Tropical moist broadleaf forests,South America,Brazil site 6
BRA-0006,BRA-0006-T03,1994,,0,49.2,Inga edulis,-5.75653,-52.30634,0.5,28.7,1.362,Brazil,Tropical,Tropical moist broadleaf forests,South America,Brazil site 6
BRA-0006,BRA-0006-T03,1998,1994,0,48.2,Inga edulis,-5.75653,-52.30634,0.5,28.7,1.362,Brazil,Tropical,Tropical moist broadleaf forests,South America,Brazil site 6
BRA-0006,BRA-0006-T04,1994,,0,38.7,Eperua falcata,-5.75653,-52.30634,0.5,32.0,4.114,Brazil,Tropical,Tropical moist broadleaf forests,South America,Brazil site 6
BRA-0006,BRA-0006-T04,1998,1994,0,38.6,Eperua falcata,-5.75653,-52.30634,0.5,32.0,4.114,Brazil,Tropical,Tropical moist broadleaf forests,South America,Brazil site 6
BRA-0006,BRA-0006-T05,1994,,0,36.9,Pinus sylvestris,-5.75653,-52.30634,0.5,13.7,0.507,Brazil,Tropical,Tropical moist broadleaf forests,South America,Brazil site 6
BRA-0006,BRA-0006-T05,1998,1994,0,37.4,Pinus sylvestris,-5.75653,-52.30634,0.5,13.7,0.507,Brazil,Tropical,Tropical moist broadleaf forests,South America,Brazil site 6
BRA-0006,BRA-0006-T06,1994,,0,44.4,Picea abies,-5.75653,-52.30634,0.5,13.3,3.723,Brazil,Tropical,Tropical moist broadleaf forests,South America,Brazil site 6
BRA-0006,BRA-0006-T06,1998,1994,0,44.6,Picea abies,-5.75653,-52.30634,0.5,13.3,3.723,Brazil,Tropical,Tropical moist broadleaf forests,South America,Brazil site 6
BRA-0006,BRA-0006-T07,1994,,0,23.3,Inga edulis,-5.75653,-52.30634,0.5,15.0,2.975,Brazil,Tropical,Tropical moist broadleaf forests,South America,Brazil site 6
BRA-0006,BRA-0006-T07,1998,1994,0,23.9,Inga edulis,-5.75653,-52.30634,0.5,15.0,2.975,Brazil,Tropical,Tropical moist broadleaf forests,South America,Brazil site 6
BRA-0007,BRA-0007-T01,1943,,0,29.1,Cecropia obtusa,-2.68063,-66.94317,0.1,,4.453,Brazil,Mixed,Tropical moist broadleaf forests,South America,Brazil site 7
BRA-0007,BRA-0007-T02,1943,,0,33.8,Cecropia obtusa,-2.68063,-66.94317,0.1,,0.328,Brazil,Mixed,Tropical moist broadleaf forests,South America,Brazil site 7
BRA-0007,BRA-0007-T03,1943,,0,15.0,Tsuga canadensis,-2.68063,-66.94317,0.1,,0.941,Brazil,Mixed,Tropical moist broadleaf forests,South America,Brazil site 7
BRA-0007,BRA-0007-T04,1943,,0,33.6,Milicia excelsa,-2.68063,-66.94317,0.1,,2.725,Brazil,Mixed,Tropical moist broadleaf forests,South America,Brazil site 7
BRA-0007,BRA-0007-T05,1943,,0,19.0,Juniperus thurifera,-2.68063,-66.94317,0.1,,3.231,Brazil,Mixed,Tropical moist broadleaf forests,South America,Brazil site 7
BRA-0007,BRA-0007-T06,1943,,0,8.4,Tsuga canadensis,-2.68063,-66.94317,0.1,,0.659,Brazil,Mixed,Tropical moist broadleaf forests,South America,Brazil site 7
BRA-0007,BRA-0007-T07,1943,,0,40.7,Inga edulis,-2.68063,-66.94317,0.1,,1.126,Brazil,Mixed,Tropical moist broadleaf forests,South America,Brazil site 7
BRA-0007,BRA-0007-T08,1943,,0,55.5,Juniperus thurifera,-2.68063,-66.94317,0.1,,2.082,Brazil,Mixed,Tropical moist broadleaf forests,South America,Brazil site 7
BRA-0007,BRA-0007-T09,1943,,0,23.5,Pinus sylvestris,-2.68063,-66.94317,0.1,,3.967,Brazil,Mixed,Tropical moist broadleaf forests,South America,Brazil site 7
BRA-0007,BRA-0007-T10,1943,,0,29.1,Dipterocarpus grandiflorus,-2.68063,-66.94317,0.1,,3.709,Brazil,Mixed,Tropical moist broadleaf forests,South America,Brazil site 7
BRA-0007,BRA-0007-T11,1943,,0,21.5,Cecropia obtusa,-2.68063,-66.94317,0.1,,4.052,Brazil,Mixed,Tropical moist broadleaf forests,South America,Brazil site 7
BRA-0008,BRA-0008-T01,1948,,0,57.2,Inga edulis,-5.43575,-64.6635,0.25,13.5,2.567,Brazil,Mixed,Tropical moist broadleaf forests,South America,Brazil site 8
BRA-0008,BRA-0008-T02,1948,,0,20.9,Fagus sylvatica,-5.43575,-64.6635,0.25,34.1,1.247,Brazil,Mixed,Tropical moist broadleaf forests,South America,Brazil site 8
BRA-0008,BRA-0008-T03,1948,,0,44.0,Dipterocarpus grandiflorus,-5.43575,-64.6635,0.25,10.0,3.275,Brazil,Mixed,Tropical moist broadleaf forests,South America,Brazil site 8
BRA-0008,BRA-0008-T04,1948,,0,30.2,Avicennia germinans,-5.43575,-64.6635,0.25,30.9,0.563,Brazil,Mixed,Tropical moist broadleaf forests,South America,Brazil site 8
BRA-0008,BRA-0008-T05,1948,,0,35.2,Picea abies,-5.43575,-64.6635,0.25,31.4,1.857,Brazil,Mixed,Tropical moist broadleaf forests,South America,Brazil site 8
BRA-0008,BRA-0008-T06,1948,,0,35.3,Tsuga canadensis,-5.43575,-64.6635,0.25,21.9,0.348,Brazil,Mixed,Tropical moist broadleaf forests,South America,Brazil site 8
BRA-0008,BRA-0008-T07,1948,,0,28.6,Rhizophora mangle,-5.43575,-64.6635,0.25,30.4,3.854,Brazil,Mixed,Tropical moist broadleaf forests,South America,Brazil site 8
BRA-0008,BRA-0008-T08,1948,,0,21.5,Quercus robur,-5.43575,-64.6635,0.25,29.3,0.631,Brazil,Mixed,Tropical moist broadleaf forests,South America,Brazil site 8
BRA-0009,BRA-0009-T01,1948,,0,32.9,Avicennia germinans,-7.46322,-57.22101,1.0,10.5,2.963,Brazil,Mixed,Tropical moist broadleaf forests,South America,Brazil site 9
BRA-0009,BRA-0009-T02,1948,,0,15.6,Rhizophora mangle,-7.46322,-57.22101,1.0,32.6,3.79,Brazil,Mixed,Tropical moist broadleaf forests,South America,Brazil site 9
BRA-0009,BRA-0009-T03,1948,,0,40.8,Quercus robur,-7.46322,-57.22101,1.0,13.3,0.576,Brazil,Mixed,Tropical moist broadleaf forests,South America,Brazil site 9
BRA-0009,BRA-0009-T04,1948,,0,12.2,Acer saccharum,-7.46322,-57.22101,1.0,30.9,3.055,Brazil,Mixed,Tropical moist broadleaf forests,South America,Brazil site 9
BRA-0009,BRA-0009-T05,1948,,0,17.6,Ocotea aciphylla,-7.46322,-57.22101,1.0,29.4,4.019,Brazil,Mixed,Tropical moist broadleaf forests,South America,Brazil site 9
BRA-0009,BRA-0009-T06,1948,,0,45.6,Rhizophora mangle,-7.46322,-57.22101,1.0,33.1,3.656,Brazil,Mixed,Tropical moist broadleaf forests,South America,Brazil site 9
BRA-0009,BRA-0009-T07,1948,,1,56.4,Milicia excelsa,-7.46322,-57.22101,1.0,19.7,1.401,Brazil,Mixed,Tropical moist broadleaf forests,South America,Brazil site 9
BRA-0009,BRA-0009-T08,1948,,0,10.6,Quercus robur,-7.46322,-57.22101,1.0,19.3,0.924,Brazil,Mixed,Tropical moist broadleaf forests,South America,Brazil site 9
BRA-0010,BRA-0010-T01,1949,,0,12.9,Tsuga canadensis,-2.53086,-53.36669,0.25,20.7,4.452,Brazil,Tropical,Tropical moist broadleaf forests,South America,Brazil site 10
BRA-0010,BRA-0010-T02,1949,,0,44.7,Tsuga canadensis,-2.53086,-53.36669,0.25,9.9,4.315,Brazil,Tropical,Tropical moist broadleaf forests,South America,Brazil site 10
BRA-0010,BRA-0010-T03,1949,,0,17.1,Milicia excelsa,-2.53086,-53.36669,0.25,13.0,1.882,Brazil,Tropical,Tropical moist broadleaf forests,South America,Brazil site 10
BRA-0010,BRA-0010-T04,1949,,0,25.4,Eperua falcata,-2.53086,-53.36669,0.25,26.8,2.819,Brazil,Tropical,Tropical moist broadleaf forests,South America,Brazil site 10
BRA-0010,BRA-0010-T05,1949,,0,58.7,Inga edulis,-2.53086,-53.36669,0.25,11.6,0.978,Brazil,Tropical,Tropical moist broadleaf forests,South America,Brazil site 10
BRA-0010,BRA-0010-T06,1949,,0,8.8,Acer saccharum,-2.53086,-53.36669,0.25,27.6,0.074,Brazil,Tropical,Tropical moist broadleaf forests,South America,Brazil site 10
BRA-0011,BRA-0011-T01,2004,,1,43.5,Pinus sylvestris,-8.59642,-59.44652,1.0,16.4,2.815,Brazil,Tropical,Tropical moist broadleaf forests,South America,Brazil site 11
BRA-0011,BRA-0011-T02,2004,,0,30.2,Tsuga canadensis,-8.59642,-59.44652,1.0,31.0,2.258,Brazil,Tropical,Tropical moist broadleaf forests,South America,Brazil site 11
BRA-0011,BRA-0011-T03,2004,,0,50.7,Nothofagus pumilio,-8.59642,-59.44652,1.0,35.7,2.57,Brazil,Tropical,Tropical moist broadleaf forests,South America,Brazil site 11
BRA-0011,BRA-0011-T04,2004,,0,40.4,Picea abies,-8.59642,-59.44652,1.0,37.4,3.139,Brazil,Tropical,Tropical moist broadleaf forests,South America,Brazil site 11
BRA-0011,BRA-0011-T05,2004,,0,25.9,Betula pendula,-8.59642,-59.44652,1.0,27.1,3.98,Brazil,Tropical,Tropical moist broadleaf forests,South America,Brazil site 11
BRA-0011,BRA-0011-T06,2004,,0,34.0,Milicia excelsa,-8.59642,-59.44652,1.0,18.1,2.746,Brazil,Tropical,Tropical moist broadleaf forests,South America,Brazil site 11
BRA-0012,BRA-0012-T01,2004,,0,48.1,Khaya ivorensis,-8.09007,-63.23829,1.0,23.1,,Brazil,Mixed,Tropical moist broadleaf forests,South America,Brazil site 12
BRA-0012,BRA-0012-T01,2014,2004,0,48.0,Khaya ivorensis,-8.09007,-63.23829,1.0,23.1,,Brazil,Mixed,Tropical moist broadleaf forests,South America,Brazil site 12
BRA-0012,BRA-0012-T02,2004,,0,24.7,Picea abies,-8.09007,-63.23829,1.0,30.1,,Brazil,Mixed,Tropical moist broadleaf forests,South America,Brazil site 12
BRA-0012,BRA-0012-T02,2014,2004,0,23.7,Picea abies,-8.09007,-63.23829,1.0,30.1,,Brazil,Mixed,Tropical moist broadleaf forests,South America,Brazil site 12
BRA-0012,BRA-0012-T03,2004,,0,18.9,Dipterocarpus grandiflorus,-8.09007,-63.23829,1.0,19.3,,Brazil,Mixed,Tropical moist broadleaf forests,South America,Brazil site 12
BRA-0012,BRA-0012-T03,2014,2004,0,19.5,Dipterocarpus grandiflorus,-8.09007,-63.23829,1.0,19.3,,Brazil,Mixed,Tropical moist broadleaf forests,South America,Brazil site 12
BRA-0012,BRA-0012-T04,2004,,0,47.9,Rhizophora mangle,-8.09007,-63.23829,1.0,17.9,,Brazil,Mixed,Tropical moist broadleaf forests,South America,Brazil site 12
BRA-0012,BRA-0012-T04,2014,2004,0,47.9,Rhizophora mangle,-8.09007,-63.23829,1.0,17.9,,Brazil,Mixed,Tropical moist broadleaf forests,South America,Brazil site 12
BRA-0012,BRA-0012-T05,2004,,1,43.0,Cecropia obtusa,-8.09007,-63.23829,1.0,16.7,,Brazil,Mixed,Tropical moist broadleaf forests,South America,Brazil site 12
BRA-0012,BRA-0012-T05,2014,2004,0,42.0,Cecropia obtusa,-8.09007,-63.23829,1.0,16.7,,Brazil,Mixed,Tropical moist broadleaf forests,South America,Brazil site 12
BRA-0012,BRA-0012-T06,2004,,0,10.9,Nothofagus pumilio,-8.09007,-63.23829,1.0,35.5,,Brazil,Mixed,Tropical moist broadleaf forests,South America,Brazil site 12
BRA-0012,BRA-0012-T06,2014,2004,0,10.5,Nothofagus pumilio,-8.09007,-63.23829,1.0,35.5,,Brazil,Mixed,Tropical moist broadleaf forests,South America,Brazil site 12
BRA-0012,BRA-0012-T07,2004,,0,36.2,Inga edulis,-8.09007,-63.23829,1.0,13.5,,Brazil,Mixed,Tropical moist broadleaf forests,South America,Brazil site 12
BRA-0012,BRA-0012-T07,2014,2004,0,36.7,Inga edulis,-8.09007,-63.23829,1.0,13.5,,Brazil,Mixed,Tropical moist broadleaf forests,South America,Brazil site 12
BRA-0012,BRA-0012-T08,2004,,0,42.3,Fagus sylvatica,-8.09007,-63.23829,1.0,12.2,,Brazil,Mixed,Tropical moist broadleaf forests,South America,Brazil site 12
BRA-0012,BRA-0012-T08,2014,2004,0,43.0,Fagus sylvatica,-8.09007,-63.23829,1.0,12.2,,Brazil,Mixed,Tropical moist broadleaf forests,South America,Brazil site 12
BRA-0013,BRA-0013-T01,2004,,0,12.2,Eucalyptus camaldulensis,-8.87535,-51.28972,1.0,29.7,1.415,Brazil,Mixed,Tropical moist broadleaf forests,South America,Brazil site 13
BRA-0013,BRA-0013-T01,2008,2004,0,12.0,Eucalyptus camaldulensis,-8.87535,-51.28972,1.0,29.7,1.415,Brazil,Mixed,Tropical moist broadleaf forests,South America,Brazil site 13
BRA-0013,BRA-0013-T02,2004,,0,39.1,Dipterocarpus grandiflorus,-8.87535,-51.28972,1.0,37.0,0.922,Brazil,Mixed,Tropical moist broadleaf forests,South America,Brazil site 13
BRA-0013,BRA-0013-T02,2008,2004,0,39.6,Dipterocarpus grandiflorus,-8.87535,-51.28972,1.0,37.0,0.922,Brazil,Mixed,Tropical moist broadleaf forests,South America,Brazil site 13
BRA-0013,BRA-0013-T03,2004,,0,17.1,Inga edulis,-8.87535,-51.28972,1.0,21.2,2.284,Brazil,Mixed,Tropical moist broadleaf forests,South America,Brazil site 13
BRA-0013,BRA-0013-T03,2008,2004,0,17.0,Inga edulis,-8.87535,-51.28972,1.0,21.2,2.284,Brazil,Mixed,Tropical moist broadleaf forests,South America,Brazil site 13
BRA-0013,BRA-0013-T04,2004,,0,49.1,Quercus robur,-8.87535,-51.28972,1.0,20.8,0.393,Brazil,Mixed,Tropical moist broadleaf forests,South America,Brazil site 13
BRA-0013,BRA-0013-T04,2008,2004,0,49.3,Quercus robur,-8.87535,-51.28972,1.0,20.8,0.393,Brazil,Mixed,Tropical moist broadleaf forests,South America,Brazil site 13
BRA-0013,BRA-0013-T05,2004,,0,21.9,Acer saccharum,-8.87535,-51.28972,1.0,21.9,2.052,Brazil,Mixed,Tropical moist broadleaf forests,South America,Brazil site 13
BRA-0013,BRA-0013-T05,2008,2004,0,20.9,Acer saccharum,-8.87535,-51.28972,1.0,21.9,2.052,Brazil,Mixed,Tropical moist broadleaf forests,South America,Brazil site 13
BRA-0013,BRA-0013-T06,2004,,0,18.6,Avicennia germinans,-8.87535,-51.28972,1.0,35.5,0.039,Brazil,Mixed,Tropical moist broadleaf forests,South America,Brazil site 13
BRA-0013,BRA-0013-T06,2008,2004,0,17.9,Avicennia germinans,-8.87535,-51.28972,1.0,35.5,0.039,Brazil,Mixed,Tropical moist broadleaf forests,South America,Brazil site 13
BRA-0014,BRA-0014-T01,1942,,0,28.7,Ocotea aciphylla,-3.81018,-53.98815,0.04,17.2,4.444,Brazil,Mixed,Tropical moist broadleaf forests,South America,Brazil site 14
BRA-0014,BRA-0014-T01,1947,1942,0,28.7,Ocotea aciphylla,-3.81018,-53.98815,0.04,17.2,4.444,Brazil,Mixed,Tropical moist broadleaf forests,South America,Brazil site 14
BRA-0014,BRA-0014-T02,1942,,0,16.8,Juniperus thurifera,-3.81018,-53.98815,0.04,30.9,4.308,Brazil,Mixed,Tropical moist broadleaf forests,South America,Brazil site 14
BRA-0014,BRA-0014-T02,1947,1942,0,16.0,Juniperus thurifera,-3.81018,-53.98815,0.04,30.9,4.308,Brazil,Mixed,Tropical moist broadleaf forests,South America,Brazil site 14
BRA-0014,BRA-0014-T03,1942,,0,45.2,Khaya ivorensis,-3.81018,-53.98815,0.04,28.9,2.936,Brazil,Mixed,Tropical moist broadleaf forests,South America,Brazil site 14
BRA-0014,BRA-0014-T03,1947,1942,1,44.3,Khaya ivorensis,-3.81018,-53.98815,0.04,28.9,2.936,Brazil,Mixed,Tropical moist broadleaf forests,South America,Brazil site 14
BRA-0014,BRA-0014-T04,1942,,0,42.1,Ocotea aciphylla,-3.81018,-53.98815,0.04,28.3,3.145,Brazil,Mixed,Tropical moist broadleaf forests,South America,Brazil site 14
BRA-0014,BRA-0014-T04,1947,1942,0,42.3,Ocotea aciphylla,-3.81018,-53.98815,0.04,28.3,3.145,Brazil,Mixed,Tropical moist broadleaf forests,South America,Brazil site 14
BRA-0014,BRA-0014-T05,1942,,0,21.4,Shorea leprosula,-3.81018,-53.98815,0.04,25.4,2.988,Brazil,Mixed,Tropical moist broadleaf forests,South America,Brazil site 14
BRA-0014,BRA-0014-T05,1947,1942,0,21.2,Shorea leprosula,-3.81018,-53.98815,0.04,25.4,2.988,Brazil,Mixed,Tropical moist broadleaf forests,South America,Brazil site 14
BRA-0014,BRA-0014-T06,1942,,0,29.5,Inga edulis,-3.81018,-53.98815,0.04,25.6,4.056,Brazil,Mixed,Tropical moist broadleaf forests,South America,Brazil site 14
BRA-0014,BRA-0014-T06,1947,1942,0,29.7,Inga edulis,-3.81018,-53.98815,0.04,25.6,4.056,Brazil,Mixed,Tropical moist broadleaf forests,South America,Brazil site 14
BRA-0014,BRA-0014-T07,1942,,0,45.4,Shorea leprosula,-3.81018,-53.98815,0.04,23.0,2.409,Brazil,Mixed,Tropical moist broadleaf forests,South America,Brazil site 14
BRA-0014,BRA-0014-T07,1947,1942,0,45.5,Shorea leprosula,-3.81018,-53.98815,0.04,23.0,2.409,Brazil,Mixed,Tropical moist broadleaf forests,South America,Brazil site 14
BRA-0014,BRA-0014-T08,1942,,0,13.9,Pinus sylvestris,-3.81018,-53.98815,0.04,25.2,3.593,Brazil,Mixed,Tropical moist broadleaf forests,South America,Brazil site 14
BRA-0014,BRA-0014-T08,1947,1942,0,13.7,Pinus sylvestris,-3.81018,-53.98815,0.04,25.2,3.593,Brazil,Mixed,Tropical moist broadleaf forests,South America,Brazil site 14
BRA-0015,BRA-0015-T01,1948,,0,8.3,Dipterocarpus grandiflorus,-2.12588,-53.02609,0.1,13.1,,Brazil,Mixed,Tropical moist broadleaf forests,South America,Brazil site 15
BRA-0015,BRA-0015-T02,1948,,0,11.8,Picea abies,-2.12588,-53.02609,0.1,28.9,,Brazil,Mixed,Tropical moist broadleaf forests,South America,Brazil site 15
BRA-0015,BRA-0015-T03,1948,,0,23.6,Khaya ivorensis,-2.12588,-53.02609,0.1,20.9,,Brazil,Mixed,Tropical moist broadleaf forests,South America,Brazil site 15
BRA-0015,BRA-0015-T04,1948,,0,46.0,Acer saccharum,-2.12588,-53.02609,0.1,13.9,,Brazil,Mixed,Tropical moist broadleaf forests,South America,Brazil site 15
BRA-0015,BRA-0015-T05,1948,,0,32.3,Picea abies,-2.12588,-53.02609,0.1,32.4,,Brazil,Mixed,Tropical moist broadleaf forests,South America,Brazil site 15
BRA-0015,BRA-0015-T06,1948,,0,48.5,Fagus sylvatica,-2.12588,-53.02609,0.1,32.3,,Brazil,Mixed,Tropical moist broadleaf forests,South America,Brazil site 15
BRA-0015,BRA-0015-T07,1948,,0,31.8,Cecropia obtusa,-2.12588,-53.02609,0.1,35.4,,Brazil,Mixed,Tropical moist broadleaf forests,South America,Brazil site 15
BRA-0015,BRA-0015-T08,1948,,0,17.0,Khaya ivorensis,-2.12588,-53.02609,0.1,16.8,,Brazil,Mixed,Tropical moist broadleaf forests,South America,Brazil site 15
BRA-0015,BRA-0015-T09,1948,,0,11.5,Shorea leprosula,-2.12588,-53.02609,0.1,8.9,,Brazil,Mixed,Tropical moist broadleaf forests,South America,Brazil site 15
BRA-0015,BRA-0015-T10,1948,,0,44.3,Avicennia germinans,-2.12588,-53.02609,0.1,11.0,,Brazil,Mixed,Tropical moist broadleaf forests,South America,Brazil site 15
BRA-0016,BRA-0016-T01,2009,,0,43.9,Quercus robur,-3.7907,-54.33277,0.5,31.7,0.208,Brazil,Tropical,Tropical moist broadleaf forests,South America,Brazil site 16
BRA-0016,BRA-0016-T02,2009,,0,28.3,Quercus robur,-3.7907,-54.33277,0.5,23.6,4.33,Brazil,Tropical,Tropical moist broadleaf forests,South America,Brazil site 16
BRA-0016,BRA-0016-T03,2009,,0,33.6,Avicennia germinans,-3.7907,-54.33277,0.5,18.1,1.944,Brazil,Tropical,Tropical moist broadleaf forests,South America,Brazil site 16
BRA-0016,BRA-0016-T04,2009,,0,62.0,Eperua falcata,-3.7907,-54.33277,0.5,32.5,4.236,Brazil,Tropical,Tropical moist broadleaf forests,South America,Brazil site 16
BRA-0016,BRA-0016-T05,2009,,0,41.0,Inga edulis,-3.7907,-54.33277,0.5,37.3,3.931,Brazil,Tropical,Tropical moist broadleaf forests,South America,Brazil site 16
BRA-0016,BRA-0016-T06,2009,,0,32.7,Quercus robur,-3.7907,-54.33277,0.5,28.9,3.269,Brazil,Tropical,Tropical moist broadleaf forests,South America,Brazil site 16
BRA-0016,BRA-0016-T07,2009,,0,9.4,Betula pendula,-3.7907,-54.33277,0.5,11.7,2.397,Brazil,Tropical,Tropical moist broadleaf forests,South America,Brazil site 16
BRA-0016,BRA-0016-T08,2009,,0,27.9,Populus tremula,-3.7907,-54.33277,0.5,26.6,2.972,Brazil,Tropical,Tropical moist broadleaf forests,South America,Brazil site 16
BRA-0016,BRA-0016-T09,2009,,0,43.7,Cecropia obtusa,-3.7907,-54.33277,0.5,8.1,2.879,Brazil,Tropical,Tropical moist broadleaf forests,South America,Brazil site 16
BRA-0016,BRA-0016-T10,2009,,0,8.9,Eperua falcata,-3.7907,-54.33277,0.5,18.8,0.225,Brazil,Tropical,Tropical moist broadleaf forests,South America,Brazil site 16
BRA-0016,BRA-0016-T11,2009,,0,44.6,Eperua falcata,-3.7907,-54.33277,0.5,15.0,2.191,Brazil,Tropical,Tropical moist broadleaf forests,South America,Brazil site 16
BRA-0017,BRA-0017-T01,1947,,0,31.1,Ocotea aciphylla,-5.68346,-52.97315,0.04,35.9,,Brazil,Mixed,Tropical moist broadleaf forests,South America,Brazil site 17
BRA-0017,BRA-0017-T01,1951,1947,0,30.7,Ocotea aciphylla,-5.68346,-52.97315,0.04,35.9,,Brazil,Mixed,Tropical moist broadleaf forests,South America,Brazil site 17
BRA-0017,BRA-0017-T02,1947,,0,23.9,Inga edulis,-5.68346,-52.97315,0.04,13.9,,Brazil,Mixed,Tropical moist broadleaf forests,South America,Brazil site 17
BRA-0017,BRA-0017-T02,1951,1947,0,23.9,Inga edulis,-5.68346,-52.97315,0.04,13.9,,Brazil,Mixed,Tropical moist broadleaf forests,South America,Brazil site 17
BRA-0017,BRA-0017-T03,1947,,0,9.7,Eucalyptus camaldulensis,-5.68346,-52.97315,0.04,22.9,,Brazil,Mixed,Tropical moist broadleaf forests,South America,Brazil site 17
BRA-0017,BRA-0017-T03,1951,1947,0,9.8,Eucalyptus camaldulensis,-5.68346,-52.97315,0.04,22.9,,Brazil,Mixed,Tropical moist broadleaf forests,South America,Brazil site 17
BRA-0017,BRA-0017-T04,1947,,0,17.1,Rhizophora mangle,-5.68346,-52.97315,0.04,21.4,,Brazil,Mixed,Tropical moist broadleaf forests,South America,Brazil site 17
BRA-0017,BRA-0017-T04,1951,1947,0,16.3,Rhizophora mangle,-5.68346,-52.97315,0.04,21.4,,Brazil,Mixed,Tropical moist broadleaf forests,South America,Brazil site 17
BRA-0017,BRA-0017-T05,1947,,0,45.8,Milicia excelsa,-5.68346,-52.97315,0.04,11.2,,Brazil,Mixed,Tropical moist broadleaf forests,South America,Brazil site 17
BRA-0017,BRA-0017-T05,1951,1947,0,47.1,Milicia excelsa,-5.68346,-52.97315,0.04,11.2,,Brazil,Mixed,Tropical moist broadleaf forests,South America,Brazil site 17
BRA-0017,BRA-0017-T06,1947,,0,49.4,Inga edulis,-5.68346,-52.97315,0.04,14.6,,Brazil,Mixed,Tropical moist broadleaf forests,South America,Brazil site 17
BRA-0017,BRA-0017-T06,1951,1947,0,49.8,Inga edulis,-5.68346,-52.97315,0.04,14.6,,Brazil,Mixed,Tropical moist broadleaf forests,South America,Brazil site 17
BRA-0017,BRA-0017-T07,1947,,0,57.8,Betula pendula,-5.68346,-52.97315,0.04,27.0,,Brazil,Mixed,Tropical moist broadleaf forests,South America,Brazil site 17
BRA-0017,BRA-0017-T07,1951,1947,0,56.9,Betula pendula,-5.68346,-52.97315,0.04,27.0,,Brazil,Mixed,Tropical moist broadleaf forests,South America,Brazil site 17
BRA-0017,BRA-0017-T08,1947,,0,49.4,Juniperus thurifera,-5.68346,-52.97315,0.04,26.0,,Brazil,Mixed,Tropical moist broadleaf forests,South America,Brazil site 17
BRA-0017,BRA-0017-T08,1951,1947,0,49.8,Juniperus thurifera,-5.68346,-52.97315,0.04,26.0,,Brazil,Mixed,Tropical moist broadleaf forests,South America,Brazil site 17
BRA-0017,BRA-0017-T09,1947,,0,43.3,Inga edulis,-5.68346,-52.97315,0.04,31.6,,Brazil,Mixed,Tropical moist broadleaf forests,South America,Brazil site 17
BRA-0017,BRA-0017-T09,1951,1947,0,42.9,Inga edulis,-5.68346,-52.97315,0.04,31.6,,Brazil,Mixed,Tropical moist broadleaf forests,South America,Brazil site 17
BRA-0017,BRA-0017-T10,1947,,0,12.7,Dipterocarpus grandiflorus,-5.68346,-52.97315,0.04,10.7,,Brazil,Mixed,Tropical moist broadleaf forests,South America,Brazil site 17
BRA-0017,BRA-0017-T10,1951,1947,0,12.2,Dipterocarpus grandiflorus,-5.68346,-52.97315,0.04,10.7,,Brazil,Mixed,Tropical moist broadleaf forests,South America,Brazil site 17
BRA-0017,BRA-0017-T11,1947,,0,14.9,Ocotea aciphylla,-5.68346,-52.97315,0.04,17.4,,Brazil,Mixed,Tropical moist broadleaf forests,South America,Brazil site 17
BRA-0017,BRA-0017-T11,1951,1947,0,14.1,Ocotea aciphylla,-5.68346,-52.97315,0.04,17.4,,Brazil,Mixed,Tropical moist broadleaf forests,South America,Brazil site 17
BRA-0018,BRA-0018-T01,1998,,0,60.9,Inga edulis,-8.2638,-55.67616,0.1,17.6,1.655,Brazil,Tropical,Tropical moist broadleaf forests,South America,Brazil site 18
BRA-0018,BRA-0018-T02,1998,,0,36.1,Betula pendula,-8.2638,-55.67616,0.1,26.0,1.015,Brazil,Tropical,Tropical moist broadleaf forests,South America,Brazil site 18
BRA-0018,BRA-0018-T03,1998,,0,54.0,Nothofagus pumilio,-8.2638,-55.67616,0.1,17.5,3.676,Brazil,Tropical,Tropical moist broadleaf forests,South America,Brazil site 18
BRA-0018,BRA-0018-T04,1998,,0,35.0,Populus tremula,-8.2638,-55.67616,0.1,21.7,2.715,Brazil,Tropical,Tropical moist broadleaf forests,South America,Brazil site 18
BRA-0018,BRA-0018-T05,1998,,0,53.9,Milicia excelsa,-8.2638,-55.67616,0.1,32.8,0.174,Brazil,Tropical,Tropical moist broadleaf forests,South America,Brazil site 18
BRA-0018,BRA-0018-T06,1998,,0,61.5,Eucalyptus camaldulensis,-8.2638,-55.67616,0.1,11.7,4.486,Brazil,Tropical,Tropical moist broadleaf forests,South America,Brazil site 18
BRA-0019,BRA-0019-T01,1930,,0,34.7,Tsuga canadensis,-8.18819,-64.69599,0.25,,,Brazil,Tropical,Tropical moist broadleaf forests,South America,Brazil site 19
BRA-0019,BRA-0019-T01,1940,1930,0,35.5,Tsuga canadensis,-8.18819,-64.69599,0.25,,,Brazil,Tropical,Tropical moist broadleaf forests,South America,Brazil site 19
BRA-0019,BRA-0019-T02,1930,,0,53.8,Tsuga canadensis,-8.18819,-64.69599,0.25,,,Brazil,Tropical,Tropical moist broadleaf forests,South America,Brazil site 19
BRA-0019,BRA-0019-T02,1940,1930,0,54.4,Tsuga canadensis,-8.18819,-64.69599,0.25,,,Brazil,Tropical,Tropical moist broadleaf forests,South America,Brazil site 19
BRA-0019,BRA-0019-T03,1930,,0,54.3,Acer saccharum,-8.18819,-64.69599,0.25,,,Brazil,Tropical,Tropical moist broadleaf forests,South America,Brazil site 19
BRA-0019,BRA-0019-T03,1940,1930,0,54.9,Acer saccharum,-8.18819,-64.69599,0.25,,,Brazil,Tropical,Tropical moist broadleaf forests,South America,Brazil site 19
BRA-0019,BRA-0019-T04,1930,,0,61.5,Acer saccharum,-8.18819,-64.69599,0.25,,,Brazil,Tropical,Tropical moist broadleaf forests,South America,Brazil site 19
BRA-0019,BRA-0019-T04,1940,1930,0,61.9,Acer saccharum,-8.18819,-64.69599,0.25,,,Brazil,Tropical,Tropical moist broadleaf forests,South America,Brazil site 19
BRA-0019,BRA-0019-T05,1930,,0,29.1,Inga edulis,-8.18819,-64.69599,0.25,,,Brazil,Tropical,Tropical moist broadleaf forests,South America,Brazil site 19
BRA-0019,BRA-0019-T05,1940,1930,0,29.5,Inga edulis,-8.18819,-64.69599,0.25,,,Brazil,Tropical,Tropical moist broadleaf forests,South America,Brazil site 19
BRA-0019,BRA-0019-T06,1930,,0,29.3,Nothofagus pumilio,-8.18819,-64.69599,0.25,,,Brazil,Tropical,Tropical moist broadleaf forests,South America,Brazil site 19
BRA-0019,BRA-0019-T06,1940,1930,0,28.9,Nothofagus pumilio,-8.18819,-64.69599,0.25,,,Brazil,Tropical,Tropical moist broadleaf forests,South America,Brazil site 19
BRA-0019,BRA-0019-T07,1930,,0,32.7,Dipterocarpus grandiflorus,-8.18819,-64.69599,0.25,,,Brazil,Tropical,Tropical moist broadleaf forests,South America,Brazil site 19
BRA-0019,BRA-0019-T07,1940,1930,0,33.4,Dipterocarpus grandiflorus,-8.18819,-64.69599,0.25,,,Brazil,Tropical,Tropical moist broadleaf forests,South America,Brazil site 19
BRA-0019,BRA-0019-T08,1930,,0,19.3,Betula pendula,-8.18819,-64.69599,0.25,,,Brazil,Tropical,Tropical moist broadleaf forests,South America,Brazil site 19
BRA-0019,BRA-0019-T08,1940,1930,0,19.9,Betula pendula,-8.18819,-64.69599,0.25,,,Brazil,Tropical,Tropical moist broadleaf forests,South America,Brazil site 19
BRA-0020,BRA-0020-T01,1973,,0,44.6,Picea abies,-9.09019,-58.93553,0.25,37.7,0.681,Brazil,Tropical,Tropical moist broadleaf forests,South America,Brazil site 20
BRA-0020,BRA-0020-T01,1983,1973,0,45.1,Picea abies,-9.09019,-58.93553,0.25,37.7,0.681,Brazil,Tropical,Tropical moist broadleaf forests,South America,Brazil site 20
BRA-0020,BRA-0020-T02,1973,,0,27.2,Picea abies,-9.09019,-58.93553,0.25,22.2,4.254,Brazil,Tropical,Tropical moist broadleaf forests,South America,Brazil site 20
BRA-0020,BRA-0020-T02,1983,1973,0,26.8,Picea abies,-9.09019,-58.93553,0.25,22.2,4.254,Brazil,Tropical,Tropical moist broadleaf forests,South America,Brazil site 20
BRA-0020,BRA-0020-T03,1973,,0,41.9,Betula pendula,-9.09019,-58.93553,0.25,20.1,0.172,Brazil,Tropical,Tropical moist broadleaf forests,South America,Brazil site 20
BRA-0020,BRA-0020-T03,1983,1973,0,42.0,Betula pendula,-9.09019,-58.93553,0.25,20.1,0.172,Brazil,Tropical,Tropical moist broadleaf forests,South America,Brazil site 20
BRA-0020,BRA-0020-T04,1973,,0,48.2,Khaya ivorensis,-9.09019,-58.93553,0.25,31.3,4.46,Brazil,Tropical,Tropical moist broadleaf forests,South America,Brazil site 20
BRA-0020,BRA-0020-T04,1983,1973,0,48.7,Khaya ivorensis,-9.09019,-58.93553,0.25,31.3,4.46,Brazil,Tropical,Tropical moist broadleaf forests,South America,Brazil site 20
BRA-0020,BRA-0020-T05,1973,,0,22.9,Inga edulis,-9.09019,-58.93553,0.25,27.6,1.666,Brazil,Tropical,Tropical moist broadleaf forests,South America,Brazil site 20
BRA-0020,BRA-0020-T05,1983,1973,0,23.4,Inga edulis,-9.09019,-58.93553,0.25,27.6,1.666,Brazil,Tropical,Tropical moist broadleaf forests,South America,Brazil site 20
BRA-0020,BRA-0020-T06,1973,,0,20.1,Eucalyptus camaldulensis,-9.09019,-58.93553,0.25,25.6,4.443,Brazil,Tropical,Tropical moist broadleaf forests,South America,Brazil site 20
BRA-0020,BRA-0020-T06,1983,1973,0,19.0,Eucalyptus camaldulensis,-9.09019,-58.93553,0.25,25.6,4.443,Brazil,Tropical,Tropical moist broadleaf forests,South America,Brazil site 20
BRA-0020,BRA-0020-T07,1973,,0,34.1,Inga edulis,-9.09019,-58.93553,0.25,27.3,1.963,Brazil,Tropical,Tropical moist broadleaf forests,South America,Brazil site 20
BRA-0020,BRA-0020-T07,1983,1973,0,33.9,Inga edulis,-9.09019,-58.93553,0.25,27.3,1.963,Brazil,Tropical,Tropical moist broadleaf forests,South America,Brazil site 20
BRA-0020,BRA-0020-T08,1973,,0,18.0,Nothofagus pumilio,-9.09019,-58.93553,0.25,32.4,0.108,Brazil,Tropical,Tropical moist broadleaf forests,South America,Brazil site 20
BRA-0020,BRA-0020-T08,1983,1973,0,18.2,Nothofagus pumilio,-9.09019,-58.93553,0.25,32.4,0.108,Brazil,Tropical,Tropical moist broadleaf forests,South America,Brazil site 20
BRA-0020,BRA-0020-T09,1973,,0,53.2,Eucalyptus camaldulensis,-9.09019,-58.93553,0.25,24.2,3.688,Brazil,Tropical,Tropical moist broadleaf forests,South America,Brazil site 20
BRA-0020,BRA-0020-T09,1983,1973,0,52.2,Eucalyptus camaldulensis,-9.09019,-58.93553,0.25,24.2,3.688,Brazil,Tropical,Tropical moist broadleaf forests,South America,Brazil site 20
BRA-0020,BRA-0020-T10,1973,,0,17.8,Picea abies,-9.09019,-58.93553,0.25,26.0,0.826,Brazil,Tropical,Tropical moist broadleaf forests,South America,Brazil site 20
BRA-0020,BRA-0020-T10,1983,1973,0,16.6,Picea abies,-9.09019,-58.93553,0.25,26.0,0.826,Brazil,Tropical,Tropical moist broadleaf forests,South America,Brazil site 20
BRA-0020,BRA-0020-T11,1973,,0,43.2,Tsuga canadensis,-9.09019,-58.93553,0.25,10.6,1.17,Brazil,Tropical,Tropical moist broadleaf forests,South America,Brazil site 20
BRA-0020,BRA-0020-T11,1983,1973,0,43.2,Tsuga canadensis,-9.09019,-58.93553,0.25,10.6,1.17,Brazil,Tropical,Tropical moist broadleaf forests,South America,Brazil site 20
BRA-0021,BRA-0021-T01,1937,,1,60.8,Cecropia obtusa,-3.44549,-57.25773,0.25,27.7,1.133,Brazil,Tropical,Tropical moist broadleaf forests,South America,Brazil site 21
BRA-0021,BRA-0021-T01,1941,1937,0,60.6,Cecropia obtusa,-3.44549,-57.25773,0.25,27.7,1.133,Brazil,Tropical,Tropical moist broadleaf forests,South America,Brazil site 21
BRA-0021,BRA-0021-T02,1937,,0,32.0,Nothofagus pumilio,-3.44549,-57.25773,0.25,25.3,3.134,Brazil,Tropical,Tropical moist broadleaf forests,South America,Brazil site 21
BRA-0021,BRA-0021-T02,1941,1937,0,30.8,Nothofagus pumilio,-3.44549,-57.25773,0.25,25.3,3.134,Brazil,Tropical,Tropical moist broadleaf forests,South America,Brazil site 21
BRA-0021,BRA-0021-T03,1937,,1,45.1,Tsuga canadensis,-3.44549,-57.25773,0.25,27.9,0.22,Brazil,Tropical,Tropical moist broadleaf forests,South America,Brazil site 21
BRA-0021,BRA-0021-T03,1941,1937,0,46.1,Tsuga canadensis,-3.44549,-57.25773,0.25,27.9,0.22,Brazil,Tropical,Tropical moist broadleaf forests,South America,Brazil site 21
BRA-0021,BRA-0021-T04,1937,,0,40.5,Betula pendula,-3.44549,-57.25773,0.25,14.5,1.629,Brazil,Tropical,Tropical moist broadleaf forests,South America,Brazil site 21
BRA-0021,BRA-0021-T04,1941,1937,0,39.5,Betula pendula,-3.44549,-57.25773,0.25,14.5,1.629,Brazil,Tropical,Tropical moist broadleaf forests,South America,Brazil site 21
BRA-0021,BRA-0021-T05,1937,,0,43.1,Inga edulis,-3.44549,-57.25773,0.25,12.9,2.063,Brazil,Tropical,Tropical moist broadleaf forests,South America,Brazil site 21
BRA-0021,BRA-0021-T05,1941,1937,0,43.3,Inga edulis,-3.44549,-57.25773,0.25,12.9,2.063,Brazil,Tropical,Tropical moist broadleaf forests,South America,Brazil site 21
BRA-0021,BRA-0021-T06,1937,,0,11.8,Tsuga canadensis,-3.44549,-57.25773,0.25,30.0,4.479,Brazil,Tropical,Tropical moist broadleaf forests,South America,Brazil site 21
BRA-0021,BRA-0021-T06,1941,1937,0,12.0,Tsuga canadensis,-3.44549,-57.25773,0.25,30.0,4.479,Brazil,Tropical,Tropical moist broadleaf forests,South America,Brazil site 21
BRA-0021,BRA-0021-T07,1937,,0,40.7,Eucalyptus camaldulensis,-3.44549,-57.25773,0.25,20.6,0.708,Brazil,Tropical,Tropical moist broadleaf forests,South America,Brazil site 21
BRA-0021,BRA-0021-T07,1941,1937,0,39.9,Eucalyptus camaldulensis,-3.44549,-57.25773,0.25,20.6,0.708,Brazil,Tropical,Tropical moist broadleaf forests,South America,Brazil site 21
BRA-0021,BRA-0021-T08,1937,,0,22.6,Pinus sylvestris,-3.44549,-57.25773,0.25,23.9,3.084,Brazil,Tropical,Tropical moist broadleaf forests,South America,Brazil site 21
BRA-0021,BRA-0021-T08,1941,1937,0,22.1,Pinus sylvestris,-3.44549,-57.25773,0.25,23.9,3.084,Brazil,Tropical,Tropical moist broadleaf forests,South America,Brazil site 21
BRA-0021,BRA-0021-T09,1937,,0,15.9,Shorea leprosula,-3.44549,-57.25773,0.25,31.9,1.246,Brazil,Tropical,Tropical moist broadleaf forests,South America,Brazil site 21
BRA-0021,BRA-0021-T09,1941,1937,0,14.5,Shorea leprosula,-3.44549,-57.25773,0.25,31.9,1.246,Brazil,Tropical,Tropical moist broadleaf forests,South America,Brazil site 21
BRA-0022,BRA-0022-T01,1951,,0,17.5,Picea abies,-9.64445,-62.70697,0.04,,3.283,Brazil,Tropical,Tropical moist broadleaf forests,South America,Brazil site 22
BRA-0022,BRA-0022-T02,1951,,0,13.2,Avicennia germinans,-9.64445,-62.70697,0.04,,1.583,Brazil,Tropical,Tropical moist broadleaf forests,South America,Brazil site 22
BRA-0022,BRA-0022-T03,1951,,0,37.8,Dipterocarpus grandiflorus,-9.64445,-62.70697,0.04,,2.741,Brazil,Tropical,Tropical moist broadleaf forests,South America,Brazil site 22
BRA-0022,BRA-0022-T04,1951,,0,25.2,Acer saccharum,-9.64445,-62.70697,0.04,,3.388,Brazil,Tropical,Tropical moist broadleaf forests,South America,Brazil site 22
BRA-0022,BRA-0022-T05,1951,,0,60.3,Milicia excelsa,-9.64445,-62.70697,0.04,,2.402,Brazil,Tropical,Tropical moist broadleaf forests,South America,Brazil site 22
BRA-0022,BRA-0022-T06,1951,,1,33.8,Inga edulis,-9.64445,-62.70697,0.04,,0.592,Brazil,Tropical,Tropical moist broadleaf forests,South America,Brazil site 22
BRA-0022,BRA-0022-T07,1951,,0,46.5,Eucalyptus camaldulensis,-9.64445,-62.70697,0.04,,2.966,Brazil,Tropical,Tropical moist broadleaf forests,South America,Brazil site 22
BRA-0022,BRA-0022-T08,1951,,0,47.7,Juniperus thurifera,-9.64445,-62.70697,0.04,,0.257,Brazil,Tropical,Tropical moist broadleaf forests,South America,Brazil site 22
BRA-0022,BRA-0022-T09,1951,,0,46.2,Ocotea aciphylla,-9.64445,-62.70697,0.04,,1.136,Brazil,Tropical,Tropical moist broadleaf forests,South America,Brazil site 22
BRA-0022,BRA-0022-T10,1951,,0,17.9,Rhizophora mangle,-9.64445,-62.70697,0.04,,4.438,Brazil,Tropical,Tropical moist broadleaf forests,South America,Brazil site 22
BRA-0022,BRA-0022-T11,1951,,0,23.5,Eucalyptus camaldulensis,-9.64445,-62.70697,0.04,,4.288,Brazil,Tropical,Tropical moist broadleaf forests,South America,Brazil site 22
BRA-0023,BRA-0023-T01,1973,,0,24.5,Populus tremula,-3.10844,-52.37168,0.04,33.7,,Brazil,Mixed,Tropical moist broadleaf forests,South America,Brazil site 23
BRA-0023,BRA-0023-T02,1973,,0,49.6,Cecropia obtusa,-3.10844,-52.37168,0.04,33.4,,Brazil,Mixed,Tropical moist broadleaf forests,South America,Brazil site 23
BRA-0023,BRA-0023-T03,1973,,0,47.4,Pinus sylvestris,-3.10844,-52.37168,0.04,36.3,,Brazil,Mixed,Tropical moist broadleaf forests,South America,Brazil site 23
BRA-0023,BRA-0023-T04,1973,,0,12.6,Fagus sylvatica,-3.10844,-52.37168,0.04,16.6,,Brazil,Mixed,Tropical moist broadleaf forests,South America,Brazil site 23
BRA-0023,BRA-0023-T05,1973,,0,60.0,Quercus robur,-3.10844,-52.37168,0.04,20.7,,Brazil,Mixed,Tropical moist broadleaf forests,South America,Brazil site 23
BRA-0023,BRA-0023-T06,1973,,0,33.9,Betula pendula,-3.10844,-52.37168,0.04,23.5,,Brazil,Mixed,Tropical moist broadleaf forests,South America,Brazil site 23
BRA-0023,BRA-0023-T07,1973,,0,45.7,Nothofagus pumilio,-3.10844,-52.37168,0.04,20.2,,Brazil,Mixed,Tropical moist broadleaf forests,South America,Brazil site 23
BRA-0023,BRA-0023-T08,1973,,0,46.6,Quercus robur,-3.10844,-52.37168,0.04,29.1,,Brazil,Mixed,Tropical moist broadleaf forests,South America,Brazil site 23
BRA-0023,BRA-0023-T09,1973,,0,61.7,Populus tremula,-3.10844,-52.37168,0.04,27.8,,Brazil,Mixed,Tropical moist broadleaf forests,South America,Brazil site 23
BRA-0023,BRA-0023-T10,1973,,0,44.9,Eucalyptus camaldulensis,-3.10844,-52.37168,0.04,9.3,,Brazil,Mixed,Tropical moist broadleaf forests,South America,Brazil site 23
BRA-0024,BRA-0024-T01,1944,,0,58.2,Milicia excelsa,-8.10931,-53.66827,0.5,30.9,,Brazil,Tropical,Tropical moist broadleaf forests,South America,Brazil site 24
BRA-0024,BRA-0024-T02,1944,,0,12.1,Acer saccharum,-8.10931,-53.66827,0.5,33.2,,Brazil,Tropical,Tropical moist broadleaf forests,South America,Brazil site 24
BRA-0024,BRA-0024-T03,1944,,0,30.8,Fagus sylvatica,-8.10931,-53.66827,0.5,19.4,,Brazil,Tropical,Tropical moist broadleaf forests,South America,Brazil site 24
BRA-0024,BRA-0024-T04,1944,,0,26.2,Picea abies,-8.10931,-53.66827,0.5,28.4,,Brazil,Tropical,Tropical moist broadleaf forests,South America,Brazil site 24
BRA-0024,BRA-0024-T05,1944,,0,23.7,Picea abies,-8.10931,-53.66827,0.5,22.5,,Brazil,Tropical,Tropical moist broadleaf forests,South America,Brazil site 24
BRA-0024,BRA-0024-T06,1944,,0,47.9,Quercus robur,-8.10931,-53.66827,0.5,25.1,,Brazil,Tropical,Tropical moist broadleaf forests,South America,Brazil site 24
BRA-0025,BRA-0025-T01,1972,,0,52.6,Eucalyptus camaldulensis,-5.67005,-56.40964,1.0,9.1,2.094,Brazil,Mixed,Tropical moist broadleaf forests,South America,Brazil site 25
BRA-0025,BRA-0025-T01,1982,1972,0,52.2,Eucalyptus camaldulensis,-5.67005,-56.40964,1.0,9.1,2.094,Brazil,Mixed,Tropical moist broadleaf forests,South America,Brazil site 25
BRA-0025,BRA-0025-T02,1972,,0,24.1,Eperua falcata,-5.67005,-56.40964,1.0,11.2,1.587,Brazil,Mixed,Tropical moist broadleaf forests,South America,Brazil site 25
BRA-0025,BRA-0025-T02,1982,1972,0,23.4,Eperua falcata,-5.67005,-56.40964,1.0,11.2,1.587,Brazil,Mixed,Tropical moist broadleaf forests,South America,Brazil site 25
BRA-0025,BRA-0025-T03,1972,,0,12.6,Tsuga canadensis,-5.67005,-56.40964,1.0,23.4,0.709,Brazil,Mixed,Tropical moist broadleaf forests,South America,Brazil site 25
BRA-0025,BRA-0025-T03,1982,1972,0,11.9,Tsuga canadensis,-5.67005,-56.40964,1.0,23.4,0.709,Brazil,Mixed,Tropical moist broadleaf forests,South America,Brazil site 25
BRA-0025,BRA-0025-T04,1972,,0,33.4,Populus tremula,-5.67005,-56.40964,1.0,19.2,1.653,Brazil,Mixed,Tropical moist broadleaf forests,South America,Brazil site 25
BRA-0025,BRA-0025-T04,1982,1972,0,32.8,Populus tremula,-5.67005,-56.40964,1.0,19.2,1.653,Brazil,Mixed,Tropical moist broadleaf forests,South America,Brazil site 25
BRA-0025,BRA-0025-T05,1972,,0,53.3,Milicia excelsa,-5.67005,-56.40964,1.0,12.9,1.605,Brazil,Mixed,Tropical moist broadleaf forests,South America,Brazil site 25
BRA-0025,BRA-0025-T05,1982,1972,0,53.9,Milicia excelsa,-5.67005,-56.40964,1.0,12.9,1.605,Brazil,Mixed,Tropical moist broadleaf forests,South America,Brazil site 25
BRA-0025,BRA-0025-T06,1972,,0,23.4,Tsuga canadensis,-5.67005,-56.40964,1.0,12.0,1.906,Brazil,Mixed,Tropical moist broadleaf forests,South America,Brazil site 25
BRA-0025,BRA-0025-T06,1982,1972,0,24.2,Tsuga canadensis,-5.67005,-56.40964,1.0,12.0,1.906,Brazil,Mixed,Tropical moist broadleaf forests,South America,Brazil site 25
BRA-0025,BRA-0025-T07,1972,,0,61.1,Milicia excelsa,-5.67005,-56.40964,1.0,11.6,2.211,Brazil,Mixed,Tropical moist broadleaf forests,South America,Brazil site 25
BRA-0025,BRA-0025-T07,1982,1972,0,60.1,Milicia excelsa,-5.67005,-56.40964,1.0,11.6,2.211,Brazil,Mixed,Tropical moist broadleaf forests,South America,Brazil site 25
BRA-0026,BRA-0026-T01,1945,,0,35.1,Inga edulis,-5.099,-64.90555,0.5,35.7,,Brazil,Mixed,Tropical moist broadleaf forests,South America,Brazil site 26
BRA-0026,BRA-0026-T02,1945,,0,15.1,Inga edulis,-5.099,-64.90555,0.5,36.7,,Brazil,Mixed,Tropical moist broadleaf forests,South America,Brazil site 26
BRA-0026,BRA-0026-T03,1945,,0,16.4,Betula pendula,-5.099,-64.90555,0.5,23.0,,Brazil,Mixed,Tropical moist broadleaf forests,South America,Brazil site 26
BRA-0026,BRA-0026-T04,1945,,0,10.8,Populus tremula,-5.099,-64.90555,0.5,32.9,,Brazil,Mixed,Tropical moist broadleaf forests,South America,Brazil site 26
BRA-0026,BRA-0026-T05,1945,,0,47.8,Quercus ilex,-5.099,-64.90555,0.5,21.0,,Brazil,Mixed,Tropical moist broadleaf forests,South America,Brazil site 26
BRA-0026,BRA-0026-T06,1945,,0,12.5,Avicennia germinans,-5.099,-64.90555,0.5,20.9,,Brazil,Mixed,Tropical moist broadleaf forests,South America,Brazil site 26
BRA-0026,BRA-0026-T07,1945,,0,18.1,Eucalyptus camaldulensis,-5.099,-64.90555,0.5,16.4,,Brazil,Mixed,Tropical moist broadleaf forests,South America,Brazil site 26
BRA-0026,BRA-0026-T08,1945,,0,61.7,Shorea leprosula,-5.099,-64.90555,0.5,15.4,,Brazil,Mixed,Tropical moist broadleaf forests,South America,Brazil site 26
BRA-0026,BRA-0026-T09,1945,,0,33.6,Tsuga canadensis,-5.099,-64.90555,0.5,31.5,,Brazil,Mixed,Tropical moist broadleaf forests,South America,Brazil site 26
BRA-0026,BRA-0026-T10,1945,,0,41.0,Eucalyptus camaldulensis,-5.099,-64.90555,0.5,13.7,,Brazil,Mixed,Tropical moist broadleaf forests,South America,Brazil site 26
BRA-0026,BRA-0026-T11,1945,,0,42.3,Khaya ivorensis,-5.099,-64.90555,0.5,14.9,,Brazil,Mixed,Tropical moist broadleaf forests,South America,Brazil site 26
BRA-0027,BRA-0027-T01,1982,,0,61.5,Shorea leprosula,-4.36121,-67.50749,0.25,35.9,,Brazil,Tropical,Tropical moist broadleaf forests,South America,Brazil site 27
BRA-0027,BRA-0027-T02,1982,,0,18.8,Quercus ilex,-4.36121,-67.50749,0.25,33.9,,Brazil,Tropical,Tropical moist broadleaf forests,South America,Brazil site 27
BRA-0027,BRA-0027-T03,1982,,0,24.5,Eucalyptus camaldulensis,-4.36121,-67.50749,0.25,27.0,,Brazil,Tropical,Tropical moist broadleaf forests,South America,Brazil site 27
BRA-0027,BRA-0027-T04,1982,,0,31.0,Eperua falcata,-4.36121,-67.50749,0.25,9.8,,Brazil,Tropical,Tropical moist broadleaf forests,South America,Brazil site 27
BRA-0027,BRA-0027-T05,1982,,0,24.4,Fagus sylvatica,-4.36121,-67.50749,0.25,16.1,,Brazil,Tropical,Tropical moist broadleaf forests,South America,Brazil site 27
BRA-0028,BRA-0028-T01,1971,,1,21.3,Cecropia obtusa,-7.44193,-59.04126,0.04,34.9,0.834,Brazil,Tropical,Tropical moist broadleaf forests,South America,Brazil site 28
BRA-0028,BRA-0028-T02,1971,,0,48.2,Milicia excelsa,-7.44193,-59.04126,0.04,14.4,2.135,Brazil,Tropical,Tropical moist broadleaf forests,South America,Brazil site 28
BRA-0028,BRA-0028-T03,1971,,0,31.3,Picea abies,-7.44193,-59.04126,0.04,15.6,2.221,Brazil,Tropical,Tropical moist broadleaf forests,South America,Brazil site 28
BRA-0028,BRA-0028-T04,1971,,0,13.2,Picea abies,-7.44193,-59.04126,0.04,8.4,2.492,Brazil,Tropical,Tropical moist broadleaf forests,South America,Brazil site 28
BRA-0028,BRA-0028-T05,1971,,0,27.5,Eperua falcata,-7.44193,-59.04126,0.04,32.3,3.348,Brazil,Tropical,Tropical moist broadleaf forests,South America,Brazil site 28
BRA-0028,BRA-0028-T06,1971,,0,28.1,Quercus ilex,-7.44193,-59.04126,0.04,27.5,0.961,Brazil,Tropical,Tropical moist broadleaf forests,South America,Brazil site 28
BRA-0028,BRA-0028-T07,1971,,0,15.0,Picea abies,-7.44193,-59.04126,0.04,30.3,0.559,Brazil,Tropical,Tropical moist broadleaf forests,South America,Brazil site 28
BRA-0029,BRA-0029-T01,2016,,0,18.4,Tsuga canadensis,-1.84143,-55.28077,0.04,21.4,,Brazil,Mixed,Tropical moist broadleaf forests,South America,Brazil site 29
BRA-0029,BRA-0029-T02,2016,,0,41.4,Nothofagus pumilio,-1.84143,-55.28077,0.04,17.0,,Brazil,Mixed,Tropical moist broadleaf forests,South America,Brazil site 29
BRA-0029,BRA-0029-T03,2016,,0,36.8,Tsuga canadensis,-1.84143,-55.28077,0.04,12.6,,Brazil,Mixed,Tropical moist broadleaf forests,South America,Brazil site 29
BRA-0029,BRA-0029-T04,2016,,0,37.7,Cecropia obtusa,-1.84143,-55.28077,0.04,15.6,,Brazil,Mixed,Tropical moist broadleaf forests,South America,Brazil site 29
BRA-0029,BRA-0029-T05,2016,,0,60.7,Nothofagus pumilio,-1.84143,-55.28077,0.04,34.8,,Brazil,Mixed,Tropical moist broadleaf forests,South America,Brazil site 29
BRA-0029,BRA-0029-T06,2016,,0,57.2,Picea abies,-1.84143,-55.28077,0.04,10.0,,Brazil,Mixed,Tropical moist broadleaf forests,South America,Brazil site 29
BRA-0029,BRA-0029-T07,2016,,0,50.7,Eucalyptus camaldulensis,-1.84143,-55.28077,0.04,13.0,,Brazil,Mixed,Tropical moist broadleaf forests,South America,Brazil site 29
BRA-0029,BRA-0029-T08,2016,,0,23.6,Betula pendula,-1.84143,-55.28077,0.04,36.7,,Brazil,Mixed,Tropical moist broadleaf forests,South America,Brazil site 29
BRA-0029,BRA-0029-T09,2016,,0,48.0,Tsuga canadensis,-1.84143,-55.28077,0.04,19.9,,Brazil,Mixed,Tropical moist broadleaf forests,South America,Brazil site 29
BRA-0029,BRA-0029-T10,2016,,0,60.5,Eucalyptus camaldulensis,-1.84143,-55.28077,0.04,13.0,,Brazil,Mixed,Tropical moist broadleaf forests,South America,Brazil site 29
BRA-0030,BRA-0030-T01,1934,,0,29.6,Inga edulis,-1.63654,-57.77452,0.04,16.1,,Brazil,Tropical,Tropical moist broadleaf forests,South America,Brazil site 30
BRA-0030,BRA-0030-T01,1944,1934,0,29.5,Inga edulis,-1.63654,-57.77452,0.04,16.1,,Brazil,Tropical,Tropical moist broadleaf forests,South America,Brazil site 30
BRA-0030,BRA-0030-T02,1934,,0,32.6,Eucalyptus camaldulensis,-1.63654,-57.77452,0.04,29.2,,Brazil,Tropical,Tropical moist broadleaf forests,South America,Brazil site 30
BRA-0030,BRA-0030-T02,1944,1934,0,32.3,Eucalyptus camaldulensis,-1.63654,-57.77452,0.04,29.2,,Brazil,Tropical,Tropical moist broadleaf forests,South America,Brazil site 30
BRA-0030,BRA-0030-T03,1934,,0,14.4,Nothofagus pumilio,-1.63654,-57.77452,0.04,14.7,,Brazil,Tropical,Tropical moist broadleaf forests,South America,Brazil site 30
BRA-0030,BRA-0030-T03,1944,1934,0,14.8,Nothofagus pumilio,-1.63654,-57.77452,0.04,14.7,,Brazil,Tropical,Tropical moist broadleaf forests,South America,Brazil site 30
BRA-0030,BRA-0030-T04,1934,,0,58.1,Shorea leprosula,-1.63654,-57.77452,0.04,16.1,,Brazil,Tropical,Tropical moist broadleaf forests,South America,Brazil site 30
BRA-0030,BRA-0030-T04,1944,1934,0,57.4,Shorea leprosula,-1.63654,-57.77452,0.04,16.1,,Brazil,Tropical,Tropical moist broadleaf forests,South America,Brazil site 30
BRA-0030,BRA-0030-T05,1934,,0,14.3,Nothofagus pumilio,-1.63654,-57.77452,0.04,27.5,,Brazil,Tropical,Tropical moist broadleaf forests,South America,Brazil site 30
BRA-0030,BRA-0030-T05,1944,1934,0,13.1,Nothofagus pumilio,-1.63654,-57.77452,0.04,27.5,,Brazil,Tropical,Tropical moist broadleaf forests,South America,Brazil site 30
BRA-0030,BRA-0030-T06,1934,,0,22.3,Nothofagus pumilio,-1.63654,-57.77452,0.04,12.0,,Brazil,Tropical,Tropical moist broadleaf forests,South America,Brazil site 30
BRA-0030,BRA-0030-T06,1944,1934,0,23.2,Nothofagus pumilio,-1.63654,-57.77452,0.04,12.0,,Brazil,Tropical,Tropical moist broadleaf forests,South America,Brazil site 30
BRA-0030,BRA-0030-T07,1934,,0,52.5,Quercus robur,-1.63654,-57.77452,0.04,14.6,,Brazil,Tropical,Tropical moist broadleaf forests,South America,Brazil site 30
BRA-0030,BRA-0030-T07,1944,1934,0,53.6,Quercus robur,-1.63654,-57.77452,0.04,14.6,,Brazil,Tropical,Tropical moist broadleaf forests,South America,Brazil site 30
BRA-0030,BRA-0030-T08,1934,,0,13.7,Juniperus thurifera,-1.63654,-57.77452,0.04,30.4,,Brazil,Tropical,Tropical moist broadleaf forests,South America,Brazil site 30
BRA-0030,BRA-0030-T08,1944,1934,0,13.9,Juniperus thurifera,-1.63654,-57.77452,0.04,30.4,,Brazil,Tropical,Tropical moist broadleaf forests,South America,Brazil site 30
BRA-0031,BRA-0031-T01,1974,,0,52.1,Tsuga canadensis,-4.08475,-60.709,1.0,14.6,,Brazil,Tropical,Tropical moist broadleaf forests,South America,Brazil site 31
BRA-0031,BRA-0031-T02,1974,,0,42.0,Juniperus thurifera,-4.08475,-60.709,1.0,33.7,,Brazil,Tropical,Tropical moist broadleaf forests,South America,Brazil site 31
BRA-0031,BRA-0031-T03,1974,,0,20.5,Rhizophora mangle,-4.08475,-60.709,1.0,29.8,,Brazil,Tropical,Tropical moist broadleaf forests,South America,Brazil site 31
BRA-0031,BRA-0031-T04,1974,,0,13.1,Avicennia germinans,-4.08475,-60.709,1.0,13.4,,Brazil,Tropical,Tropical moist broadleaf forests,South America,Brazil site 31
BRA-0031,BRA-0031-T05,1974,,0,18.2,Acer saccharum,-4.08475,-60.709,1.0,22.7,,Brazil,Tropical,Tropical moist broadleaf forests,South America,Brazil site 31
BRA-0031,BRA-0031-T06,1974,,0,23.2,Khaya ivorensis,-4.08475,-60.709,1.0,17.3,,Brazil,Tropical,Tropical moist broadleaf forests,South America,Brazil site 31
BRA-0031,BRA-0031-T07,1974,,0,45.1,Inga edulis,-4.08475,-60.709,1.0,13.6,,Brazil,Tropical,Tropical moist broadleaf forests,South America,Brazil site 31
BRA-0031,BRA-0031-T08,1974,,0,21.2,Cecropia obtusa,-4.08475,-60.709,1.0,35.3,,Brazil,Tropical,Tropical moist broadleaf forests,South America,Brazil site 31
BRA-0031,BRA-0031-T09,1974,,0,47.1,Picea abies,-4.08475,-60.709,1.0,12.1,,Brazil,Tropical,Tropical moist broadleaf forests,South America,Brazil site 31
BRA-0032,BRA-0032-T01,2013,,0,13.4,Quercus ilex,-3.67893,-60.50651,0.25,,,Brazil,Mixed,Tropical moist broadleaf forests,South America,Brazil site 32
BRA-0032,BRA-0032-T02,2013,,0,52.6,Picea abies,-3.67893,-60.50651,0.25,,,Brazil,Mixed,Tropical moist broadleaf forests,South America,Brazil site 32
BRA-0032,BRA-0032-T03,2013,,0,58.5,Khaya ivorensis,-3.67893,-60.50651,0.25,,,Brazil,Mixed,Tropical moist broadleaf forests,South America,Brazil site 32
BRA-0032,BRA-0032-T04,2013,,0,22.5,Pinus sylvestris,-3.67893,-60.50651,0.25,,,Brazil,Mixed,Tropical moist broadleaf forests,South America,Brazil site 32
BRA-0032,BRA-0032-T05,2013,,0,8.7,Quercus ilex,-3.67893,-60.50651,0.25,,,Brazil,Mixed,Tropical moist broadleaf forests,South America,Brazil site 32
BRA-0033,BRA-0033-T01,1978,,0,47.8,Nothofagus pumilio,-7.1453,-52.13946,0.04,18.2,3.189,Brazil,Tropical,Tropical moist broadleaf forests,South America,Brazil site 33
BRA-0033,BRA-0033-T01,1982,1978,0,47.7,Nothofagus pumilio,-7.1453,-52.13946,0.04,18.2,3.189,Brazil,Tropical,Tropical moist broadleaf forests,South America,Brazil site 33
BRA-0033,BRA-0033-T02,1978,,0,24.6,Acer saccharum,-7.1453,-52.13946,0.04,22.4,1.112,Brazil,Tropical,Tropical moist broadleaf forests,South America,Brazil site 33
BRA-0033,BRA-0033-T02,1982,1978,1,24.9,Acer saccharum,-7.1453,-52.13946,0.04,22.4,1.112,Brazil,Tropical,Tropical moist broadleaf forests,South America,Brazil site 33
BRA-0033,BRA-0033-T03,1978,,0,13.6,Fagus sylvatica,-7.1453,-52.13946,0.04,16.9,2.312,Brazil,Tropical,Tropical moist broadleaf forests,South America,Brazil site 33
BRA-0033,BRA-0033-T03,1982,1978,1,14.7,Fagus sylvatica,-7.1453,-52.13946,0.04,16.9,2.312,Brazil,Tropical,Tropical moist broadleaf forests,South America,Brazil site 33
BRA-0033,BRA-0033-T04,1978,,0,28.8,Cecropia obtusa,-7.1453,-52.13946,0.04,18.6,1.305,Brazil,Tropical,Tropical moist broadleaf forests,South America,Brazil site 33
BRA-0033,BRA-0033-T04,1982,1978,0,28.6,Cecropia obtusa,-7.1453,-52.13946,0.04,18.6,1.305,Brazil,Tropical,Tropical moist broadleaf forests,South America,Brazil site 33
BRA-0033,BRA-0033-T05,1978,,0,34.6,Picea abies,-7.1453,-52.13946,0.04,37.7,1.026,Brazil,Tropical,Tropical moist broadleaf forests,South America,Brazil site 33
BRA-0033,BRA-0033-T05,1982,1978,0,34.1,Picea abies,-7.1453,-52.13946,0.04,37.7,1.026,Brazil,Tropical,Tropical moist broadleaf forests,South America,Brazil site 33
BRA-0033,BRA-0033-T06,1978,,0,57.9,Ocotea aciphylla,-7.1453,-52.13946,0.04,35.6,4.032,Brazil,Tropical,Tropical moist broadleaf forests,South America,Brazil site 33
BRA-0033,BRA-0033-T06,1982,1978,0,58.3,Ocotea aciphylla,-7.1453,-52.13946,0.04,35.6,4.032,Brazil,Tropical,Tropical moist broadleaf forests,South America,Brazil site 33
BRA-0033,BRA-0033-T07,1978,,0,31.0,Milicia excelsa,-7.1453,-52.13946,0.04,34.8,3.098,Brazil,Tropical,Tropical moist broadleaf forests,South America,Brazil site 33
BRA-0033,BRA-0033-T07,1982,1978,0,31.7,Milicia excelsa,-7.1453,-52.13946,0.04,34.8,3.098,Brazil,Tropical,Tropical moist broadleaf forests,South America,Brazil site 33
BRA-0033,BRA-0033-T08,1978,,0,43.7,Avicennia germinans,-7.1453,-52.13946,0.04,36.0,3.652,Brazil,Tropical,Tropical moist broadleaf forests,South America,Brazil site 33
BRA-0033,BRA-0033-T08,1982,1978,0,43.5,Avicennia germinans,-7.1453,-52.13946,0.04,36.0,3.652,Brazil,Tropical,Tropical moist broadleaf forests,South America,Brazil site 33
BRA-0033,BRA-0033-T09,1978,,0,50.0,Betula pendula,-7.1453,-52.13946,0.04,12.4,0.682,Brazil,Tropical,Tropical moist broadleaf forests,South America,Brazil site 33
BRA-0033,BRA-0033-T09,1982,1978,0,50.1,Betula pendula,-7.1453,-52.13946,0.04,12.4,0.682,Brazil,Tropical,Tropical moist broadleaf forests,South America,Brazil site 33
BRA-0033,BRA-0033-T10,1978,,0,39.2,Picea abies,-7.1453,-52.13946,0.04,36.8,1.268,Brazil,Tropical,Tropical moist broadleaf forests,South America,Brazil site 33
BRA-0033,BRA-0033-T10,1982,1978,0,37.8,Picea abies,-7.1453,-52.13946,0.04,36.8,1.268,Brazil,Tropical,Tropical moist broadleaf forests,South America,Brazil site 33
BRA-0033,BRA-0033-T11,1978,,0,34.7,Eperua falcata,-7.1453,-52.13946,0.04,22.4,4.378,Brazil,Tropical,Tropical moist broadleaf forests,South America,Brazil site 33
BRA-0033,BRA-0033-T11,1982,1978,0,33.8,Eperua falcata,-7.1453,-52.13946,0.04,22.4,4.378,Brazil,Tropical,Tropical moist broadleaf forests,South America,Brazil site 33
BRA-0034,BRA-0034-T01,1940,,0,30.6,Inga edulis,-3.49245,-62.39238,0.04,,2.247,Brazil,Mixed,Tropical moist broadleaf forests,South America,Brazil site 34
BRA-0034,BRA-0034-T02,1940,,0,37.0,Nothofagus pumilio,-3.49245,-62.39238,0.04,,1.051,Brazil,Mixed,Tropical moist broadleaf forests,South America,Brazil site 34
BRA-0034,BRA-0034-T03,1940,,0,36.5,Cecropia obtusa,-3.49245,-62.39238,0.04,,3.499,Brazil,Mixed,Tropical moist broadleaf forests,South America,Brazil site 34
BRA-0034,BRA-0034-T04,1940,,1,46.0,Populus tremula,-3.49245,-62.39238,0.04,,1.074,Brazil,Mixed,Tropical moist broadleaf forests,South America,Brazil site 34
BRA-0034,BRA-0034-T05,1940,,0,27.6,Quercus robur,-3.49245,-62.39238,0.04,,2.143,Brazil,Mixed,Tropical moist broadleaf forests,South America,Brazil site 34
BRA-0034,BRA-0034-T06,1940,,0,11.2,Picea abies,-3.49245,-62.39238,0.04,,1.585,Brazil,Mixed,Tropical moist broadleaf forests,South America,Brazil site 34
BRA-0035,BRA-0035-T01,2009,,0,32.9,Dipterocarpus grandiflorus,-7.1429,-56.41716,0.5,,,Brazil,Tropical,Tropical moist broadleaf forests,South America,Brazil site 35
BRA-0035,BRA-0035-T01,2013,2009,0,33.3,Dipterocarpus grandiflorus,-7.1429,-56.41716,0.5,,,Brazil,Tropical,Tropical moist broadleaf forests,South America,Brazil site 35
BRA-0035,BRA-0035-T02,2009,,1,52.7,Tsuga canadensis,-7.1429,-56.41716,0.5,,,Brazil,Tropical,Tropical moist broadleaf forests,South America,Brazil site 35
BRA-0035,BRA-0035-T02,2013,2009,0,53.8,Tsuga canadensis,-7.1429,-56.41716,0.5,,,Brazil,Tropical,Tropical moist broadleaf forests,South America,Brazil site 35
BRA-0035,BRA-0035-T03,2009,,0,47.6,Inga edulis,-7.1429,-56.41716,0.5,,,Brazil,Tropical,Tropical moist broadleaf forests,South America,Brazil site 35
BRA-0035,BRA-0035-T03,2013,2009,0,46.9,Inga edulis,-7.1429,-56.41716,0.5,,,Brazil,Tropical,Tropical moist broadleaf forests,South America,Brazil site 35
BRA-0035,BRA-0035-T04,2009,,0,12.0,Juniperus thurifera,-7.1429,-56.41716,0.5,,,Brazil,Tropical,Tropical moist broadleaf forests,South America,Brazil site 35
BRA-0035,BRA-0035-T04,2013,2009,0,10.5,Juniperus thurifera,-7.1429,-56.41716,0.5,,,Brazil,Tropical,Tropical moist broadleaf forests,South America,Brazil site 35
BRA-0035,BRA-0035-T05,2009,,1,21.2,Pinus sylvestris,-7.1429,-56.41716,0.5,,,Brazil,Tropical,Tropical moist broadleaf forests,South America,Brazil site 35
BRA-0035,BRA-0035-T05,2013,2009,0,20.4,Pinus sylvestris,-7.1429,-56.41716,0.5,,,Brazil,Tropical,Tropical moist broadleaf forests,South America,Brazil site 35
BRA-0035,BRA-0035-T06,2009,,0,48.2,Avicennia germinans,-7.1429,-56.41716,0.5,,,Brazil,Tropical,Tropical moist broadleaf forests,South America,Brazil site 35
BRA-0035,BRA-0035-T06,2013,2009,0,47.4,Avicennia germinans,-7.1429,-56.41716,0.5,,,Brazil,Tropical,Tropical moist broadleaf forests,South America,Brazil site 35
BRA-0035,BRA-0035-T07,2009,,0,32.0,Eperua falcata,-7.1429,-56.41716,0.5,,,Brazil,Tropical,Tropical moist broadleaf forests,South America,Brazil site 35
BRA-0035,BRA-0035-T07,2013,2009,0,32.1,Eperua falcata,-7.1429,-56.41716,0.5,,,Brazil,Tropical,Tropical moist broadleaf forests,South America,Brazil site 35
BRA-0035,BRA-0035-T08,2009,,0,9.7,Khaya ivorensis,-7.1429,-56.41716,0.5,,,Brazil,Tropical,Tropical moist broadleaf forests,South America,Brazil site 35
BRA-0035,BRA-0035-T08,2013,2009,0,8.8,Khaya ivorensis,-7.1429,-56.41716,0.5,,,Brazil,Tropical,Tropical moist broadleaf forests,South America,Brazil site 35
BRA-0035,BRA-0035-T09,2009,,0,59.2,Milicia excelsa,-7.1429,-56.41716,0.5,,,Brazil,Tropical,Tropical moist broadleaf forests,South America,Brazil site 35
BRA-0035,BRA-0035-T09,2013,2009,0,58.4,Milicia excelsa,-7.1429,-56.41716,0.5,,,Brazil,Tropical,Tropical moist broadleaf forests,South America,Brazil site 35
BRA-0035,BRA-0035-T10,2009,,0,46.3,Dipterocarpus grandiflorus,-7.1429,-56.41716,0.5,,,Brazil,Tropical,Tropical moist broadleaf forests,South America,Brazil site 35
BRA-0035,BRA-0035-T10,2013,2009,0,47.4,Dipterocarpus grandiflorus,-7.1429,-56.41716,0.5,,,Brazil,Tropical,Tropical moist broadleaf forests,South America,Brazil site 35
BRA-0035,BRA-0035-T11,2009,,0,48.1,Betula pendula,-7.1429,-56.41716,0.5,,,Brazil,Tropical,Tropical moist broadleaf forests,South America,Brazil site 35
BRA-0035,BRA-0035-T11,2013,2009,0,48.5,Betula pendula,-7.1429,-56.41716,0.5,,,Brazil,Tropical,Tropical moist broadleaf forests,South America,Brazil site 35
BRA-0036,BRA-0036-T01,1994,,0,52.1,Pinus sylvestris,-7.78867,-63.45295,0.5,22.1,,Brazil,Tropical,Tropical moist broadleaf forests,South America,Brazil site 36
BRA-0036,BRA-0036-T01,2004,1994,0,52.2,Pinus sylvestris,-7.78867,-63.45295,0.5,22.1,,Brazil,Tropical,Tropical moist broadleaf forests,South America,Brazil site 36
BRA-0036,BRA-0036-T02,1994,,0,42.9,Ocotea aciphylla,-7.78867,-63.45295,0.5,13.8,,Brazil,Tropical,Tropical moist broadleaf forests,South America,Brazil site 36
BRA-0036,BRA-0036-T02,2004,1994,0,43.6,Ocotea aciphylla,-7.78867,-63.45295,0.5,13.8,,Brazil,Tropical,Tropical moist broadleaf forests,South America,Brazil site 36
BRA-0036,BRA-0036-T03,1994,,0,20.9,Quercus robur,-7.78867,-63.45295,0.5,12.9,,Brazil,Tropical,Tropical moist broadleaf forests,South America,Brazil site 36
BRA-0036,BRA-0036-T03,2004,1994,0,20.5,Quercus robur,-7.78867,-63.45295,0.5,12.9,,Brazil,Tropical,Tropical moist broadleaf forests,South America,Brazil site 36
BRA-0036,BRA-0036-T04,1994,,1,37.8,Tsuga canadensis,-7.78867,-63.45295,0.5,27.2,,Brazil,Tropical,Tropical moist broadleaf forests,South America,Brazil site 36
BRA-0036,BRA-0036-T04,2004,1994,0,38.8,Tsuga canadensis,-7.78867,-63.45295,0.5,27.2,,Brazil,Tropical,Tropical moist broadleaf forests,South America,Brazil site 36
BRA-0036,BRA-0036-T05,1994,,1,61.3,Juniperus thurifera,-7.78867,-63.45295,0.5,22.5,,Brazil,Tropical,Tropical moist broadleaf forests,South America,Brazil site 36
BRA-0036,BRA-0036-T05,2004,1994,0,61.6,Juniperus thurifera,-7.78867,-63.45295,0.5,22.5,,Brazil,Tropical,Tropical moist broadleaf forests,South America,Brazil site 36
BRA-0036,BRA-0036-T06,1994,,0,59.8,Dipterocarpus grandiflorus,-7.78867,-63.45295,0.5,23.0,,Brazil,Tropical,Tropical moist broadleaf forests,South America,Brazil site 36
BRA-0036,BRA-0036-T06,2004,1994,0,59.6,Dipterocarpus grandiflorus,-7.78867,-63.45295,0.5,23.0,,Brazil,Tropical,Tropical moist broadleaf forests,South America,Brazil site 36
BRA-0036,BRA-0036-T07,1994,,0,13.3,Milicia excelsa,-7.78867,-63.45295,0.5,20.2,,Brazil,Tropical,Tropical moist broadleaf forests,South America,Brazil site 36
BRA-0036,BRA-0036-T07,2004,1994,0,14.2,Milicia excelsa,-7.78867,-63.45295,0.5,20.2,,Brazil,Tropical,Tropical moist broadleaf forests,South America,Brazil site 36
BRA-0036,BRA-0036-T08,1994,,0,51.0,Juniperus thurifera,-7.78867,-63.45295,0.5,22.3,,Brazil,Tropical,Tropical moist broadleaf forests,South America,Brazil site 36
BRA-0036,BRA-0036-T08,2004,1994,0,51.0,Juniperus thurifera,-7.78867,-63.45295,0.5,22.3,,Brazil,Tropical,Tropical moist broadleaf forests,South America,Brazil site 36
BRA-0036,BRA-0036-T09,1994,,0,55.8,Pinus sylvestris,-7.78867,-63.45295,0.5,10.8,,Brazil,Tropical,Tropical moist broadleaf forests,South America,Brazil site 36
BRA-0036,BRA-0036-T09,2004,1994,0,55.5,Pinus sylvestris,-7.78867,-63.45295,0.5,10.8,,Brazil,Tropical,Tropical moist broadleaf forests,South America,Brazil site 36
BRA-0037,BRA-0037-T01,1948,,0,61.6,Acer saccharum,-4.46009,-54.91534,0.1,23.0,4.465,Brazil,Tropical,Tropical moist broadleaf forests,South America,Brazil site 37
BRA-0037,BRA-0037-T02,1948,,0,58.2,Eucalyptus camaldulensis,-4.46009,-54.91534,0.1,18.2,3.538,Brazil,Tropical,Tropical moist broadleaf forests,South America,Brazil site 37
BRA-0037,BRA-0037-T03,1948,,0,41.7,Ocotea aciphylla,-4.46009,-54.91534,0.1,36.2,0.199,Brazil,Tropical,Tropical moist broadleaf forests,South America,Brazil site 37
BRA-0037,BRA-0037-T04,1948,,0,28.9,Milicia excelsa,-4.46009,-54.91534,0.1,14.3,2.755,Brazil,Tropical,Tropical moist broadleaf forests,South America,Brazil site 37
BRA-0037,BRA-0037-T05,1948,,1,38.6,Betula pendula,-4.46009,-54.91534,0.1,37.8,0.456,Brazil,Tropical,Tropical moist broadleaf forests,South America,Brazil site 37
BRA-0037,BRA-0037-T06,1948,,0,37.5,Dipterocarpus grandiflorus,-4.46009,-54.91534,0.1,37.1,3.521,Brazil,Tropical,Tropical moist broadleaf forests,South America,Brazil site 37
BRA-0037,BRA-0037-T07,1948,,0,32.6,Picea abies,-4.46009,-54.91534,0.1,13.1,1.344,Brazil,Tropical,Tropical moist broadleaf forests,South America,Brazil site 37
BRA-0037,BRA-0037-T08,1948,,0,27.6,Juniperus thurifera,-4.46009,-54.91534,0.1,10.7,0.823,Brazil,Tropical,Tropical moist broadleaf forests,South America,Brazil site 37
BRA-0037,BRA-0037-T09,1948,,0,61.3,Shorea leprosula,-4.46009,-54.91534,0.1,37.4,3.439,Brazil,Tropical,Tropical moist broadleaf forests,South America,Brazil site 37
BRA-0037,BRA-0037-T10,1948,,0,58.8,Betula pendula,-4.46009,-54.91534,0.1,37.2,2.207,Brazil,Tropical,Tropical moist broadleaf forests,South America,Brazil site 37
BRA-0037,BRA-0037-T11,1948,,0,29.7,Dipterocarpus grandiflorus,-4.46009,-54.91534,0.1,33.7,4.129,Brazil,Tropical,Tropical moist broadleaf forests,South America,Brazil site 37
BRA-0038,BRA-0038-T01,1978,,0,59.4,Quercus ilex,-4.8384,-55.04149,0.04,,1.694,Brazil,Tropical,Tropical moist broadleaf forests,South America,Brazil site 38
BRA-0038,BRA-0038-T01,1988,1978,0,58.9,Quercus ilex,-4.8384,-55.04149,0.04,,1.694,Brazil,Tropical,Tropical moist broadleaf forests,South America,Brazil site 38
BRA-0038,BRA-0038-T02,1978,,1,10.3,Milicia excelsa,-4.8384,-55.04149,0.04,,4.399,Brazil,Tropical,Tropical moist broadleaf forests,South America,Brazil site 38
BRA-0038,BRA-0038-T02,1988,1978,0,9.9,Milicia excelsa,-4.8384,-55.04149,0.04,,4.399,Brazil,Tropical,Tropical moist broadleaf forests,South America,Brazil site 38
BRA-0038,BRA-0038-T03,1978,,0,54.1,Betula pendula,-4.8384,-55.04149,0.04,,1.322,Brazil,Tropical,Tropical moist broadleaf forests,South America,Brazil site 38
BRA-0038,BRA-0038-T03,1988,1978,0,53.5,Betula pendula,-4.8384,-55.04149,0.04,,1.322,Brazil,Tropical,Tropical moist broadleaf forests,South America,Brazil site 38
BRA-0038,BRA-0038-T04,1978,,0,44.1,Rhizophora mangle,-4.8384,-55.04149,0.04,,1.583,Brazil,Tropical,Tropical moist broadleaf forests,South America,Brazil site 38
BRA-0038,BRA-0038-T04,1988,1978,0,44.3,Rhizophora mangle,-4.8384,-55.04149,0.04,,1.583,Brazil,Tropical,Tropical moist broadleaf forests,South America,Brazil site 38
BRA-0038,BRA-0038-T05,1978,,0,47.5,Acer saccharum,-4.8384,-55.04149,0.04,,4.13,Brazil,Tropical,Tropical moist broadleaf forests,South America,Brazil site 38
BRA-0038,BRA-0038-T05,1988,1978,0,46.5,Acer saccharum,-4.8384,-55.04149,0.04,,4.13,Brazil,Tropical,Tropical moist broadleaf forests,South America,Brazil site 38
BRA-0038,BRA-0038-T06,1978,,0,26.5,Eperua falcata,-4.8384,-55.04149,0.04,,2.728,Brazil,Tropical,Tropical moist broadleaf forests,South America,Brazil site 38
BRA-0038,BRA-0038-T06,1988,1978,0,25.4,Eperua falcata,-4.8384,-55.04149,0.04,,2.728,Brazil,Tropical,Tropical moist broadleaf forests,South America,Brazil site 38
BRA-0038,BRA-0038-T07,1978,,0,16.4,Nothofagus pumilio,-4.8384,-55.04149,0.04,,2.125,Brazil,Tropical,Tropical moist broadleaf forests,South America,Brazil site 38
BRA-0038,BRA-0038-T07,1988,1978,0,15.8,Nothofagus pumilio,-4.8384,-55.04149,0.04,,2.125,Brazil,Tropical,Tropical moist broadleaf forests,South America,Brazil site 38
BRA-0039,BRA-0039-T01,1968,,0,50.6,Ocotea aciphylla,-3.43391,-52.99414,1.0,,,Brazil,Mixed,Tropical moist broadleaf forests,South America,Brazil site 39
BRA-0039,BRA-0039-T01,1972,1968,1,50.5,Ocotea aciphylla,-3.43391,-52.99414,1.0,,,Brazil,Mixed,Tropical moist broadleaf forests,South America,Brazil site 39
BRA-0039,BRA-0039-T02,1968,,0,30.8,Milicia excelsa,-3.43391,-52.99414,1.0,,,Brazil,Mixed,Tropical moist broadleaf forests,South America,Brazil site 39
BRA-0039,BRA-0039-T02,1972,1968,0,30.6,Milicia excelsa,-3.43391,-52.99414,1.0,,,Brazil,Mixed,Tropical moist broadleaf forests,South America,Brazil site 39
BRA-0039,BRA-0039-T03,1968,,0,24.1,Pinus sylvestris,-3.43391,-52.99414,1.0,,,Brazil,Mixed,Tropical moist broadleaf forests,South America,Brazil site 39
BRA-0039,BRA-0039-T03,1972,1968,0,23.4,Pinus sylvestris,-3.43391,-52.99414,1.0,,,Brazil,Mixed,Tropical moist broadleaf forests,South America,Brazil site 39
BRA-0039,BRA-0039-T04,1968,,1,17.9,Shorea leprosula,-3.43391,-52.99414,1.0,,,Brazil,Mixed,Tropical moist broadleaf forests,South America,Brazil site 39
BRA-0039,BRA-0039-T04,1972,1968,0,17.0,Shorea leprosula,-3.43391,-52.99414,1.0,,,Brazil,Mixed,Tropical moist broadleaf forests,South America,Brazil site 39
BRA-0039,BRA-0039-T05,1968,,0,16.9,Dipterocarpus grandiflorus,-3.43391,-52.99414,1.0,,,Brazil,Mixed,Tropical moist broadleaf forests,South America,Brazil site 39
BRA-0039,BRA-0039-T05,1972,1968,0,16.8,Dipterocarpus grandiflorus,-3.43391,-52.99414,1.0,,,Brazil,Mixed,Tropical moist broadleaf forests,South America,Brazil site 39
BRA-0039,BRA-0039-T06,1968,,0,60.1,Acer saccharum,-3.43391,-52.99414,1.0,,,Brazil,Mixed,Tropical moist broadleaf forests,South America,Brazil site 39
BRA-0039,BRA-0039-T06,1972,1968,0,59.4,Acer saccharum,-3.43391,-52.99414,1.0,,,Brazil,Mixed,Tropical moist broadleaf forests,South America,Brazil site 39
BRA-0039,BRA-0039-T07,1968,,0,50.3,Nothofagus pumilio,-3.43391,-52.99414,1.0,,,Brazil,Mixed,Tropical moist broadleaf forests,South America,Brazil site 39
BRA-0039,BRA-0039-T07,1972,1968,0,51.1,Nothofagus pumilio,-3.43391,-52.99414,1.0,,,Brazil,Mixed,Tropical moist broadleaf forests,South America,Brazil site 39
BRA-0039,BRA-0039-T08,1968,,0,43.9,Eperua falcata,-3.43391,-52.99414,1.0,,,Brazil,Mixed,Tropical moist broadleaf forests,South America,Brazil site 39
BRA-0039,BRA-0039-T08,1972,1968,0,43.8,Eperua falcata,-3.43391,-52.99414,1.0,,,Brazil,Mixed,Tropical moist broadleaf forests,South America,Brazil site 39
BRA-0040,BRA-0040-T01,1940,,0,56.4,Betula pendula,-6.9214,-52.1685,0.5,36.0,2.258,Brazil,Mixed,Tropical moist broadleaf forests,South America,Brazil site 40
BRA-0040,BRA-0040-T02,1940,,0,29.9,Milicia excelsa,-6.9214,-52.1685,0.5,23.6,0.036,Brazil,Mixed,Tropical moist broadleaf forests,South America,Brazil site 40
BRA-0040,BRA-0040-T03,1940,,1,42.3,Betula pendula,-6.9214,-52.1685,0.5,27.2,2.611,Brazil,Mixed,Tropical moist broadleaf forests,South America,Brazil site 40
BRA-0040,BRA-0040-T04,1940,,0,30.7,Tsuga canadensis,-6.9214,-52.1685,0.5,24.4,0.764,Brazil,Mixed,Tropical moist broadleaf forests,South America,Brazil site 40
BRA-0040,BRA-0040-T05,1940,,0,19.3,Ocotea aciphylla,-6.9214,-52.1685,0.5,13.7,3.065,Brazil,Mixed,Tropical moist broadleaf forests,South America,Brazil site 40
BRA-0041,BRA-0041-T01,1998,,0,8.9,Ocotea aciphylla,-2.93879,-68.26674,0.5,34.9,,Brazil,Mixed,Tropical moist broadleaf forests,South America,Brazil site 41
BRA-0041,BRA-0041-T02,1998,,0,45.8,Picea abies,-2.93879,-68.26674,0.5,27.5,,Brazil,Mixed,Tropical moist broadleaf forests,South America,Brazil site 41
BRA-0041,BRA-0041-T03,1998,,0,27.0,Cecropia obtusa,-2.93879,-68.26674,0.5,32.8,,Brazil,Mixed,Tropical moist broadleaf forests,South America,Brazil site 41
BRA-0041,BRA-0041-T04,1998,,0,14.1,Eperua falcata,-2.93879,-68.26674,0.5,13.3,,Brazil,Mixed,Tropical moist broadleaf forests,South America,Brazil site 41
BRA-0041,BRA-0041-T05,1998,,0,37.8,Acer saccharum,-2.93879,-68.26674,0.5,12.9,,Brazil,Mixed,Tropical moist broadleaf forests,South America,Brazil site 41
BRA-0041,BRA-0041-T06,1998,,0,53.6,Dipterocarpus grandiflorus,-2.93879,-68.26674,0.5,28.7,,Brazil,Mixed,Tropical moist broadleaf forests,South America,Brazil site 41
BRA-0041,BRA-0041-T07,1998,,0,45.9,Dipterocarpus grandiflorus,-2.93879,-68.26674,0.5,36.1,,Brazil,Mixed,Tropical moist broadleaf forests,South America,Brazil site 41
BRA-0042,BRA-0042-T01,1982,,0,12.8,Picea abies,-2.51728,-55.97632,0.25,8.5,,Brazil,Mixed,Tropical moist broadleaf forests,South America,Brazil site 42
BRA-0042,BRA-0042-T01,1986,1982,0,13.6,Picea abies,-2.51728,-55.97632,0.25,8.5,,Brazil,Mixed,Tropical moist broadleaf forests,South America,Brazil site 42
BRA-0042,BRA-0042-T02,1982,,0,13.4,Nothofagus pumilio,-2.51728,-55.97632,0.25,21.3,,Brazil,Mixed,Tropical moist broadleaf forests,South America,Brazil site 42
BRA-0042,BRA-0042-T02,1986,1982,0,13.6,Nothofagus pumilio,-2.51728,-55.97632,0.25,21.3,,Brazil,Mixed,Tropical moist broadleaf forests,South America,Brazil site 42
BRA-0042,BRA-0042-T03,1982,,0,50.0,Populus tremula,-2.51728,-55.97632,0.25,24.5,,Brazil,Mixed,Tropical moist broadleaf forests,South America,Brazil site 42
BRA-0042,BRA-0042-T03,1986,1982,0,49.9,Populus tremula,-2.51728,-55.97632,0.25,24.5,,Brazil,Mixed,Tropical moist broadleaf forests,South America,Brazil site 42
BRA-0042,BRA-0042-T04,1982,,0,30.3,Rhizophora mangle,-2.51728,-55.97632,0.25,32.6,,Brazil,Mixed,Tropical moist broadleaf forests,South America,Brazil site 42
BRA-0042,BRA-0042-T04,1986,1982,0,29.0,Rhizophora mangle,-2.51728,-55.97632,0.25,32.6,,Brazil,Mixed,Tropical moist broadleaf forests,South America,Brazil site 42
BRA-0042,BRA-0042-T05,1982,,0,35.4,Populus tremula,-2.51728,-55.97632,0.25,16.0,,Brazil,Mixed,Tropical moist broadleaf forests,South America,Brazil site 42
BRA-0042,BRA-0042-T05,1986,1982,0,36.2,Populus tremula,-2.51728,-55.97632,0.25,16.0,,Brazil,Mixed,Tropical moist broadleaf forests,South America,Brazil site 42
PER-0043,PER-0043-T01,1976,,1,56.6,Quercus robur,-5.77392,-75.55035,1.0,20.4,,Peru,Tropical,Tropical moist broadleaf forests,South America,Peru site 1
PER-0043,PER-0043-T01,1980,1976,0,56.9,Quercus robur,-5.77392,-75.55035,1.0,20.4,,Peru,Tropical,Tropical moist broadleaf forests,South America,Peru site 1
PER-0043,PER-0043-T02,1976,,0,25.1,Quercus ilex,-5.77392,-75.55035,1.0,13.1,,Peru,Tropical,Tropical moist broadleaf forests,South America,Peru site 1
PER-0043,PER-0043-T02,1980,1976,0,25.1,Quercus ilex,-5.77392,-75.55035,1.0,13.1,,Peru,Tropical,Tropical moist broadleaf forests,South America,Peru site 1
PER-0043,PER-0043-T03,1976,,0,42.8,Quercus ilex,-5.77392,-75.55035,1.0,32.9,,Peru,Tropical,Tropical moist broadleaf forests,South America,Peru site 1
PER-0043,PER-0043-T03,1980,1976,0,42.0,Quercus ilex,-5.77392,-75.55035,1.0,32.9,,Peru,Tropical,Tropical moist broadleaf forests,South America,Peru site 1
PER-0043,PER-0043-T04,1976,,0,29.8,Acer saccharum,-5.77392,-75.55035,1.0,17.5,,Peru,Tropical,Tropical moist broadleaf forests,South America,Peru site 1
PER-0043,PER-0043-T04,1980,1976,0,30.4,Acer saccharum,-5.77392,-75.55035,1.0,17.5,,Peru,Tropical,Tropical moist broadleaf forests,South America,Peru site 1
PER-0043,PER-0043-T05,1976,,0,42.1,Picea abies,-5.77392,-75.55035,1.0,31.5,,Peru,Tropical,Tropical moist broadleaf forests,South America,Peru site 1
PER-0043,PER-0043-T05,1980,1976,0,41.4,Picea abies,-5.77392,-75.55035,1.0,31.5,,Peru,Tropical,Tropical moist broadleaf forests,South America,Peru site 1
PER-0043,PER-0043-T06,1976,,0,19.0,Eperua falcata,-5.77392,-75.55035,1.0,10.8,,Peru,Tropical,Tropical moist broadleaf forests,South America,Peru site 1
PER-0043,PER-0043-T06,1980,1976,1,18.8,Eperua falcata,-5.77392,-75.55035,1.0,10.8,,Peru,Tropical,Tropical moist broadleaf forests,South America,Peru site 1
PER-0043,PER-0043-T07,1976,,0,57.7,Nothofagus pumilio,-5.77392,-75.55035,1.0,10.4,,Peru,Tropical,Tropical moist broadleaf forests,South America,Peru site 1
PER-0043,PER-0043-T07,1980,1976,0,56.6,Nothofagus pumilio,-5.77392,-75.55035,1.0,10.4,,Peru,Tropical,Tropical moist broadleaf forests,South America,Peru site 1
PER-0043,PER-0043-T08,1976,,0,50.0,Khaya ivorensis,-5.77392,-75.55035,1.0,13.6,,Peru,Tropical,Tropical moist broadleaf forests,South America,Peru site 1
PER-0043,PER-0043-T08,1980,1976,0,49.8,Khaya ivorensis,-5.77392,-75.55035,1.0,13.6,,Peru,Tropical,Tropical moist broadleaf forests,South America,Peru site 1
PER-0043,PER-0043-T09,1976,,0,49.6,Inga edulis,-5.77392,-75.55035,1.0,27.8,,Peru,Tropical,Tropical moist broadleaf forests,South America,Peru site 1
PER-0043,PER-0043-T09,1980,1976,0,48.9,Inga edulis,-5.77392,-75.55035,1.0,27.8,,Peru,Tropical,Tropical moist broadleaf forests,South America,Peru site 1
PER-0043,PER-0043-T10,1976,,0,54.8,Juniperus thurifera,-5.77392,-75.55035,1.0,11.3,,Peru,Tropical,Tropical moist broadleaf forests,South America,Peru site 1
PER-0043,PER-0043-T10,1980,1976,0,54.7,Juniperus thurifera,-5.77392,-75.55035,1.0,11.3,,Peru,Tropical,Tropical moist broadleaf forests,South America,Peru site 1
PER-0044,PER-0044-T01,1953,,0,34.7,Pinus sylvestris,-5.31407,-70.39298,0.1,18.8,,Peru,Tropical,Tropical moist broadleaf forests,South America,Peru site 2
PER-0044,PER-0044-T01,1957,1953,1,34.7,Pinus sylvestris,-5.31407,-70.39298,0.1,18.8,,Peru,Tropical,Tropical moist broadleaf forests,South America,Peru site 2
PER-0044,PER-0044-T02,1953,,0,34.3,Pinus sylvestris,-5.31407,-70.39298,0.1,26.8,,Peru,Tropical,Tropical moist broadleaf forests,South America,Peru site 2
PER-0044,PER-0044-T02,1957,1953,0,34.8,Pinus sylvestris,-5.31407,-70.39298,0.1,26.8,,Peru,Tropical,Tropical moist broadleaf forests,South America,Peru site 2
PER-0044,PER-0044-T03,1953,,1,51.7,Rhizophora mangle,-5.31407,-70.39298,0.1,13.4,,Peru,Tropical,Tropical moist broadleaf forests,South America,Peru site 2
PER-0044,PER-0044-T03,1957,1953,0,52.2,Rhizophora mangle,-5.31407,-70.39298,0.1,13.4,,Peru,Tropical,Tropical moist broadleaf forests,South America,Peru site 2
PER-0044,PER-0044-T04,1953,,0,14.3,Fagus sylvatica,-5.31407,-70.39298,0.1,18.3,,Peru,Tropical,Tropical moist broadleaf forests,South America,Peru site 2
PER-0044,PER-0044-T04,1957,1953,1,13.5,Fagus sylvatica,-5.31407,-70.39298,0.1,18.3,,Peru,Tropical,Tropical moist broadleaf forests,South America,Peru site 2
PER-0044,PER-0044-T05,1953,,0,48.1,Eucalyptus camaldulensis,-5.31407,-70.39298,0.1,35.8,,Peru,Tropical,Tropical moist broadleaf forests,South America,Peru site 2
PER-0044,PER-0044-T05,1957,1953,0,48.0,Eucalyptus camaldulensis,-5.31407,-70.39298,0.1,35.8,,Peru,Tropical,Tropical moist broadleaf forests,South America,Peru site 2
PER-0044,PER-0044-T06,1953,,0,19.7,Betula pendula,-5.31407,-70.39298,0.1,18.9,,Peru,Tropical,Tropical moist broadleaf forests,South America,Peru site 2
PER-0044,PER-0044-T06,1957,1953,0,19.8,Betula pendula,-5.31407,-70.39298,0.1,18.9,,Peru,Tropical,Tropical moist broadleaf forests,South America,Peru site 2
PER-0045,PER-0045-T01,1987,,0,22.8,Shorea leprosula,-7.19278,-75.80551,0.04,14.0,,Peru,Tropical,Tropical moist broadleaf forests,South America,Peru site 3
PER-0045,PER-0045-T01,1991,1987,0,22.6,Shorea leprosula,-7.19278,-75.80551,0.04,14.0,,Peru,Tropical,Tropical moist broadleaf forests,South America,Peru site 3
PER-0045,PER-0045-T02,1987,,0,31.5,Avicennia germinans,-7.19278,-75.80551,0.04,36.4,,Peru,Tropical,Tropical moist broadleaf forests,South America,Peru site 3
PER-0045,PER-0045-T02,1991,1987,0,31.3,Avicennia germinans,-7.19278,-75.80551,0.04,36.4,,Peru,Tropical,Tropical moist broadleaf forests,South America,Peru site 3
PER-0045,PER-0045-T03,1987,,0,59.9,Shorea leprosula,-7.19278,-75.80551,0.04,11.1,,Peru,Tropical,Tropical moist broadleaf forests,South America,Peru site 3
PER-0045,PER-0045-T03,1991,1987,0,59.1,Shorea leprosula,-7.19278,-75.80551,0.04,11.1,,Peru,Tropical,Tropical moist broadleaf forests,South America,Peru site 3
PER-0045,PER-0045-T04,1987,,0,31.4,Avicennia germinans,-7.19278,-75.80551,0.04,21.4,,Peru,Tropical,Tropical moist broadleaf forests,South America,Peru site 3
PER-0045,PER-0045-T04,1991,1987,0,31.4,Avicennia germinans,-7.19278,-75.80551,0.04,21.4,,Peru,Tropical,Tropical moist broadleaf forests,South America,Peru site 3
PER-0045,PER-0045-T05,1987,,0,31.2,Inga edulis,-7.19278,-75.80551,0.04,25.0,,Peru,Tropical,Tropical moist broadleaf forests,South America,Peru site 3
PER-0045,PER-0045-T05,1991,1987,0,30.2,Inga edulis,-7.19278,-75.80551,0.04,25.0,,Peru,Tropical,Tropical moist broadleaf forests,South America,Peru site 3
PER-0045,PER-0045-T06,1987,,0,59.7,Fagus sylvatica,-7.19278,-75.80551,0.04,15.6,,Peru,Tropical,Tropical moist broadleaf forests,South America,Peru site 3
PER-0045,PER-0045-T06,1991,1987,0,59.9,Fagus sylvatica,-7.19278,-75.80551,0.04,15.6,,Peru,Tropical,Tropical moist broadleaf forests,South America,Peru site 3
PER-0045,PER-0045-T07,1987,,0,27.0,Eucalyptus camaldulensis,-7.19278,-75.80551,0.04,8.9,,Peru,Tropical,Tropical moist broadleaf forests,South America,Peru site 3
PER-0045,PER-0045-T07,1991,1987,0,27.6,Eucalyptus camaldulensis,-7.19278,-75.80551,0.04,8.9,,Peru,Tropical,Tropical moist broadleaf forests,South America,Peru site 3
PER-0045,PER-0045-T08,1987,,0,19.6,Pinus sylvestris,-7.19278,-75.80551,0.04,19.1,,Peru,Tropical,Tropical moist broadleaf forests,South America,Peru site 3
PER-0045,PER-0045-T08,1991,1987,0,19.0,Pinus sylvestris,-7.19278,-75.80551,0.04,19.1,,Peru,Tropical,Tropical moist broadleaf forests,South America,Peru site 3
PER-0045,PER-0045-T09,1987,,0,19.5,Eperua falcata,-7.19278,-75.80551,0.04,25.0,,Peru,Tropical,Tropical moist broadleaf forests,South America,Peru site 3
PER-0045,PER-0045-T09,1991,1987,0,19.1,Eperua falcata,-7.19278,-75.80551,0.04,25.0,,Peru,Tropical,Tropical moist broadleaf forests,South America,Peru site 3
PER-0045,PER-0045-T10,1987,,0,36.5,Tsuga canadensis,-7.19278,-75.80551,0.04,11.1,,Peru,Tropical,Tropical moist broadleaf forests,South America,Peru site 3
PER-0045,PER-0045-T10,1991,1987,0,36.7,Tsuga canadensis,-7.19278,-75.80551,0.04,11.1,,Peru,Tropical,Tropical moist broadleaf forests,South America,Peru site 3
PER-0046,PER-0046-T01,1937,,0,30.8,Khaya ivorensis,-4.24449,-77.0873,0.04,30.7,1.444,Peru,Tropical,Tropical moist broadleaf forests,South America,Peru site 4
PER-0046,PER-0046-T01,1947,1937,0,31.6,Khaya ivorensis,-4.24449,-77.0873,0.04,30.7,1.444,Peru,Tropical,Tropical moist broadleaf forests,South America,Peru site 4
PER-0046,PER-0046-T02,1937,,0,30.7,Shorea leprosula,-4.24449,-77.0873,0.04,11.7,0.787,Peru,Tropical,Tropical moist broadleaf forests,South America,Peru site 4
PER-0046,PER-0046-T02,1947,1937,0,30.9,Shorea leprosula,-4.24449,-77.0873,0.04,11.7,0.787,Peru,Tropical,Tropical moist broadleaf forests,South America,Peru site 4
PER-0046,PER-0046-T03,1937,,0,50.3,Khaya ivorensis,-4.24449,-77.0873,0.04,25.3,0.041,Peru,Tropical,Tropical moist broadleaf forests,South America,Peru site 4
PER-0046,PER-0046-T03,1947,1937,1,51.5,Khaya ivorensis,-4.24449,-77.0873,0.04,25.3,0.041,Peru,Tropical,Tropical moist broadleaf forests,South America,Peru site 4
PER-0046,PER-0046-T04,1937,,0,57.6,Nothofagus pumilio,-4.24449,-77.0873,0.04,9.2,2.909,Peru,Tropical,Tropical moist broadleaf forests,South America,Peru site 4
PER-0046,PER-0046-T04,1947,1937,0,58.5,Nothofagus pumilio,-4.24449,-77.0873,0.04,9.2,2.909,Peru,Tropical,Tropical moist broadleaf forests,South America,Peru site 4
PER-0046,PER-0046-T05,1937,,0,25.1,Shorea leprosula,-4.24449,-77.0873,0.04,18.4,0.377,Peru,Tropical,Tropical moist broadleaf forests,South America,Peru site 4
PER-0046,PER-0046-T05,1947,1937,0,24.3,Shorea leprosula,-4.24449,-77.0873,0.04,18.4,0.377,Peru,Tropical,Tropical moist broadleaf forests,South America,Peru site 4
PER-0047,PER-0047-T01,1967,,0,53.8,Avicennia germinans,-8.5766,-70.73196,0.25,,,Peru,Tropical,Tropical moist broadleaf forests,South America,Peru site 5
PER-0047,PER-0047-T02,1967,,0,53.5,Picea abies,-8.5766,-70.73196,0.25,,,Peru,Tropical,Tropical moist broadleaf forests,South America,Peru site 5
PER-0047,PER-0047-T03,1967,,1,9.6,Picea abies,-8.5766,-70.73196,0.25,,,Peru,Tropical,Tropical moist broadleaf forests,South America,Peru site 5
PER-0047,PER-0047-T04,1967,,0,15.5,Quercus robur,-8.5766,-70.73196,0.25,,,Peru,Tropical,Tropical moist broadleaf forests,South America,Peru site 5
PER-0047,PER-0047-T05,1967,,0,20.2,Cecropia obtusa,-8.5766,-70.73196,0.25,,,Peru,Tropical,Tropical moist broadleaf forests,South America,Peru site 5
PER-0047,PER-0047-T06,1967,,0,52.1,Ocotea aciphylla,-8.5766,-70.73196,0.25,,,Peru,Tropical,Tropical moist broadleaf forests,South America,Peru site 5
PER-0047,PER-0047-T07,1967,,0,58.4,Quercus robur,-8.5766,-70.73196,0.25,,,Peru,Tropical,Tropical moist broadleaf forests,South America,Peru site 5
PER-0047,PER-0047-T08,1967,,1,55.7,Shorea leprosula,-8.5766,-70.73196,0.25,,,Peru,Tropical,Tropical moist broadleaf forests,South America,Peru site 5
PER-0048,PER-0048-T01,1938,,0,22.2,Pinus sylvestris,-10.43568,-77.39948,0.04,28.6,,Peru,Tropical,Tropical moist broadleaf forests,South America,Peru site 6
PER-0048,PER-0048-T01,1943,1938,0,22.5,Pinus sylvestris,-10.43568,-77.39948,0.04,28.6,,Peru,Tropical,Tropical moist broadleaf forests,South America,Peru site 6
PER-0048,PER-0048-T02,1938,,0,32.9,Juniperus thurifera,-10.43568,-77.39948,0.04,11.8,,Peru,Tropical,Tropical moist broadleaf forests,South America,Peru site 6
PER-0048,PER-0048-T02,1943,1938,0,32.9,Juniperus thurifera,-10.43568,-77.39948,0.04,11.8,,Peru,Tropical,Tropical moist broadleaf forests,South America,Peru site 6
PER-0048,PER-0048-T03,1938,,0,42.4,Cecropia obtusa,-10.43568,-77.39948,0.04,28.0,,Peru,Tropical,Tropical moist broadleaf forests,South America,Peru site 6
PER-0048,PER-0048-T03,1943,1938,0,42.6,Cecropia obtusa,-10.43568,-77.39948,0.04,28.0,,Peru,Tropical,Tropical moist broadleaf forests,South America,Peru site 6
PER-0048,PER-0048-T04,1938,,0,25.4,Shorea leprosula,-10.43568,-77.39948,0.04,29.9,,Peru,Tropical,Tropical moist broadleaf forests,South America,Peru site 6
PER-0048,PER-0048-T04,1943,1938,0,25.3,Shorea leprosula,-10.43568,-77.39948,0.04,29.9,,Peru,Tropical,Tropical moist broadleaf forests,South America,Peru site 6
PER-0048,PER-0048-T05,1938,,0,53.1,Nothofagus pumilio,-10.43568,-77.39948,0.04,15.3,,Peru,Tropical,Tropical moist broadleaf forests,South America,Peru site 6
PER-0048,PER-0048-T05,1943,1938,0,52.6,Nothofagus pumilio,-10.43568,-77.39948,0.04,15.3,,Peru,Tropical,Tropical moist broadleaf forests,South America,Peru site 6
PER-0049,PER-0049-T01,1979,,0,19.5,Fagus sylvatica,-7.09894,-72.81892,0.25,,3.024,Peru,Tropical,Tropical moist broadleaf forests,South America,Peru site 7
PER-0049,PER-0049-T02,1979,,0,18.1,Inga edulis,-7.09894,-72.81892,0.25,,0.488,Peru,Tropical,Tropical moist broadleaf forests,South America,Peru site 7
PER-0049,PER-0049-T03,1979,,0,49.1,Juniperus thurifera,-7.09894,-72.81892,0.25,,2.322,Peru,Tropical,Tropical moist broadleaf forests,South America,Peru site 7
PER-0049,PER-0049-T04,1979,,0,46.3,Dipterocarpus grandiflorus,-7.09894,-72.81892,0.25,,2.956,Peru,Tropical,Tropical moist broadleaf forests,South America,Peru site 7
PER-0049,PER-0049-T05,1979,,0,57.4,Picea abies,-7.09894,-72.81892,0.25,,1.0,Peru,Tropical,Tropical moist broadleaf forests,South America,Peru site 7
PER-0049,PER-0049-T06,1979,,0,54.9,Rhizophora mangle,-7.09894,-72.81892,0.25,,2.32,Peru,Tropical,Tropical moist broadleaf forests,South America,Peru site 7
PER-0049,PER-0049-T07,1979,,0,11.7,Tsuga canadensis,-7.09894,-72.81892,0.25,,1.915,Peru,Tropical,Tropical moist broadleaf forests,South America,Peru site 7
PER-0049,PER-0049-T08,1979,,0,43.0,Juniperus thurifera,-7.09894,-72.81892,0.25,,0.68,Peru,Tropical,Tropical moist broadleaf forests,South America,Peru site 7
PER-0050,PER-0050-T01,1994,,0,21.0,Picea abies,-3.51591,-73.99622,0.5,34.8,,Peru,Tropical,Tropical moist broadleaf forests,South America,Peru site 8
PER-0050,PER-0050-T02,1994,,0,33.7,Quercus robur,-3.51591,-73.99622,0.5,23.9,,Peru,Tropical,Tropical moist broadleaf forests,South America,Peru site 8
PER-0050,PER-0050-T03,1994,,0,58.1,Picea abies,-3.51591,-73.99622,0.5,10.5,,Peru,Tropical,Tropical moist broadleaf forests,South America,Peru site 8
PER-0050,PER-0050-T04,1994,,0,29.4,Betula pendula,-3.51591,-73.99622,0.5,20.9,,Peru,Tropical,Tropical moist broadleaf forests,South America,Peru site 8
PER-0050,PER-0050-T05,1994,,0,22.7,Rhizophora mangle,-3.51591,-73.99622,0.5,10.9,,Peru,Tropical,Tropical moist broadleaf forests,South America,Peru site 8
PER-0050,PER-0050-T06,1994,,0,18.5,Cecropia obtusa,-3.51591,-73.99622,0.5,13.7,,Peru,Tropical,Tropical moist broadleaf forests,South America,Peru site 8
PER-0050,PER-0050-T07,1994,,0,36.6,Shorea leprosula,-3.51591,-73.99622,0.5,22.8,,Peru,Tropical,Tropical moist broadleaf forests,South America,Peru site 8
PER-0050,PER-0050-T08,1994,,0,10.7,Milicia excelsa,-3.51591,-73.99622,0.5,15.5,,Peru,Tropical,Tropical moist broadleaf forests,South America,Peru site 8
PER-0050,PER-0050-T09,1994,,0,10.9,Picea abies,-3.51591,-73.99622,0.5,9.1,,Peru,Tropical,Tropical moist broadleaf forests,South America,Peru site 8
PER-0050,PER-0050-T10,1994,,0,36.7,Pinus sylvestris,-3.51591,-73.99622,0.5,16.3,,Peru,Tropical,Tropical moist broadleaf forests,South America,Peru site 8
PER-0051,PER-0051-T01,1941,,0,29.2,Inga edulis,-5.94947,-75.84391,0.04,,0.474,Peru,Tropical,Tropical moist broadleaf forests,South America,Peru site 9
PER-0051,PER-0051-T02,1941,,0,34.7,Shorea leprosula,-5.94947,-75.84391,0.04,,0.786,Peru,Tropical,Tropical moist broadleaf forests,South America,Peru site 9
PER-0051,PER-0051-T03,1941,,0,23.6,Khaya ivorensis,-5.94947,-75.84391,0.04,,2.691,Peru,Tropical,Tropical moist broadleaf forests,South America,Peru site 9
PER-0051,PER-0051-T04,1941,,0,18.0,Picea abies,-5.94947,-75.84391,0.04,,4.087,Peru,Tropical,Tropical moist broadleaf forests,South America,Peru site 9
PER-0051,PER-0051-T05,1941,,0,54.0,Dipterocarpus grandiflorus,-5.94947,-75.84391,0.04,,3.102,Peru,Tropical,Tropical moist broadleaf forests,South America,Peru site 9
PER-0051,PER-0051-T06,1941,,0,11.8,Milicia excelsa,-5.94947,-75.84391,0.04,,0.859,Peru,Tropical,Tropical moist broadleaf forests,South America,Peru site 9
PER-0051,PER-0051-T07,1941,,0,60.0,Betula pendula,-5.94947,-75.84391,0.04,,3.004,Peru,Tropical,Tropical moist broadleaf forests,South America,Peru site 9
PER-0051,PER-0051-T08,1941,,0,17.6,Quercus robur,-5.94947,-75.84391,0.04,,1.202,Peru,Tropical,Tropical moist broadleaf forests,South America,Peru site 9
PER-0051,PER-0051-T09,1941,,0,49.1,Milicia excelsa,-5.94947,-75.84391,0.04,,0.064,Peru,Tropical,Tropical moist broadleaf forests,South America,Peru site 9
PER-0051,PER-0051-T10,1941,,0,39.5,Avicennia germinans,-5.94947,-75.84391,0.04,,2.208,Peru,Tropical,Tropical moist broadleaf forests,South America,Peru site 9
PER-0052,PER-0052-T01,2007,,0,38.6,Quercus robur,-5.9688,-71.13814,0.25,37.7,,Peru,Tropical,Tropical moist broadleaf forests,South America,Peru site 10
PER-0052,PER-0052-T01,2011,2007,0,38.0,Quercus robur,-5.9688,-71.13814,0.25,37.7,,Peru,Tropical,Tropical moist broadleaf forests,South America,Peru site 10
PER-0052,PER-0052-T02,2007,,0,13.4,Picea abies,-5.9688,-71.13814,0.25,32.1,,Peru,Tropical,Tropical moist broadleaf forests,South America,Peru site 10
PER-0052,PER-0052-T02,2011,2007,0,13.0,Picea abies,-5.9688,-71.13814,0.25,32.1,,Peru,Tropical,Tropical moist broadleaf forests,South America,Peru site 10
PER-0052,PER-0052-T03,2007,,1,34.3,Milicia excelsa,-5.9688,-71.13814,0.25,18.9,,Peru,Tropical,Tropical moist broadleaf forests,South America,Peru site 10
PER-0052,PER-0052-T03,2011,2007,0,34.7,Milicia excelsa,-5.9688,-71.13814,0.25,18.9,,Peru,Tropical,Tropical moist broadleaf forests,South America,Peru site 10
PER-0052,PER-0052-T04,2007,,0,54.3,Milicia excelsa,-5.9688,-71.13814,0.25,35.1,,Peru,Tropical,Tropical moist broadleaf forests,South America,Peru site 10
PER-0052,PER-0052-T04,2011,2007,0,55.0,Milicia excelsa,-5.9688,-71.13814,0.25,35.1,,Peru,Tropical,Tropical moist broadleaf forests,South America,Peru site 10
PER-0052,PER-0052-T05,2007,,0,16.0,Quercus robur,-5.9688,-71.13814,0.25,20.3,,Peru,Tropical,Tropical moist broadleaf forests,South America,Peru site 10
PER-0052,PER-0052-T05,2011,2007,1,14.8,Quercus robur,-5.9688,-71.13814,0.25,20.3,,Peru,Tropical,Tropical moist broadleaf forests,South America,Peru site 10
PER-0053,PER-0053-T01,1945,,0,27.4,Cecropia obtusa,-7.11666,-74.69402,0.1,30.3,,Peru,Tropical,Tropical moist broadleaf forests,South America,Peru site 11
PER-0053,PER-0053-T02,1945,,0,42.5,Inga edulis,-7.11666,-74.69402,0.1,37.0,,Peru,Tropical,Tropical moist broadleaf forests,South America,Peru site 11
PER-0053,PER-0053-T03,1945,,0,37.4,Milicia excelsa,-7.11666,-74.69402,0.1,35.4,,Peru,Tropical,Tropical moist broadleaf forests,South America,Peru site 11
PER-0053,PER-0053-T04,1945,,0,17.4,Eucalyptus camaldulensis,-7.11666,-74.69402,0.1,35.3,,Peru,Tropical,Tropical moist broadleaf forests,South America,Peru site 11
PER-0053,PER-0053-T05,1945,,0,29.1,Eperua falcata,-7.11666,-74.69402,0.1,20.5,,Peru,Tropical,Tropical moist broadleaf forests,South America,Peru site 11
PER-0053,PER-0053-T06,1945,,0,18.3,Dipterocarpus grandiflorus,-7.11666,-74.69402,0.1,25.4,,Peru,Tropical,Tropical moist broadleaf forests,South America,Peru site 11
PER-0053,PER-0053-T07,1945,,0,14.6,Quercus ilex,-7.11666,-74.69402,0.1,31.9,,Peru,Tropical,Tropical moist broadleaf forests,South America,Peru site 11
PER-0053,PER-0053-T08,1945,,0,23.6,Ocotea aciphylla,-7.11666,-74.69402,0.1,37.1,,Peru,Tropical,Tropical moist broadleaf forests,South America,Peru site 11
PER-0053,PER-0053-T09,1945,,0,15.9,Milicia excelsa,-7.11666,-74.69402,0.1,28.4,,Peru,Tropical,Tropical moist broadleaf forests,South America,Peru site 11
PER-0054,PER-0054-T01,2004,,0,43.9,Nothofagus pumilio,-3.24168,-73.12903,0.1,17.1,1.311,Peru,Tropical,Tropical moist broadleaf forests,South America,Peru site 12
PER-0054,PER-0054-T01,2014,2004,0,43.9,Nothofagus pumilio,-3.24168,-73.12903,0.1,17.1,1.311,Peru,Tropical,Tropical moist broadleaf forests,South America,Peru site 12
PER-0054,PER-0054-T02,2004,,0,14.7,Juniperus thurifera,-3.24168,-73.12903,0.1,22.7,0.043,Peru,Tropical,Tropical moist broadleaf forests,South America,Peru site 12
PER-0054,PER-0054-T02,2014,2004,0,13.4,Juniperus thurifera,-3.24168,-73.12903,0.1,22.7,0.043,Peru,Tropical,Tropical moist broadleaf forests,South America,Peru site 12
PER-0054,PER-0054-T03,2004,,0,50.4,Dipterocarpus grandiflorus,-3.24168,-73.12903,0.1,23.1,4.314,Peru,Tropical,Tropical moist broadleaf forests,South America,Peru site 12
PER-0054,PER-0054-T03,2014,2004,0,49.9,Dipterocarpus grandiflorus,-3.24168,-73.12903,0.1,23.1,4.314,Peru,Tropical,Tropical moist broadleaf forests,South America,Peru site 12
PER-0054,PER-0054-T04,2004,,1,31.3,Tsuga canadensis,-3.24168,-73.12903,0.1,35.5,1.323,Peru,Tropical,Tropical moist broadleaf forests,South America,Peru site 12
PER-0054,PER-0054-T04,2014,2004,0,30.1,Tsuga canadensis,-3.24168,-73.12903,0.1,35.5,1.323,Peru,Tropical,Tropical moist broadleaf forests,South America,Peru site 12
PER-0054,PER-0054-T05,2004,,0,30.8,Inga edulis,-3.24168,-73.12903,0.1,37.0,0.46,Peru,Tropical,Tropical moist broadleaf forests,South America,Peru site 12
PER-0054,PER-0054-T05,2014,2004,0,30.7,Inga edulis,-3.24168,-73.12903,0.1,37.0,0.46,Peru,Tropical,Tropical moist broadleaf forests,South America,Peru site 12
PER-0054,PER-0054-T06,2004,,0,55.3,Milicia excelsa,-3.24168,-73.12903,0.1,32.1,0.644,Peru,Tropical,Tropical moist broadleaf forests,South America,Peru site 12
PER-0054,PER-0054-T06,2014,2004,0,55.4,Milicia excelsa,-3.24168,-73.12903,0.1,32.1,0.644,Peru,Tropical,Tropical moist broadleaf forests,South America,Peru site 12
PER-0054,PER-0054-T07,2004,,0,12.6,Dipterocarpus grandiflorus,-3.24168,-73.12903,0.1,25.0,2.835,Peru,Tropical,Tropical moist broadleaf forests,South America,Peru site 12
PER-0054,PER-0054-T07,2014,2004,0,13.2,Dipterocarpus grandiflorus,-3.24168,-73.12903,0.1,25.0,2.835,Peru,Tropical,Tropical moist broadleaf forests,South America,Peru site 12
PER-0055,PER-0055-T01,1989,,0,31.9,Eucalyptus camaldulensis,-7.6575,-74.22224,0.5,17.4,4.208,Peru,Tropical,Tropical moist broadleaf forests,South America,Peru site 13
PER-0055,PER-0055-T02,1989,,0,27.1,Rhizophora mangle,-7.6575,-74.22224,0.5,22.0,4.327,Peru,Tropical,Tropical moist broadleaf forests,South America,Peru site 13
PER-0055,PER-0055-T03,1989,,0,9.4,Nothofagus pumilio,-7.6575,-74.22224,0.5,31.0,0.416,Peru,Tropical,Tropical moist broadleaf forests,South America,Peru site 13
PER-0055,PER-0055-T04,1989,,0,50.5,Dipterocarpus grandiflorus,-7.6575,-74.22224,0.5,25.4,1.692,Peru,Tropical,Tropical moist broadleaf forests,South America,Peru site 13
PER-0055,PER-0055-T05,1989,,0,55.4,Juniperus thurifera,-7.6575,-74.22224,0.5,9.6,3.806,Peru,Tropical,Tropical moist broadleaf forests,South America,Peru site 13
PER-0055,PER-0055-T06,1989,,0,8.3,Milicia excelsa,-7.6575,-74.22224,0.5,32.2,3.94,Peru,Tropical,Tropical moist broadleaf forests,South America,Peru site 13
PER-0056,PER-0056-T01,1993,,0,11.0,Pinus sylvestris,-9.45445,-75.61155,1.0,32.9,,Peru,Tropical,Tropical moist broadleaf forests,South America,Peru site 14
PER-0056,PER-0056-T02,1993,,0,40.1,Eperua falcata,-9.45445,-75.61155,1.0,32.7,,Peru,Tropical,Tropical moist broadleaf forests,South America,Peru site 14
PER-0056,PER-0056-T03,1993,,0,54.7,Eperua falcata,-9.45445,-75.61155,1.0,11.6,,Peru,Tropical,Tropical moist broadleaf forests,South America,Peru site 14
PER-0056,PER-0056-T04,1993,,0,47.9,Eucalyptus camaldulensis,-9.45445,-75.61155,1.0,9.6,,Peru,Tropical,Tropical moist broadleaf forests,South America,Peru site 14
PER-0056,PER-0056-T05,1993,,0,38.4,Betula pendula,-9.45445,-75.61155,1.0,37.0,,Peru,Tropical,Tropical moist broadleaf forests,South America,Peru site 14
PER-0057,PER-0057-T01,2012,,0,54.0,Khaya ivorensis,-4.17358,-70.1538,0.1,17.0,1.413,Peru,Tropical,Tropical moist broadleaf forests,South America,Peru site 15
PER-0057,PER-0057-T02,2012,,0,51.5,Quercus robur,-4.17358,-70.1538,0.1,26.7,0.919,Peru,Tropical,Tropical moist broadleaf forests,South America,Peru site 15
PER-0057,PER-0057-T03,2012,,0,40.6,Betula pendula,-4.17358,-70.1538,0.1,11.6,0.454,Peru,Tropical,Tropical moist broadleaf forests,South America,Peru site 15
PER-0057,PER-0057-T04,2012,,0,9.3,Avicennia germinans,-4.17358,-70.1538,0.1,23.2,1.77,Peru,Tropical,Tropical moist broadleaf forests,South America,Peru site 15
PER-0057,PER-0057-T05,2012,,0,29.8,Dipterocarpus grandiflorus,-4.17358,-70.1538,0.1,37.5,3.695,Peru,Tropical,Tropical moist broadleaf forests,South America,Peru site 15
PER-0057,PER-0057-T06,2012,,0,22.1,Nothofagus pumilio,-4.17358,-70.1538,0.1,26.4,1.987,Peru,Tropical,Tropical moist broadleaf forests,South America,Peru site 15
PER-0057,PER-0057-T07,2012,,0,31.3,Picea abies,-4.17358,-70.1538,0.1,27.1,0.848,Peru,Tropical,Tropical moist broadleaf forests,South America,Peru site 15
PER-0057,PER-0057-T08,2012,,0,21.0,Milicia excelsa,-4.17358,-70.1538,0.1,23.3,3.154,Peru,Tropical,Tropical moist broadleaf forests,South America,Peru site 15
PER-0057,PER-0057-T09,2012,,0,23.7,Avicennia germinans,-4.17358,-70.1538,0.1,28.0,4.317,Peru,Tropical,Tropical moist broadleaf forests,South America,Peru site 15
PER-0057,PER-0057-T10,2012,,0,22.9,Milicia excelsa,-4.17358,-70.1538,0.1,19.6,3.603,Peru,Tropical,Tropical moist broadleaf forests,South America,Peru site 15
PER-0058,PER-0058-T01,1941,,0,9.5,Betula pendula,-3.31182,-75.34404,0.04,,2.068,Peru,Tropical,Tropical moist broadleaf forests,South America,Peru site 16
PER-0058,PER-0058-T01,1946,1941,0,9.9,Betula pendula,-3.31182,-75.34404,0.04,,2.068,Peru,Tropical,Tropical moist broadleaf forests,South America,Peru site 16
PER-0058,PER-0058-T02,1941,,0,41.5,Milicia excelsa,-3.31182,-75.34404,0.04,,0.211,Peru,Tropical,Tropical moist broadleaf forests,South America,Peru site 16
PER-0058,PER-0058-T02,1946,1941,0,40.6,Milicia excelsa,-3.31182,-75.34404,0.04,,0.211,Peru,Tropical,Tropical moist broadleaf forests,South America,Peru site 16
PER-0058,PER-0058-T03,1941,,0,8.5,Shorea leprosula,-3.31182,-75.34404,0.04,,0.729,Peru,Tropical,Tropical moist broadleaf forests,South America,Peru site 16
PER-0058,PER-0058-T03,1946,1941,0,7.3,Shorea leprosula,-3.31182,-75.34404,0.04,,0.729,Peru,Tropical,Tropical moist broadleaf forests,South America,Peru site 16
PER-0058,PER-0058-T04,1941,,0,29.1,Eucalyptus camaldulensis,-3.31182,-75.34404,0.04,,0.301,Peru,Tropical,Tropical moist broadleaf forests,South America,Peru site 16
PER-0058,PER-0058-T04,1946,1941,0,29.5,Eucalyptus camaldulensis,-3.31182,-75.34404,0.04,,0.301,Peru,Tropical,Tropical moist broadleaf forests,South America,Peru site 16
PER-0058,PER-0058-T05,1941,,0,23.0,Betula pendula,-3.31182,-75.34404,0.04,,3.436,Peru,Tropical,Tropical moist broadleaf forests,South America,Peru site 16
PER-0058,PER-0058-T05,1946,1941,0,23.7,Betula pendula,-3.31182,-75.34404,0.04,,3.436,Peru,Tropical,Tropical moist broadleaf forests,South America,Peru site 16
PER-0058,PER-0058-T06,1941,,0,60.0,Inga edulis,-3.31182,-75.34404,0.04,,2.734,Peru,Tropical,Tropical moist broadleaf forests,South America,Peru site 16
PER-0058,PER-0058-T06,1946,1941,0,59.6,Inga edulis,-3.31182,-75.34404,0.04,,2.734,Peru,Tropical,Tropical moist broadleaf forests,South America,Peru site 16
PER-0058,PER-0058-T07,1941,,0,15.0,Shorea leprosula,-3.31182,-75.34404,0.04,,1.472,Peru,Tropical,Tropical moist broadleaf forests,South America,Peru site 16
PER-0058,PER-0058-T07,1946,1941,0,15.2,Shorea leprosula,-3.31182,-75.34404,0.04,,1.472,Peru,Tropical,Tropical moist broadleaf forests,South America,Peru site 16
PER-0058,PER-0058-T08,1941,,0,9.6,Fagus sylvatica,-3.31182,-75.34404,0.04,,3.303,Peru,Tropical,Tropical moist broadleaf forests,South America,Peru site 16
PER-0058,PER-0058-T08,1946,1941,0,9.1,Fagus sylvatica,-3.31182,-75.34404,0.04,,3.303,Peru,Tropical,Tropical moist broadleaf forests,South America,Peru site 16
PER-0058,PER-0058-T09,1941,,0,49.0,Eperua falcata,-3.31182,-75.34404,0.04,,4.416,Peru,Tropical,Tropical moist broadleaf forests,South America,Peru site 16
PER-0058,PER-0058-T09,1946,1941,0,48.1,Eperua falcata,-3.31182,-75.34404,0.04,,4.416,Peru,Tropical,Tropical moist broadleaf forests,South America,Peru site 16
PER-0058,PER-0058-T10,1941,,0,47.3,Acer saccharum,-3.31182,-75.34404,0.04,,1.741,Peru,Tropical,Tropical moist broadleaf forests,South America,Peru site 16
PER-0058,PER-0058-T10,1946,1941,0,45.8,Acer saccharum,-3.31182,-75.34404,0.04,,1.741,Peru,Tropical,Tropical moist broadleaf forests,South America,Peru site 16
PER-0058,PER-0058-T11,1941,,0,53.7,Fagus sylvatica,-3.31182,-75.34404,0.04,,0.347,Peru,Tropical,Tropical moist broadleaf forests,South America,Peru site 16
PER-0058,PER-0058-T11,1946,1941,0,53.9,Fagus sylvatica,-3.31182,-75.34404,0.04,,0.347,Peru,Tropical,Tropical moist broadleaf forests,South America,Peru site 16
PER-0059,PER-0059-T01,2010,,0,45.7,Picea abies,-4.33411,-71.18127,1.0,19.3,4.45,Peru,Tropical,Tropical moist broadleaf forests,South America,Peru site 17
PER-0059,PER-0059-T02,2010,,0,18.6,Tsuga canadensis,-4.33411,-71.18127,1.0,22.7,3.061,Peru,Tropical,Tropical moist broadleaf forests,South America,Peru site 17
PER-0059,PER-0059-T03,2010,,0,31.4,Acer saccharum,-4.33411,-71.18127,1.0,23.9,3.559,Peru,Tropical,Tropical moist broadleaf forests,South America,Peru site 17
PER-0059,PER-0059-T04,2010,,0,42.0,Quercus robur,-4.33411,-71.18127,1.0,28.1,0.932,Peru,Tropical,Tropical moist broadleaf forests,South America,Peru site 17
PER-0059,PER-0059-T05,2010,,0,27.4,Quercus robur,-4.33411,-71.18127,1.0,20.2,2.469,Peru,Tropical,Tropical moist broadleaf forests,South America,Peru site 17
PER-0059,PER-0059-T06,2010,,0,44.8,Acer saccharum,-4.33411,-71.18127,1.0,36.7,3.283,Peru,Tropical,Tropical moist broadleaf forests,South America,Peru site 17
PER-0059,PER-0059-T07,2010,,0,52.9,Tsuga canadensis,-4.33411,-71.18127,1.0,25.1,2.142,Peru,Tropical,Tropical moist broadleaf forests,South America,Peru site 17
PER-0060,PER-0060-T01,1987,,0,54.1,Nothofagus pumilio,-5.2791,-74.52823,0.04,,,Peru,Tropical,Tropical moist broadleaf forests,South America,Peru site 18
PER-0060,PER-0060-T02,1987,,0,31.1,Rhizophora mangle,-5.2791,-74.52823,0.04,,,Peru,Tropical,Tropical moist broadleaf forests,South America,Peru site 18
PER-0060,PER-0060-T03,1987,,0,38.7,Pinus sylvestris,-5.2791,-74.52823,0.04,,,Peru,Tropical,Tropical moist broadleaf forests,South America,Peru site 18
PER-0060,PER-0060-T04,1987,,0,24.1,Eucalyptus camaldulensis,-5.2791,-74.52823,0.04,,,Peru,Tropical,Tropical moist broadleaf forests,South America,Peru site 18
PER-0060,PER-0060-T05,1987,,0,10.8,Populus tremula,-5.2791,-74.52823,0.04,,,Peru,Tropical,Tropical moist broadleaf forests,South America,Peru site 18
PER-0060,PER-0060-T06,1987,,0,20.1,Quercus robur,-5.2791,-74.52823,0.04,,,Peru,Tropical,Tropical moist broadleaf forests,South America,Peru site 18
PER-0060,PER-0060-T07,1987,,0,29.1,Shorea leprosula,-5.2791,-74.52823,0.04,,,Peru,Tropical,Tropical moist broadleaf forests,South America,Peru site 18
PER-0060,PER-0060-T08,1987,,0,60.3,Acer saccharum,-5.2791,-74.52823,0.04,,,Peru,Tropical,Tropical moist broadleaf forests,South America,Peru site 18
PER-0060,PER-0060-T09,1987,,0,21.0,Juniperus thurifera,-5.2791,-74.52823,0.04,,,Peru,Tropical,Tropical moist broadleaf forests,South America,Peru site 18
PER-0061,PER-0061-T01,1971,,0,29.6,Dipterocarpus grandiflorus,-10.68987,-73.75067,1.0,9.7,3.145,Peru,Tropical,Tropical moist broadleaf forests,South America,Peru site 19
PER-0061,PER-0061-T01,1981,1971,0,30.1,Dipterocarpus grandiflorus,-10.68987,-73.75067,1.0,9.7,3.145,Peru,Tropical,Tropical moist broadleaf forests,South America,Peru site 19
PER-0061,PER-0061-T02,1971,,0,9.7,Quercus robur,-10.68987,-73.75067,1.0,20.6,0.918,Peru,Tropical,Tropical moist broadleaf forests,South America,Peru site 19
PER-0061,PER-0061-T02,1981,1971,0,9.8,Quercus robur,-10.68987,-73.75067,1.0,20.6,0.918,Peru,Tropical,Tropical moist broadleaf forests,South America,Peru site 19
PER-0061,PER-0061-T03,1971,,0,57.9,Eperua falcata,-10.68987,-73.75067,1.0,27.9,3.955,Peru,Tropical,Tropical moist broadleaf forests,South America,Peru site 19
PER-0061,PER-0061-T03,1981,1971,0,59.1,Eperua falcata,-10.68987,-73.75067,1.0,27.9,3.955,Peru,Tropical,Tropical moist broadleaf forests,South America,Peru site 19
PER-0061,PER-0061-T04,1971,,0,26.7,Fagus sylvatica,-10.68987,-73.75067,1.0,10.1,1.885,Peru,Tropical,Tropical moist broadleaf forests,South America,Peru site 19
PER-0061,PER-0061-T04,1981,1971,0,26.4,Fagus sylvatica,-10.68987,-73.75067,1.0,10.1,1.885,Peru,Tropical,Tropical moist broadleaf forests,South America,Peru site 19
PER-0061,PER-0061-T05,1971,,0,22.6,Betula pendula,-10.68987,-73.75067,1.0,9.3,0.179,Peru,Tropical,Tropical moist broadleaf forests,South America,Peru site 19
PER-0061,PER-0061-T05,1981,1971,0,22.1,Betula pendula,-10.68987,-73.75067,1.0,9.3,0.179,Peru,Tropical,Tropical moist broadleaf forests,South America,Peru site 19
PER-0061,PER-0061-T06,1971,,0,9.2,Populus tremula,-10.68987,-73.75067,1.0,9.7,3.486,Peru,Tropical,Tropical moist broadleaf forests,South America,Peru site 19
PER-0061,PER-0061-T06,1981,1971,0,9.5,Populus tremula,-10.68987,-73.75067,1.0,9.7,3.486,Peru,Tropical,Tropical moist broadleaf forests,South America,Peru site 19
PER-0061,PER-0061-T07,1971,,0,37.8,Quercus robur,-10.68987,-73.75067,1.0,9.6,3.45,Peru,Tropical,Tropical moist broadleaf forests,South America,Peru site 19
PER-0061,PER-0061-T07,1981,1971,0,37.6,Quercus robur,-10.68987,-73.75067,1.0,9.6,3.45,Peru,Tropical,Tropical moist broadleaf forests,South America,Peru site 19
PER-0061,PER-0061-T08,1971,,0,14.4,Rhizophora mangle,-10.68987,-73.75067,1.0,26.5,4.068,Peru,Tropical,Tropical moist broadleaf forests,South America,Peru site 19
PER-0061,PER-0061-T08,1981,1971,0,15.2,Rhizophora mangle,-10.68987,-73.75067,1.0,26.5,4.068,Peru,Tropical,Tropical moist broadleaf forests,South America,Peru site 19
PER-0061,PER-0061-T09,1971,,0,39.8,Pinus sylvestris,-10.68987,-73.75067,1.0,14.8,3.369,Peru,Tropical,Tropical moist broadleaf forests,South America,Peru site 19
PER-0061,PER-0061-T09,1981,1971,0,39.3,Pinus sylvestris,-10.68987,-73.75067,1.0,14.8,3.369,Peru,Tropical,Tropical moist broadleaf forests,South America,Peru site 19
PER-0062,PER-0062-T01,1988,,0,51.9,Populus tremula,-3.90982,-74.27797,0.25,10.3,0.588,Peru,Tropical,Tropical moist broadleaf forests,South America,Peru site 20
PER-0062,PER-0062-T02,1988,,0,25.0,Fagus sylvatica,-3.90982,-74.27797,0.25,26.1,4.009,Peru,Tropical,Tropical moist broadleaf forests,South America,Peru site 20
PER-0062,PER-0062-T03,1988,,0,40.7,Betula pendula,-3.90982,-74.27797,0.25,22.4,0.568,Peru,Tropical,Tropical moist broadleaf forests,South America,Peru site 20
PER-0062,PER-0062-T04,1988,,0,58.7,Shorea leprosula,-3.90982,-74.27797,0.25,14.2,3.18,Peru,Tropical,Tropical moist broadleaf forests,South America,Peru site 20
PER-0062,PER-0062-T05,1988,,0,32.0,Populus tremula,-3.90982,-74.27797,0.25,17.1,1.664,Peru,Tropical,Tropical moist broadleaf forests,South America,Peru site 20
PER-0063,PER-0063-T01,2006,,0,21.2,Khaya ivorensis,-11.04012,-74.94909,0.25,34.8,,Peru,Tropical,Tropical moist broadleaf forests,South America,Peru site 21
PER-0063,PER-0063-T02,2006,,0,35.2,Nothofagus pumilio,-11.04012,-74.94909,0.25,9.6,,Peru,Tropical,Tropical moist broadleaf forests,South America,Peru site 21
PER-0063,PER-0063-T03,2006,,0,34.3,Quercus ilex,-11.04012,-74.94909,0.25,10.4,,Peru,Tropical,Tropical moist broadleaf forests,South America,Peru site 21
PER-0063,PER-0063-T04,2006,,0,20.4,Eucalyptus camaldulensis,-11.04012,-74.94909,0.25,30.3,,Peru,Tropical,Tropical moist broadleaf forests,South America,Peru site 21
PER-0063,PER-0063-T05,2006,,1,47.1,Ocotea aciphylla,-11.04012,-74.94909,0.25,31.6,,Peru,Tropical,Tropical moist broadleaf forests,South America,Peru site 21
PER-0063,PER-0063-T06,2006,,0,45.7,Populus tremula,-11.04012,-74.94909,0.25,27.5,,Peru,Tropical,Tropical moist broadleaf forests,South America,Peru site 21
PER-0063,PER-0063-T07,2006,,0,9.1,Picea abies,-11.04012,-74.94909,0.25,33.1,,Peru,Tropical,Tropical moist broadleaf forests,South America,Peru site 21
PER-0063,PER-0063-T08,2006,,0,28.7,Juniperus thurifera,-11.04012,-74.94909,0.25,32.8,,Peru,Tropical,Tropical moist broadleaf forests,South America,Peru site 21
PER-0063,PER-0063-T09,2006,,1,54.1,Shorea leprosula,-11.04012,-74.94909,0.25,19.5,,Peru,Tropical,Tropical moist broadleaf forests,South America,Peru site 21
PER-0063,PER-0063-T10,2006,,0,28.8,Inga edulis,-11.04012,-74.94909,0.25,9.3,,Peru,Tropical,Tropical moist broadleaf forests,South America,Peru site 21
PER-0063,PER-0063-T11,2006,,0,43.6,Acer saccharum,-11.04012,-74.94909,0.25,24.0,,Peru,Tropical,Tropical moist broadleaf forests,South America,Peru site 21
PER-0064,PER-0064-T01,2019,,0,49.2,Nothofagus pumilio,-3.87359,-71.79407,0.1,36.1,4.097,Peru,Tropical,Tropical moist broadleaf forests,South America,Peru site 22
PER-0064,PER-0064-T02,2019,,0,57.8,Eperua falcata,-3.87359,-71.79407,0.1,35.2,3.65,Peru,Tropical,Tropical moist broadleaf forests,South America,Peru site 22
PER-0064,PER-0064-T03,2019,,0,26.4,Quercus robur,-3.87359,-71.79407,0.1,32.9,1.965,Peru,Tropical,Tropical moist broadleaf forests,South America,Peru site 22
PER-0064,PER-0064-T04,2019,,0,51.6,Fagus sylvatica,-3.87359,-71.79407,0.1,24.6,4.287,Peru,Tropical,Tropical moist broadleaf forests,South America,Peru site 22
PER-0064,PER-0064-T05,2019,,0,54.4,Dipterocarpus grandiflorus,-3.87359,-71.79407,0.1,36.1,2.096,Peru,Tropical,Tropical moist broadleaf forests,South America,Peru site 22
COL-0065,COL-0065-T01,1999,,0,16.8,Shorea leprosula,5.28375,-77.21153,0.25,19.4,3.36,Colombia,Mangrove,Mangroves,South America,Colombia site 1
COL-0065,COL-0065-T01,2009,1999,0,16.5,Shorea leprosula,5.28375,-77.21153,0.25,19.4,3.36,Colombia,Mangrove,Mangroves,South America,Colombia site 1
COL-0065,COL-0065-T02,1999,,0,12.6,Shorea leprosula,5.28375,-77.21153,0.25,15.5,2.452,Colombia,Mangrove,Mangroves,South America,Colombia site 1
COL-0065,COL-0065-T02,2009,1999,0,12.8,Shorea leprosula,5.28375,-77.21153,0.25,15.5,2.452,Colombia,Mangrove,Mangroves,South America,Colombia site 1
COL-0065,COL-0065-T03,1999,,1,21.5,Milicia excelsa,5.28375,-77.21153,0.25,27.6,3.477,Colombia,Mangrove,Mangroves,South America,Colombia site 1
COL-0065,COL-0065-T03,2009,1999,0,21.9,Milicia excelsa,5.28375,-77.21153,0.25,27.6,3.477,Colombia,Mangrove,Mangroves,South America,Colombia site 1
COL-0065,COL-0065-T04,1999,,1,32.0,Acer saccharum,5.28375,-77.21153,0.25,8.5,0.06,Colombia,Mangrove,Mangroves,South America,Colombia site 1
COL-0065,COL-0065-T04,2009,1999,0,32.3,Acer saccharum,5.28375,-77.21153,0.25,8.5,0.06,Colombia,Mangrove,Mangroves,South America,Colombia site 1
COL-0065,COL-0065-T05,1999,,0,11.2,Cecropia obtusa,5.28375,-77.21153,0.25,36.2,1.258,Colombia,Mangrove,Mangroves,South America,Colombia site 1
COL-0065,COL-0065-T05,2009,1999,0,10.7,Cecropia obtusa,5.28375,-77.21153,0.25,36.2,1.258,Colombia,Mangrove,Mangroves,South America,Colombia site 1
COL-0065,COL-0065-T06,1999,,0,22.0,Shorea leprosula,5.28375,-77.21153,0.25,22.8,1.039,Colombia,Mangrove,Mangroves,South America,Colombia site 1
COL-0065,COL-0065-T06,2009,1999,0,21.5,Shorea leprosula,5.28375,-77.21153,0.25,22.8,1.039,Colombia,Mangrove,Mangroves,South America,Colombia site 1
COL-0065,COL-0065-T07,1999,,0,10.1,Khaya ivorensis,5.28375,-77.21153,0.25,28.5,3.875,Colombia,Mangrove,Mangroves,South America,Colombia site 1
COL-0065,COL-0065-T07,2009,1999,0,11.0,Khaya ivorensis,5.28375,-77.21153,0.25,28.5,3.875,Colombia,Mangrove,Mangroves,South America,Colombia site 1
COL-0065,COL-0065-T08,1999,,0,60.7,Shorea leprosula,5.28375,-77.21153,0.25,8.5,3.805,Colombia,Mangrove,Mangroves,South America,Colombia site 1
COL-0065,COL-0065-T08,2009,1999,0,59.8,Shorea leprosula,5.28375,-77.21153,0.25,8.5,3.805,Colombia,Mangrove,Mangroves,South America,Colombia site 1
COL-0065,COL-0065-T09,1999,,0,12.2,Picea abies,5.28375,-77.21153,0.25,21.3,2.309,Colombia,Mangrove,Mangroves,South America,Colombia site 1
COL-0065,COL-0065-T09,2009,1999,0,12.2,Picea abies,5.28375,-77.21153,0.25,21.3,2.309,Colombia,Mangrove,Mangroves,South America,Colombia site 1
COL-0066,COL-0066-T01,1995,,0,42.7,Pinus sylvestris,6.21498,-77.5482,0.1,,,Colombia,Tropical,Mangroves,South America,Colombia site 2
COL-0066,COL-0066-T02,1995,,0,9.3,Betula pendula,6.21498,-77.5482,0.1,,,Colombia,Tropical,Mangroves,South America,Colombia site 2
COL-0066,COL-0066-T03,1995,,0,26.1,Ocotea aciphylla,6.21498,-77.5482,0.1,,,Colombia,Tropical,Mangroves,South America,Colombia site 2
COL-0066,COL-0066-T04,1995,,0,28.2,Khaya ivorensis,6.21498,-77.5482,0.1,,,Colombia,Tropical,Mangroves,South America,Colombia site 2
COL-0066,COL-0066-T05,1995,,0,41.6,Dipterocarpus grandiflorus,6.21498,-77.5482,0.1,,,Colombia,Tropical,Mangroves,South America,Colombia site 2
COL-0066,COL-0066-T06,1995,,0,23.7,Fagus sylvatica,6.21498,-77.5482,0.1,,,Colombia,Tropical,Mangroves,South America,Colombia site 2
COL-0066,COL-0066-T07,1995,,0,9.4,Juniperus thurifera,6.21498,-77.5482,0.1,,,Colombia,Tropical,Mangroves,South America,Colombia site 2
COL-0066,COL-0066-T08,1995,,0,35.6,Eperua falcata,6.21498,-77.5482,0.1,,,Colombia,Tropical,Mangroves,South America,Colombia site 2
COL-0067,COL-0067-T01,1992,,0,46.5,Juniperus thurifera,6.09307,-73.96303,0.25,36.2,,Colombia,Tropical,Mangroves,South America,Colombia site 3
COL-0067,COL-0067-T02,1992,,0,9.8,Juniperus thurifera,6.09307,-73.96303,0.25,29.8,,Colombia,Tropical,Mangroves,South America,Colombia site 3
COL-0067,COL-0067-T03,1992,,0,12.2,Khaya ivorensis,6.09307,-73.96303,0.25,10.3,,Colombia,Tropical,Mangroves,South America,Colombia site 3
COL-0067,COL-0067-T04,1992,,0,38.5,Populus tremula,6.09307,-73.96303,0.25,37.9,,Colombia,Tropical,Mangroves,South America,Colombia site 3
COL-0067,COL-0067-T05,1992,,0,37.1,Cecropia obtusa,6.09307,-73.96303,0.25,11.6,,Colombia,Tropical,Mangroves,South America,Colombia site 3
COL-0067,COL-0067-T06,1992,,0,40.8,Fagus sylvatica,6.09307,-73.96303,0.25,27.8,,Colombia,Tropical,Mangroves,South America,Colombia site 3
COL-0067,COL-0067-T07,1992,,0,22.5,Eperua falcata,6.09307,-73.96303,0.25,33.1,,Colombia,Tropical,Mangroves,South America,Colombia site 3
COL-0067,COL-0067-T08,1992,,0,25.7,Populus tremula,6.09307,-73.96303,0.25,32.0,,Colombia,Tropical,Mangroves,South America,Colombia site 3
COL-0067,COL-0067-T09,1992,,0,32.6,Populus tremula,6.09307,-73.96303,0.25,30.4,,Colombia,Tropical,Mangroves,South America,Colombia site 3
COL-0068,COL-0068-T01,1978,,0,47.6,Rhizophora mangle,7.71864,-75.21439,0.25,34.4,1.641,Colombia,Mangrove,Mangroves,South America,Colombia site 4
COL-0068,COL-0068-T02,1978,,0,12.1,Eucalyptus camaldulensis,7.71864,-75.21439,0.25,18.9,2.189,Colombia,Mangrove,Mangroves,South America,Colombia site 4
COL-0068,COL-0068-T03,1978,,0,20.4,Cecropia obtusa,7.71864,-75.21439,0.25,32.8,4.441,Colombia,Mangrove,Mangroves,South America,Colombia site 4
COL-0068,COL-0068-T04,1978,,0,49.9,Populus tremula,7.71864,-75.21439,0.25,20.2,2.64,Colombia,Mangrove,Mangroves,South America,Colombia site 4
COL-0068,COL-0068-T05,1978,,0,51.0,Shorea leprosula,7.71864,-75.21439,0.25,18.2,0.548,Colombia,Mangrove,Mangroves,South America,Colombia site 4
COL-0068,COL-0068-T06,1978,,0,61.1,Eucalyptus camaldulensis,7.71864,-75.21439,0.25,25.3,2.854,Colombia,Mangrove,Mangroves,South America,Colombia site 4
COL-0069,COL-0069-T01,2004,,0,8.8,Rhizophora mangle,8.03438,-73.54116,1.0,11.6,,Colombia,Mangrove,Mangroves,South America,Colombia site 5
COL-0069,COL-0069-T02,2004,,0,46.4,Nothofagus pumilio,8.03438,-73.54116,1.0,22.1,,Colombia,Mangrove,Mangroves,South America,Colombia site 5
COL-0069,COL-0069-T03,2004,,0,53.0,Fagus sylvatica,8.03438,-73.54116,1.0,8.7,,Colombia,Mangrove,Mangroves,South America,Colombia site 5
COL-0069,COL-0069-T04,2004,,0,15.1,Pinus sylvestris,8.03438,-73.54116,1.0,34.0,,Colombia,Mangrove,Mangroves,South America,Colombia site 5
COL-0069,COL-0069-T05,2004,,0,27.1,Cecropia obtusa,8.03438,-73.54116,1.0,20.1,,Colombia,Mangrove,Mangroves,South America,Colombia site 5
COL-0069,COL-0069-T06,2004,,0,14.4,Dipterocarpus grandiflorus,8.03438,-73.54116,1.0,34.9,,Colombia,Mangrove,Mangroves,South America,Colombia site 5
COL-0070,COL-0070-T01,1978,,0,13.8,Quercus ilex,6.00226,-76.58332,0.25,29.7,,Colombia,Tropical,Mangroves,South America,Colombia site 6
COL-0070,COL-0070-T01,1988,1978,0,13.6,Quercus ilex,6.00226,-76.58332,0.25,29.7,,Colombia,Tropical,Mangroves,South America,Colombia site 6
COL-0070,COL-0070-T02,1978,,0,32.3,Khaya ivorensis,6.00226,-76.58332,0.25,33.0,,Colombia,Tropical,Mangroves,South America,Colombia site 6
COL-0070,COL-0070-T02,1988,1978,0,31.6,Khaya ivorensis,6.00226,-76.58332,0.25,33.0,,Colombia,Tropical,Mangroves,South America,Colombia site 6
COL-0070,COL-0070-T03,1978,,0,57.5,Juniperus thurifera,6.00226,-76.58332,0.25,36.1,,Colombia,Tropical,Mangroves,South America,Colombia site 6
COL-0070,COL-0070-T03,1988,1978,0,56.9,Juniperus thurifera,6.00226,-76.58332,0.25,36.1,,Colombia,Tropical,Mangroves,South America,Colombia site 6
COL-0070,COL-0070-T04,1978,,0,32.5,Khaya ivorensis,6.00226,-76.58332,0.25,17.6,,Colombia,Tropical,Mangroves,South America,Colombia site 6
COL-0070,COL-0070-T04,1988,1978,0,31.6,Khaya ivorensis,6.00226,-76.58332,0.25,17.6,,Colombia,Tropical,Mangroves,South America,Colombia site 6
COL-0070,COL-0070-T05,1978,,0,24.1,Populus tremula,6.00226,-76.58332,0.25,18.2,,Colombia,Tropical,Mangroves,South America,Colombia site 6
COL-0070,COL-0070-T05,1988,1978,0,23.5,Populus tremula,6.00226,-76.58332,0.25,18.2,,Colombia,Tropical,Mangroves,South America,Colombia site 6
COL-0070,COL-0070-T06,1978,,0,23.4,Cecropia obtusa,6.00226,-76.58332,0.25,19.5,,Colombia,Tropical,Mangroves,South America,Colombia site 6
COL-0070,COL-0070-T06,1988,1978,0,21.9,Cecropia obtusa,6.00226,-76.58332,0.25,19.5,,Colombia,Tropical,Mangroves,South America,Colombia site 6
COL-0070,COL-0070-T07,1978,,0,31.2,Tsuga canadensis,6.00226,-76.58332,0.25,16.3,,Colombia,Tropical,Mangroves,South America,Colombia site 6
COL-0070,COL-0070-T07,1988,1978,0,31.1,Tsuga canadensis,6.00226,-76.58332,0.25,16.3,,Colombia,Tropical,Mangroves,South America,Colombia site 6
COL-0070,COL-0070-T08,1978,,0,22.8,Dipterocarpus grandiflorus,6.00226,-76.58332,0.25,21.2,,Colombia,Tropical,Mangroves,South America,Colombia site 6
COL-0070,COL-0070-T08,1988,1978,0,23.6,Dipterocarpus grandiflorus,6.00226,-76.58332,0.25,21.2,,Colombia,Tropical,Mangroves,South America,Colombia site 6
COL-0070,COL-0070-T09,1978,,0,57.9,Picea abies,6.00226,-76.58332,0.25,28.0,,Colombia,Tropical,Mangroves,South America,Colombia site 6
COL-0070,COL-0070-T09,1988,1978,0,58.8,Picea abies,6.00226,-76.58332,0.25,28.0,,Colombia,Tropical,Mangroves,South America,Colombia site 6
COL-0071,COL-0071-T01,1937,,0,59.8,Fagus sylvatica,5.00158,-72.06707,1.0,24.2,,Colombia,Mangrove,Mangroves,South America,Colombia site 7
COL-0071,COL-0071-T01,1947,1937,1,60.9,Fagus sylvatica,5.00158,-72.06707,1.0,24.2,,Colombia,Mangrove,Mangroves,South America,Colombia site 7
COL-0071,COL-0071-T02,1937,,0,23.2,Tsuga canadensis,5.00158,-72.06707,1.0,36.4,,Colombia,Mangrove,Mangroves,South America,Colombia site 7
COL-0071,COL-0071-T02,1947,1937,0,22.6,Tsuga canadensis,5.00158,-72.06707,1.0,36.4,,Colombia,Mangrove,Mangroves,South America,Colombia site 7
COL-0071,COL-0071-T03,1937,,0,46.7,Picea abies,5.00158,-72.06707,1.0,35.6,,Colombia,Mangrove,Mangroves,South America,Colombia site 7
COL-0071,COL-0071-T03,1947,1937,0,45.9,Picea abies,5.00158,-72.06707,1.0,35.6,,Colombia,Mangrove,Mangroves,South America,Colombia site 7
COL-0071,COL-0071-T04,1937,,0,61.6,Betula pendula,5.00158,-72.06707,1.0,29.9,,Colombia,Mangrove,Mangroves,South America,Colombia site 7
COL-0071,COL-0071-T04,1947,1937,0,61.0,Betula pendula,5.00158,-72.06707,1.0,29.9,,Colombia,Mangrove,Mangroves,South America,Colombia site 7
COL-0071,COL-0071-T05,1937,,0,25.7,Pinus sylvestris,5.00158,-72.06707,1.0,23.2,,Colombia,Mangrove,Mangroves,South America,Colombia site 7
COL-0071,COL-0071-T05,1947,1937,0,25.4,Pinus sylvestris,5.00158,-72.06707,1.0,23.2,,Colombia,Mangrove,Mangroves,South America,Colombia site 7
COL-0072,COL-0072-T01,1984,,0,56.2,Eperua falcata,2.98934,-72.80131,0.1,9.2,,Colombia,Mangrove,Mangroves,South America,Colombia site 8
COL-0072,COL-0072-T02,1984,,0,25.1,Eucalyptus camaldulensis,2.98934,-72.80131,0.1,33.2,,Colombia,Mangrove,Mangroves,South America,Colombia site 8
COL-0072,COL-0072-T03,1984,,1,9.9,Khaya ivorensis,2.98934,-72.80131,0.1,27.0,,Colombia,Mangrove,Mangroves,South America,Colombia site 8
COL-0072,COL-0072-T04,1984,,0,39.7,Betula pendula,2.98934,-72.80131,0.1,34.2,,Colombia,Mangrove,Mangroves,South America,Colombia site 8
COL-0072,COL-0072-T05,1984,,0,22.3,Tsuga canadensis,2.98934,-72.80131,0.1,12.5,,Colombia,Mangrove,Mangroves,South America,Colombia site 8
COL-0072,COL-0072-T06,1984,,0,23.3,Avicennia germinans,2.98934,-72.80131,0.1,14.0,,Colombia,Mangrove,Mangroves,South America,Colombia site 8
COL-0072,COL-0072-T07,1984,,1,54.3,Eucalyptus camaldulensis,2.98934,-72.80131,0.1,30.5,,Colombia,Mangrove,Mangroves,South America,Colombia site 8
COL-0072,COL-0072-T08,1984,,0,34.5,Pinus sylvestris,2.98934,-72.80131,0.1,26.3,,Colombia,Mangrove,Mangroves,South America,Colombia site 8
COL-0072,COL-0072-T09,1984,,0,30.6,Fagus sylvatica,2.98934,-72.80131,0.1,15.9,,Colombia,Mangrove,Mangroves,South America,Colombia site 8
COL-0072,COL-0072-T10,1984,,0,20.7,Juniperus thurifera,2.98934,-72.80131,0.1,18.5,,Colombia,Mangrove,Mangroves,South America,Colombia site 8
COL-0073,COL-0073-T01,1942,,0,53.4,Dipterocarpus grandiflorus,6.28621,-73.3319,1.0,34.3,,Colombia,Mangrove,Mangroves,South America,Colombia site 9
COL-0073,COL-0073-T02,1942,,0,51.0,Avicennia germinans,6.28621,-73.3319,1.0,19.8,,Colombia,Mangrove,Mangroves,South America,Colombia site 9
COL-0073,COL-0073-T03,1942,,0,24.0,Avicennia germinans,6.28621,-73.3319,1.0,14.6,,Colombia,Mangrove,Mangroves,South America,Colombia site 9
COL-0073,COL-0073-T04,1942,,0,30.7,Dipterocarpus grandiflorus,6.28621,-73.3319,1.0,21.4,,Colombia,Mangrove,Mangroves,South America,Colombia site 9
COL-0073,COL-0073-T05,1942,,0,14.3,Cecropia obtusa,6.28621,-73.3319,1.0,21.9,,Colombia,Mangrove,Mangroves,South America,Colombia site 9
COL-0073,COL-0073-T06,1942,,0,26.8,Picea abies,6.28621,-73.3319,1.0,19.9,,Colombia,Mangrove,Mangroves,South America,Colombia site 9
COL-0074,COL-0074-T01,2001,,0,40.5,Avicennia germinans,5.83646,-77.35223,0.5,28.6,0.15,Colombia,Tropical,Mangroves,South America,Colombia site 10
COL-0074,COL-0074-T02,2001,,0,56.0,Tsuga canadensis,5.83646,-77.35223,0.5,31.5,0.292,Colombia,Tropical,Mangroves,South America,Colombia site 10
COL-0074,COL-0074-T03,2001,,0,44.4,Shorea leprosula,5.83646,-77.35223,0.5,20.3,3.644,Colombia,Tropical,Mangroves,South America,Colombia site 10
COL-0074,COL-0074-T04,2001,,0,57.3,Shorea leprosula,5.83646,-77.35223,0.5,16.0,3.282,Colombia,Tropical,Mangroves,South America,Colombia site 10
COL-0074,COL-0074-T05,2001,,0,24.7,Fagus sylvatica,5.83646,-77.35223,0.5,20.3,2.585,Colombia,Tropical,Mangroves,South America,Colombia site 10
COL-0074,COL-0074-T06,2001,,0,50.1,Tsuga canadensis,5.83646,-77.35223,0.5,11.3,4.358,Colombia,Tropical,Mangroves,South America,Colombia site 10
COL-0074,COL-0074-T07,2001,,0,40.7,Betula pendula,5.83646,-77.35223,0.5,8.6,3.256,Colombia,Tropical,Mangroves,South America,Colombia site 10
COL-0074,COL-0074-T08,2001,,0,50.1,Pinus sylvestris,5.83646,-77.35223,0.5,18.0,1.6,Colombia,Tropical,Mangroves,South America,Colombia site 10
COL-0075,COL-0075-T01,2009,,0,10.7,Khaya ivorensis,5.87179,-73.24142,0.04,,,Colombia,Tropical,Mangroves,South America,Colombia site 11
COL-0075,COL-0075-T02,2009,,0,18.7,Nothofagus pumilio,5.87179,-73.24142,0.04,,,Colombia,Tropical,Mangroves,South America,Colombia site 11
COL-0075,COL-0075-T03,2009,,0,29.4,Nothofagus pumilio,5.87179,-73.24142,0.04,,,Colombia,Tropical,Mangroves,South America,Colombia site 11
COL-0075,COL-0075-T04,2009,,0,51.3,Dipterocarpus grandiflorus,5.87179,-73.24142,0.04,,,Colombia,Tropical,Mangroves,South America,Colombia site 11
COL-0075,COL-0075-T05,2009,,0,30.3,Eperua falcata,5.87179,-73.24142,0.04,,,Colombia,Tropical,Mangroves,South America,Colombia site 11
COL-0076,COL-0076-T01,2014,,0,9.9,Quercus robur,2.85577,-75.43942,0.25,8.6,4.233,Colombia,Tropical,Mangroves,South America,Colombia site 12
COL-0076,COL-0076-T02,2014,,1,50.7,Inga edulis,2.85577,-75.43942,0.25,9.3,1.288,Colombia,Tropical,Mangroves,South America,Colombia site 12
COL-0076,COL-0076-T03,2014,,0,49.7,Khaya ivorensis,2.85577,-75.43942,0.25,15.4,1.241,Colombia,Tropical,Mangroves,South America,Colombia site 12
COL-0076,COL-0076-T04,2014,,0,43.4,Inga edulis,2.85577,-75.43942,0.25,11.9,3.338,Colombia,Tropical,Mangroves,South America,Colombia site 12
COL-0076,COL-0076-T05,2014,,0,12.1,Pinus sylvestris,2.85577,-75.43942,0.25,23.1,3.172,Colombia,Tropical,Mangroves,South America,Colombia site 12
COL-0076,COL-0076-T06,2014,,0,8.8,Quercus robur,2.85577,-75.43942,0.25,32.9,2.73,Colombia,Tropical,Mangroves,South America,Colombia site 12
COL-0077,COL-0077-T01,1946,,0,50.8,Juniperus thurifera,7.05428,-76.02212,0.04,13.8,,Colombia,Mangrove,Mangroves,South America,Colombia site 13
COL-0077,COL-0077-T02,1946,,0,50.4,Dipterocarpus grandiflorus,7.05428,-76.02212,0.04,20.8,,Colombia,Mangrove,Mangroves,South America,Colombia site 13
COL-0077,COL-0077-T03,1946,,0,22.8,Dipterocarpus grandiflorus,7.05428,-76.02212,0.04,14.1,,Colombia,Mangrove,Mangroves,South America,Colombia site 13
COL-0077,COL-0077-T04,1946,,0,39.1,Khaya ivorensis,7.05428,-76.02212,0.04,19.3,,Colombia,Mangrove,Mangroves,South America,Colombia site 13
COL-0077,COL-0077-T05,1946,,0,60.2,Populus tremula,7.05428,-76.02212,0.04,24.8,,Colombia,Mangrove,Mangroves,South America,Colombia site 13
COL-0077,COL-0077-T06,1946,,0,35.4,Nothofagus pumilio,7.05428,-76.02212,0.04,19.5,,Colombia,Mangrove,Mangroves,South America,Colombia site 13
COL-0077,COL-0077-T07,1946,,0,59.4,Inga edulis,7.05428,-76.02212,0.04,30.9,,Colombia,Mangrove,Mangroves,South America,Colombia site 13
COL-0077,COL-0077-T08,1946,,0,20.1,Rhizophora mangle,7.05428,-76.02212,0.04,37.3,,Colombia,Mangrove,Mangroves,South America,Colombia site 13
COL-0077,COL-0077-T09,1946,,0,32.1,Populus tremula,7.05428,-76.02212,0.04,22.3,,Colombia,Mangrove,Mangroves,South America,Colombia site 13
COL-0077,COL-0077-T10,1946,,0,26.0,Dipterocarpus grandiflorus,7.05428,-76.02212,0.04,32.3,,Colombia,Mangrove,Mangroves,South America,Colombia site 13
COL-0078,COL-0078-T01,1944,,0,17.1,Nothofagus pumilio,3.91465,-74.05958,0.1,,3.894,Colombia,Mangrove,Mangroves,South America,Colombia site 14
COL-0078,COL-0078-T02,1944,,0,12.5,Populus tremula,3.91465,-74.05958,0.1,,1.826,Colombia,Mangrove,Mangroves,South America,Colombia site 14
COL-0078,COL-0078-T03,1944,,0,47.0,Eucalyptus camaldulensis,3.91465,-74.05958,0.1,,2.559,Colombia,Mangrove,Mangroves,South America,Colombia site 14
COL-0078,COL-0078-T04,1944,,0,21.6,Avicennia germinans,3.91465,-74.05958,0.1,,1.415,Colombia,Mangrove,Mangroves,South America,Colombia site 14
COL-0078,COL-0078-T05,1944,,0,10.0,Betula pendula,3.91465,-74.05958,0.1,,3.107,Colombia,Mangrove,Mangroves,South America,Colombia site 14
COL-0079,COL-0079-T01,1946,,0,22.5,Quercus robur,7.92048,-73.83917,0.04,14.3,,Colombia,Mangrove,Mangroves,South America,Colombia site 15
COL-0079,COL-0079-T02,1946,,0,37.5,Avicennia germinans,7.92048,-73.83917,0.04,17.4,,Colombia,Mangrove,Mangroves,South America,Colombia site 15
COL-0079,COL-0079-T03,1946,,0,32.9,Eperua falcata,7.92048,-73.83917,0.04,22.5,,Colombia,Mangrove,Mangroves,South America,Colombia site 15
COL-0079,COL-0079-T04,1946,,0,57.7,Pinus sylvestris,7.92048,-73.83917,0.04,20.8,,Colombia,Mangrove,Mangroves,South America,Colombia site 15
COL-0079,COL-0079-T05,1946,,0,48.9,Betula pendula,7.92048,-73.83917,0.04,12.9,,Colombia,Mangrove,Mangroves,South America,Colombia site 15
COL-0079,COL-0079-T06,1946,,0,18.7,Acer saccharum,7.92048,-73.83917,0.04,34.1,,Colombia,Mangrove,Mangroves,South America,Colombia site 15
COL-0079,COL-0079-T07,1946,,0,34.7,Cecropia obtusa,7.92048,-73.83917,0.04,26.8,,Colombia,Mangrove,Mangroves,South America,Colombia site 15
COL-0079,COL-0079-T08,1946,,0,48.4,Betula pendula,7.92048,-73.83917,0.04,24.4,,Colombia,Mangrove,Mangroves,South America,Colombia site 15
COL-0079,COL-0079-T09,1946,,0,14.3,Dipterocarpus grandiflorus,7.92048,-73.83917,0.04,37.9,,Colombia,Mangrove,Mangroves,South America,Colombia site 15
COL-0079,COL-0079-T10,1946,,0,22.6,Milicia excelsa,7.92048,-73.83917,0.04,17.7,,Colombia,Mangrove,Mangroves,South America,Colombia site 15
COL-0079,COL-0079-T11,1946,,0,43.1,Juniperus thurifera,7.92048,-73.83917,0.04,12.2,,Colombia,Mangrove,Mangroves,South America,Colombia site 15
COL-0080,COL-0080-T01,1971,,0,59.4,Quercus ilex,10.74629,-77.44945,1.0,19.1,2.728,Colombia,Mangrove,Mangroves,South America,Colombia site 16
COL-0080,COL-0080-T02,1971,,0,58.6,Tsuga canadensis,10.74629,-77.44945,1.0,35.8,3.246,Colombia,Mangrove,Mangroves,South America,Colombia site 16
COL-0080,COL-0080-T03,1971,,0,16.9,Betula pendula,10.74629,-77.44945,1.0,29.5,2.143,Colombia,Mangrove,Mangroves,South America,Colombia site 16
COL-0080,COL-0080-T04,1971,,0,16.1,Acer saccharum,10.74629,-77.44945,1.0,10.0,4.397,Colombia,Mangrove,Mangroves,South America,Colombia site 16
COL-0080,COL-0080-T05,1971,,0,18.8,Tsuga canadensis,10.74629,-77.44945,1.0,10.8,2.074,Colombia,Mangrove,Mangroves,South America,Colombia site 16
COL-0080,COL-0080-T06,1971,,0,33.3,Quercus ilex,10.74629,-77.44945,1.0,12.7,1.59,Colombia,Mangrove,Mangroves,South America,Colombia site 16
COL-0081,COL-0081-T01,1940,,0,42.0,Ocotea aciphylla,4.44893,-74.02837,0.5,35.8,1.25,Colombia,Mangrove,Mangroves,South America,Colombia site 17
COL-0081,COL-0081-T02,1940,,0,39.6,Cecropia obtusa,4.44893,-74.02837,0.5,17.2,2.818,Colombia,Mangrove,Mangroves,South America,Colombia site 17
COL-0081,COL-0081-T03,1940,,0,38.3,Shorea leprosula,4.44893,-74.02837,0.5,27.2,0.928,Colombia,Mangrove,Mangroves,South America,Colombia site 17
COL-0081,COL-0081-T04,1940,,0,47.5,Picea abies,4.44893,-74.02837,0.5,16.4,1.198,Colombia,Mangrove,Mangroves,South America,Colombia site 17
COL-0081,COL-0081-T05,1940,,0,39.7,Eucalyptus camaldulensis,4.44893,-74.02837,0.5,31.0,1.499,Colombia,Mangrove,Mangroves,South America,Colombia site 17
COL-0081,COL-0081-T06,1940,,0,40.7,Juniperus thurifera,4.44893,-74.02837,0.5,37.0,3.323,Colombia,Mangrove,Mangroves,South America,Colombia site 17
COL-0082,COL-0082-T01,1994,,0,8.1,Acer saccharum,5.55737,-74.40405,0.04,15.0,,Colombia,Mangrove,Mangroves,South America,Colombia site 18
COL-0082,COL-0082-T01,1998,1994,0,7.4,Acer saccharum,5.55737,-74.40405,0.04,15.0,,Colombia,Mangrove,Mangroves,South America,Colombia site 18
COL-0082,COL-0082-T02,1994,,0,55.2,Avicennia germinans,5.55737,-74.40405,0.04,17.7,,Colombia,Mangrove,Mangroves,South America,Colombia site 18
COL-0082,COL-0082-T02,1998,1994,0,55.8,Avicennia germinans,5.55737,-74.40405,0.04,17.7,,Colombia,Mangrove,Mangroves,South America,Colombia site 18
COL-0082,COL-0082-T03,1994,,0,33.5,Milicia excelsa,5.55737,-74.40405,0.04,17.1,,Colombia,Mangrove,Mangroves,South America,Colombia site 18
COL-0082,COL-0082-T03,1998,1994,0,33.6,Milicia excelsa,5.55737,-74.40405,0.04,17.1,,Colombia,Mangrove,Mangroves,South America,Colombia site 18
COL-0082,COL-0082-T04,1994,,0,27.2,Avicennia germinans,5.55737,-74.40405,0.04,33.2,,Colombia,Mangrove,Mangroves,South America,Colombia site 18
COL-0082,COL-0082-T04,1998,1994,0,27.9,Avicennia germinans,5.55737,-74.40405,0.04,33.2,,Colombia,Mangrove,Mangroves,South America,Colombia site 18
COL-0082,COL-0082-T05,1994,,0,59.1,Acer saccharum,5.55737,-74.40405,0.04,33.0,,Colombia,Mangrove,Mangroves,South America,Colombia site 18
COL-0082,COL-0082-T05,1998,1994,0,58.5,Acer saccharum,5.55737,-74.40405,0.04,33.0,,Colombia,Mangrove,Mangroves,South America,Colombia site 18
COL-0082,COL-0082-T06,1994,,0,45.0,Shorea leprosula,5.55737,-74.40405,0.04,24.7,,Colombia,Mangrove,Mangroves,South America,Colombia site 18
COL-0082,COL-0082-T06,1998,1994,0,44.3,Shorea leprosula,5.55737,-74.40405,0.04,24.7,,Colombia,Mangrove,Mangroves,South America,Colombia site 18
COL-0082,COL-0082-T07,1994,,0,49.6,Rhizophora mangle,5.55737,-74.40405,0.04,18.4,,Colombia,Mangrove,Mangroves,South America,Colombia site 18
COL-0082,COL-0082-T07,1998,1994,0,49.8,Rhizophora mangle,5.55737,-74.40405,0.04,18.4,,Colombia,Mangrove,Mangroves,South America,Colombia site 18
COL-0082,COL-0082-T08,1994,,0,28.7,Tsuga canadensis,5.55737,-74.40405,0.04,13.4,,Colombia,Mangrove,Mangroves,South America,Colombia site 18
COL-0082,COL-0082-T08,1998,1994,0,29.3,Tsuga canadensis,5.55737,-74.40405,0.04,13.4,,Colombia,Mangrove,Mangroves,South America,Colombia site 18
MEX-0083,MEX-0083-T01,1954,,0,24.8,Juniperus thurifera,21.00013,-91.938,0.04,10.8,,Mexico,Deciduous,Tropical dry broadleaf forests,North America,Mexico site 1
MEX-0083,MEX-0083-T02,1954,,0,35.2,Shorea leprosula,21.00013,-91.938,0.04,8.4,,Mexico,Deciduous,Tropical dry broadleaf forests,North America,Mexico site 1
MEX-0083,MEX-0083-T03,1954,,1,22.8,Khaya ivorensis,21.00013,-91.938,0.04,22.4,,Mexico,Deciduous,Tropical dry broadleaf forests,North America,Mexico site 1
MEX-0083,MEX-0083-T04,1954,,0,22.8,Shorea leprosula,21.00013,-91.938,0.04,9.7,,Mexico,Deciduous,Tropical dry broadleaf forests,North America,Mexico site 1
MEX-0083,MEX-0083-T05,1954,,0,54.6,Quercus robur,21.00013,-91.938,0.04,35.8,,Mexico,Deciduous,Tropical dry broadleaf forests,North America,Mexico site 1
MEX-0084,MEX-0084-T01,2007,,0,17.4,Avicennia germinans,18.43019,-90.338,0.1,,,Mexico,Deciduous,Tropical dry broadleaf forests,North America,Mexico site 2
MEX-0084,MEX-0084-T01,2012,2007,0,17.1,Avicennia germinans,18.43019,-90.338,0.1,,,Mexico,Deciduous,Tropical dry broadleaf forests,North America,Mexico site 2
MEX-0084,MEX-0084-T02,2007,,0,9.6,Ocotea aciphylla,18.43019,-90.338,0.1,,,Mexico,Deciduous,Tropical dry broadleaf forests,North America,Mexico site 2
MEX-0084,MEX-0084-T02,2012,2007,0,10.4,Ocotea aciphylla,18.43019,-90.338,0.1,,,Mexico,Deciduous,Tropical dry broadleaf forests,North America,Mexico site 2
MEX-0084,MEX-0084-T03,2007,,0,12.5,Betula pendula,18.43019,-90.338,0.1,,,Mexico,Deciduous,Tropical dry broadleaf forests,North America,Mexico site 2
MEX-0084,MEX-0084-T03,2012,2007,0,12.9,Betula pendula,18.43019,-90.338,0.1,,,Mexico,Deciduous,Tropical dry broadleaf forests,North America,Mexico site 2
MEX-0084,MEX-0084-T04,2007,,0,13.3,Eperua falcata,18.43019,-90.338,0.1,,,Mexico,Deciduous,Tropical dry broadleaf forests,North America,Mexico site 2
MEX-0084,MEX-0084-T04,2012,2007,0,11.9,Eperua falcata,18.43019,-90.338,0.1,,,Mexico,Deciduous,Tropical dry broadleaf forests,North America,Mexico site 2
MEX-0084,MEX-0084-T05,2007,,0,26.0,Quercus robur,18.43019,-90.338,0.1,,,Mexico,Deciduous,Tropical dry broadleaf forests,North America,Mexico site 2
MEX-0084,MEX-0084-T05,2012,2007,0,25.8,Quercus robur,18.43019,-90.338,0.1,,,Mexico,Deciduous,Tropical dry broadleaf forests,North America,Mexico site 2
MEX-0084,MEX-0084-T06,2007,,0,47.0,Juniperus thurifera,18.43019,-90.338,0.1,,,Mexico,Deciduous,Tropical dry broadleaf forests,North America,Mexico site 2
MEX-0084,MEX-0084-T06,2012,2007,0,47.9,Juniperus thurifera,18.43019,-90.338,0.1,,,Mexico,Deciduous,Tropical dry broadleaf forests,North America,Mexico site 2
MEX-0084,MEX-0084-T07,2007,,0,44.2,Milicia excelsa,18.43019,-90.338,0.1,,,Mexico,Deciduous,Tropical dry broadleaf forests,North America,Mexico site 2
MEX-0084,MEX-0084-T07,2012,2007,0,43.6,Milicia excelsa,18.43019,-90.338,0.1,,,Mexico,Deciduous,Tropical dry broadleaf forests,North America,Mexico site 2
MEX-0084,MEX-0084-T08,2007,,1,17.3,Pinus sylvestris,18.43019,-90.338,0.1,,,Mexico,Deciduous,Tropical dry broadleaf forests,North America,Mexico site 2
MEX-0084,MEX-0084-T08,2012,2007,0,17.2,Pinus sylvestris,18.43019,-90.338,0.1,,,Mexico,Deciduous,Tropical dry broadleaf forests,North America,Mexico site 2
MEX-0084,MEX-0084-T09,2007,,0,48.3,Khaya ivorensis,18.43019,-90.338,0.1,,,Mexico,Deciduous,Tropical dry broadleaf forests,North America,Mexico site 2
MEX-0084,MEX-0084-T09,2012,2007,0,48.6,Khaya ivorensis,18.43019,-90.338,0.1,,,Mexico,Deciduous,Tropical dry broadleaf forests,North America,Mexico site 2
MEX-0084,MEX-0084-T10,2007,,0,33.2,Eperua falcata,18.43019,-90.338,0.1,,,Mexico,Deciduous,Tropical dry broadleaf forests,North America,Mexico site 2
MEX-0084,MEX-0084-T10,2012,2007,0,34.4,Eperua falcata,18.43019,-90.338,0.1,,,Mexico,Deciduous,Tropical dry broadleaf forests,North America,Mexico site 2
MEX-0085,MEX-0085-T01,1988,,0,18.0,Pinus sylvestris,20.67471,-99.23621,0.04,25.7,4.347,Mexico,Deciduous,Tropical dry broadleaf forests,North America,Mexico site 3
MEX-0085,MEX-0085-T01,1992,1988,0,16.9,Pinus sylvestris,20.67471,-99.23621,0.04,25.7,4.347,Mexico,Deciduous,Tropical dry broadleaf forests,North America,Mexico site 3
MEX-0085,MEX-0085-T02,1988,,0,55.4,Pinus sylvestris,20.67471,-99.23621,0.04,36.3,1.399,Mexico,Deciduous,Tropical dry broadleaf forests,North America,Mexico site 3
MEX-0085,MEX-0085-T02,1992,1988,0,55.1,Pinus sylvestris,20.67471,-99.23621,0.04,36.3,1.399,Mexico,Deciduous,Tropical dry broadleaf forests,North America,Mexico site 3
MEX-0085,MEX-0085-T03,1988,,0,24.8,Betula pendula,20.67471,-99.23621,0.04,19.4,1.306,Mexico,Deciduous,Tropical dry broadleaf forests,North America,Mexico site 3
MEX-0085,MEX-0085-T03,1992,1988,0,24.4,Betula pendula,20.67471,-99.23621,0.04,19.4,1.306,Mexico,Deciduous,Tropical dry broadleaf forests,North America,Mexico site 3
MEX-0085,MEX-0085-T04,1988,,0,55.7,Shorea leprosula,20.67471,-99.23621,0.04,13.3,1.341,Mexico,Deciduous,Tropical dry broadleaf forests,North America,Mexico site 3
MEX-0085,MEX-0085-T04,1992,1988,0,55.9,Shorea leprosula,20.67471,-99.23621,0.04,13.3,1.341,Mexico,Deciduous,Tropical dry broadleaf forests,North America,Mexico site 3
MEX-0085,MEX-0085-T05,1988,,0,49.7,Ocotea aciphylla,20.67471,-99.23621,0.04,23.7,3.736,Mexico,Deciduous,Tropical dry broadleaf forests,North America,Mexico site 3
MEX-0085,MEX-0085-T05,1992,1988,0,50.7,Ocotea aciphylla,20.67471,-99.23621,0.04,23.7,3.736,Mexico,Deciduous,Tropical dry broadleaf forests,North America,Mexico site 3
MEX-0086,MEX-0086-T01,1958,,0,38.7,Nothofagus pumilio,19.93305,-98.22854,0.5,37.8,,Mexico,Tropical,Tropical dry broadleaf forests,North America,Mexico site 4
MEX-0086,MEX-0086-T02,1958,,0,51.8,Khaya ivorensis,19.93305,-98.22854,0.5,31.9,,Mexico,Tropical,Tropical dry broadleaf forests,North America,Mexico site 4
MEX-0086,MEX-0086-T03,1958,,0,37.8,Eucalyptus camaldulensis,19.93305,-98.22854,0.5,30.3,,Mexico,Tropical,Tropical dry broadleaf forests,North America,Mexico site 4
MEX-0086,MEX-0086-T04,1958,,0,49.8,Eucalyptus camaldulensis,19.93305,-98.22854,0.5,15.7,,Mexico,Tropical,Tropical dry broadleaf forests,North America,Mexico site 4
MEX-0086,MEX-0086-T05,1958,,0,57.8,Fagus sylvatica,19.93305,-98.22854,0.5,23.5,,Mexico,Tropical,Tropical dry broadleaf forests,North America,Mexico site 4
MEX-0086,MEX-0086-T06,1958,,0,15.6,Avicennia germinans,19.93305,-98.22854,0.5,25.6,,Mexico,Tropical,Tropical dry broadleaf forests,North America,Mexico site 4
MEX-0087,MEX-0087-T01,2002,,0,39.8,Milicia excelsa,17.81692,-97.25326,0.04,9.0,3.162,Mexico,Deciduous,Tropical dry broadleaf forests,North America,Mexico site 5
MEX-0087,MEX-0087-T02,2002,,0,16.6,Quercus robur,17.81692,-97.25326,0.04,22.3,1.528,Mexico,Deciduous,Tropical dry broadleaf forests,North America,Mexico site 5
MEX-0087,MEX-0087-T03,2002,,0,57.3,Acer saccharum,17.81692,-97.25326,0.04,17.2,2.111,Mexico,Deciduous,Tropical dry broadleaf forests,North America,Mexico site 5
MEX-0087,MEX-0087-T04,2002,,0,31.7,Quercus robur,17.81692,-97.25326,0.04,26.5,2.679,Mexico,Deciduous,Tropical dry broadleaf forests,North America,Mexico site 5
MEX-0087,MEX-0087-T05,2002,,0,33.6,Inga edulis,17.81692,-97.25326,0.04,15.3,3.261,Mexico,Deciduous,Tropical dry broadleaf forests,North America,Mexico site 5
MEX-0087,MEX-0087-T06,2002,,0,44.6,Avicennia germinans,17.81692,-97.25326,0.04,17.0,4.369,Mexico,Deciduous,Tropical dry broadleaf forests,North America,Mexico site 5
MEX-0087,MEX-0087-T07,2002,,0,13.8,Eucalyptus camaldulensis,17.81692,-97.25326,0.04,20.8,1.227,Mexico,Deciduous,Tropical dry broadleaf forests,North America,Mexico site 5
MEX-0087,MEX-0087-T08,2002,,0,9.5,Juniperus thurifera,17.81692,-97.25326,0.04,23.4,4.152,Mexico,Deciduous,Tropical dry broadleaf forests,North America,Mexico site 5
MEX-0088,MEX-0088-T01,2019,,0,18.7,Eucalyptus camaldulensis,19.3259,-92.08182,0.04,37.2,,Mexico,Deciduous,Tropical dry broadleaf forests,North America,Mexico site 6
MEX-0088,MEX-0088-T02,2019,,1,43.8,Betula pendula,19.3259,-92.08182,0.04,31.7,,Mexico,Deciduous,Tropical dry broadleaf forests,North America,Mexico site 6
MEX-0088,MEX-0088-T03,2019,,0,24.7,Pinus sylvestris,19.3259,-92.08182,0.04,31.0,,Mexico,Deciduous,Tropical dry broadleaf forests,North America,Mexico site 6
MEX-0088,MEX-0088-T04,2019,,0,29.4,Rhizophora mangle,19.3259,-92.08182,0.04,21.8,,Mexico,Deciduous,Tropical dry broadleaf forests,North America,Mexico site 6
MEX-0088,MEX-0088-T05,2019,,0,55.7,Tsuga canadensis,19.3259,-92.08182,0.04,17.0,,Mexico,Deciduous,Tropical dry broadleaf forests,North America,Mexico site 6
MEX-0088,MEX-0088-T06,2019,,0,54.3,Populus tremula,19.3259,-92.08182,0.04,21.1,,Mexico,Deciduous,Tropical dry broadleaf forests,North America,Mexico site 6
MEX-0088,MEX-0088-T07,2019,,0,45.0,Betula pendula,19.3259,-92.08182,0.04,33.4,,Mexico,Deciduous,Tropical dry broadleaf forests,North America,Mexico site 6
MEX-0088,MEX-0088-T08,2019,,0,16.6,Avicennia germinans,19.3259,-92.08182,0.04,11.0,,Mexico,Deciduous,Tropical dry broadleaf forests,North America,Mexico site 6
MEX-0088,MEX-0088-T09,2019,,0,45.7,Inga edulis,19.3259,-92.08182,0.04,35.4,,Mexico,Deciduous,Tropical dry broadleaf forests,North America,Mexico site 6
MEX-0088,MEX-0088-T10,2019,,0,46.1,Rhizophora mangle,19.3259,-92.08182,0.04,30.9,,Mexico,Deciduous,Tropical dry broadleaf forests,North America,Mexico site 6
MEX-0089,MEX-0089-T01,1940,,0,49.2,Eperua falcata,17.03535,-97.52256,0.5,,,Mexico,Tropical,Tropical dry broadleaf forests,North America,Mexico site 7
MEX-0089,MEX-0089-T02,1940,,0,56.5,Eperua falcata,17.03535,-97.52256,0.5,,,Mexico,Tropical,Tropical dry broadleaf forests,North America,Mexico site 7
MEX-0089,MEX-0089-T03,1940,,0,40.2,Cecropia obtusa,17.03535,-97.52256,0.5,,,Mexico,Tropical,Tropical dry broadleaf forests,North America,Mexico site 7
MEX-0089,MEX-0089-T04,1940,,0,34.4,Ocotea aciphylla,17.03535,-97.52256,0.5,,,Mexico,Tropical,Tropical dry broadleaf forests,North America,Mexico site 7
MEX-0089,MEX-0089-T05,1940,,0,9.5,Juniperus thurifera,17.03535,-97.52256,0.5,,,Mexico,Tropical,Tropical dry broadleaf forests,North America,Mexico site 7
MEX-0089,MEX-0089-T06,1940,,0,49.5,Acer saccharum,17.03535,-97.52256,0.5,,,Mexico,Tropical,Tropical dry broadleaf forests,North America,Mexico site 7
MEX-0090,MEX-0090-T01,1946,,0,52.5,Eucalyptus camaldulensis,19.88383,-99.34088,0.04,26.3,3.388,Mexico,Deciduous,Tropical dry broadleaf forests,North America,Mexico site 8
MEX-0090,MEX-0090-T02,1946,,0,20.4,Khaya ivorensis,19.88383,-99.34088,0.04,23.0,0.218,Mexico,Deciduous,Tropical dry broadleaf forests,North America,Mexico site 8
MEX-0090,MEX-0090-T03,1946,,0,26.3,Pinus sylvestris,19.88383,-99.34088,0.04,27.6,1.927,Mexico,Deciduous,Tropical dry broadleaf forests,North America,Mexico site 8
MEX-0090,MEX-0090-T04,1946,,0,44.5,Inga edulis,19.88383,-99.34088,0.04,22.4,1.189,Mexico,Deciduous,Tropical dry broadleaf forests,North America,Mexico site 8
MEX-0090,MEX-0090-T05,1946,,0,16.8,Acer saccharum,19.88383,-99.34088,0.04,28.5,3.757,Mexico,Deciduous,Tropical dry broadleaf forests,North America,Mexico site 8
MEX-0090,MEX-0090-T06,1946,,0,26.7,Pinus sylvestris,19.88383,-99.34088,0.04,30.0,2.958,Mexico,Deciduous,Tropical dry broadleaf forests,North America,Mexico site 8
MEX-0090,MEX-0090-T07,1946,,0,16.7,Quercus robur,19.88383,-99.34088,0.04,11.9,2.291,Mexico,Deciduous,Tropical dry broadleaf forests,North America,Mexico site 8
MEX-0091,MEX-0091-T01,1952,,0,43.3,Avicennia germinans,17.86139,-93.43945,0.5,28.1,,Mexico,Tropical,Tropical dry broadleaf forests,North America,Mexico site 9
MEX-0091,MEX-0091-T02,1952,,0,24.4,Fagus sylvatica,17.86139,-93.43945,0.5,15.8,,Mexico,Tropical,Tropical dry broadleaf forests,North America,Mexico site 9
MEX-0091,MEX-0091-T03,1952,,0,51.6,Quercus ilex,17.86139,-93.43945,0.5,35.2,,Mexico,Tropical,Tropical dry broadleaf forests,North America,Mexico site 9
MEX-0091,MEX-0091-T04,1952,,0,46.4,Avicennia germinans,17.86139,-93.43945,0.5,33.3,,Mexico,Tropical,Tropical dry broadleaf forests,North America,Mexico site 9
MEX-0091,MEX-0091-T05,1952,,0,50.4,Picea abies,17.86139,-93.43945,0.5,37.4,,Mexico,Tropical,Tropical dry broadleaf forests,North America,Mexico site 9
MEX-0092,MEX-0092-T01,2002,,0,12.3,Milicia excelsa,16.10938,-96.91134,0.1,8.2,,Mexico,Deciduous,Tropical dry broadleaf forests,North America,Mexico site 10
MEX-0092,MEX-0092-T02,2002,,0,21.9,Juniperus thurifera,16.10938,-96.91134,0.1,23.4,,Mexico,Deciduous,Tropical dry broadleaf forests,North America,Mexico site 10
MEX-0092,MEX-0092-T03,2002,,1,31.5,Rhizophora mangle,16.10938,-96.91134,0.1,21.9,,Mexico,Deciduous,Tropical dry broadleaf forests,North America,Mexico site 10
MEX-0092,MEX-0092-T04,2002,,0,32.9,Avicennia germinans,16.10938,-96.91134,0.1,9.5,,Mexico,Deciduous,Tropical dry broadleaf forests,North America,Mexico site 10
MEX-0092,MEX-0092-T05,2002,,0,21.6,Ocotea aciphylla,16.10938,-96.91134,0.1,18.1,,Mexico,Deciduous,Tropical dry broadleaf forests,North America,Mexico site 10
MEX-0092,MEX-0092-T06,2002,,0,37.3,Quercus robur,16.10938,-96.91134,0.1,13.4,,Mexico,Deciduous,Tropical dry broadleaf forests,North America,Mexico site 10
MEX-0092,MEX-0092-T07,2002,,1,32.1,Quercus robur,16.10938,-96.91134,0.1,16.9,,Mexico,Deciduous,Tropical dry broadleaf forests,North America,Mexico site 10
MEX-0092,MEX-0092-T08,2002,,0,27.3,Picea abies,16.10938,-96.91134,0.1,9.1,,Mexico,Deciduous,Tropical dry broadleaf forests,North America,Mexico site 10
MEX-0093,MEX-0093-T01,1941,,0,12.5,Acer saccharum,21.25836,-93.81969,1.0,10.8,3.276,Mexico,Deciduous,Tropical dry broadleaf forests,North America,Mexico site 11
MEX-0093,MEX-0093-T02,1941,,0,56.2,Cecropia obtusa,21.25836,-93.81969,1.0,18.4,2.072,Mexico,Deciduous,Tropical dry broadleaf forests,North America,Mexico site 11
MEX-0093,MEX-0093-T03,1941,,1,38.7,Eucalyptus camaldulensis,21.25836,-93.81969,1.0,9.2,1.483,Mexico,Deciduous,Tropical dry broadleaf forests,North America,Mexico site 11
MEX-0093,MEX-0093-T04,1941,,0,60.7,Quercus ilex,21.25836,-93.81969,1.0,27.1,3.972,Mexico,Deciduous,Tropical dry broadleaf forests,North America,Mexico site 11
MEX-0093,MEX-0093-T05,1941,,0,26.2,Pinus sylvestris,21.25836,-93.81969,1.0,27.1,1.373,Mexico,Deciduous,Tropical dry broadleaf forests,North America,Mexico site 11
MEX-0093,MEX-0093-T06,1941,,0,59.3,Acer saccharum,21.25836,-93.81969,1.0,15.7,2.945,Mexico,Deciduous,Tropical dry broadleaf forests,North America,Mexico site 11
MEX-0094,MEX-0094-T01,1951,,0,60.1,Cecropia obtusa,19.66357,-92.47609,0.5,31.8,2.578,Mexico,Tropical,Tropical dry broadleaf forests,North America,Mexico site 12
MEX-0094,MEX-0094-T02,1951,,0,35.8,Quercus ilex,19.66357,-92.47609,0.5,33.6,1.112,Mexico,Tropical,Tropical dry broadleaf forests,North America,Mexico site 12
MEX-0094,MEX-0094-T03,1951,,0,39.0,Ocotea aciphylla,19.66357,-92.47609,0.5,14.5,4.211,Mexico,Tropical,Tropical dry broadleaf forests,North America,Mexico site 12
MEX-0094,MEX-0094-T04,1951,,0,23.0,Acer saccharum,19.66357,-92.47609,0.5,28.1,2.729,Mexico,Tropical,Tropical dry broadleaf forests,North America,Mexico site 12
MEX-0094,MEX-0094-T05,1951,,0,23.4,Milicia excelsa,19.66357,-92.47609,0.5,8.2,0.948,Mexico,Tropical,Tropical dry broadleaf forests,North America,Mexico site 12
MEX-0094,MEX-0094-T06,1951,,0,15.0,Milicia excelsa,19.66357,-92.47609,0.5,16.0,2.704,Mexico,Tropical,Tropical dry broadleaf forests,North America,Mexico site 12
MEX-0094,MEX-0094-T07,1951,,0,13.2,Eperua falcata,19.66357,-92.47609,0.5,14.7,3.196,Mexico,Tropical,Tropical dry broadleaf forests,North America,Mexico site 12
MEX-0094,MEX-0094-T08,1951,,0,23.5,Quercus ilex,19.66357,-92.47609,0.5,29.4,3.725,Mexico,Tropical,Tropical dry broadleaf forests,North America,Mexico site 12
MEX-0094,MEX-0094-T09,1951,,0,40.1,Khaya ivorensis,19.66357,-92.47609,0.5,24.2,2.151,Mexico,Tropical,Tropical dry broadleaf forests,North America,Mexico site 12
MEX-0094,MEX-0094-T10,1951,,0,26.4,Eperua falcata,19.66357,-92.47609,0.5,18.4,2.011,Mexico,Tropical,Tropical dry broadleaf forests,North America,Mexico site 12
MEX-0094,MEX-0094-T11,1951,,0,19.4,Avicennia germinans,19.66357,-92.47609,0.5,28.9,3.035,Mexico,Tropical,Tropical dry broadleaf forests,North America,Mexico site 12
MEX-0095,MEX-0095-T01,2014,,0,54.0,Milicia excelsa,20.66874,-94.97093,0.5,,,Mexico,Tropical,Tropical dry broadleaf forests,North America,Mexico site 13
MEX-0095,MEX-0095-T02,2014,,0,34.3,Khaya ivorensis,20.66874,-94.97093,0.5,,,Mexico,Tropical,Tropical dry broadleaf forests,North America,Mexico site 13
MEX-0095,MEX-0095-T03,2014,,0,19.2,Pinus sylvestris,20.66874,-94.97093,0.5,,,Mexico,Tropical,Tropical dry broadleaf forests,North America,Mexico site 13
MEX-0095,MEX-0095-T04,2014,,0,24.4,Ocotea aciphylla,20.66874,-94.97093,0.5,,,Mexico,Tropical,Tropical dry broadleaf forests,North America,Mexico site 13
MEX-0095,MEX-0095-T05,2014,,1,44.4,Rhizophora mangle,20.66874,-94.97093,0.5,,,Mexico,Tropical,Tropical dry broadleaf forests,North America,Mexico site 13
MEX-0096,MEX-0096-T01,1935,,0,41.7,Acer saccharum,20.5787,-97.27209,1.0,24.9,1.881,Mexico,Deciduous,Tropical dry broadleaf forests,North America,Mexico site 14
MEX-0096,MEX-0096-T01,1945,1935,0,40.8,Acer saccharum,20.5787,-97.27209,1.0,24.9,1.881,Mexico,Deciduous,Tropical dry broadleaf forests,North America,Mexico site 14
MEX-0096,MEX-0096-T02,1935,,0,28.3,Populus tremula,20.5787,-97.27209,1.0,24.1,1.715,Mexico,Deciduous,Tropical dry broadleaf forests,North America,Mexico site 14
MEX-0096,MEX-0096-T02,1945,1935,0,28.6,Populus tremula,20.5787,-97.27209,1.0,24.1,1.715,Mexico,Deciduous,Tropical dry broadleaf forests,North America,Mexico site 14
MEX-0096,MEX-0096-T03,1935,,0,38.8,Picea abies,20.5787,-97.27209,1.0,13.4,0.733,Mexico,Deciduous,Tropical dry broadleaf forests,North America,Mexico site 14
MEX-0096,MEX-0096-T03,1945,1935,0,38.1,Picea abies,20.5787,-97.27209,1.0,13.4,0.733,Mexico,Deciduous,Tropical dry broadleaf forests,North America,Mexico site 14
MEX-0096,MEX-0096-T04,1935,,0,30.6,Tsuga canadensis,20.5787,-97.27209,1.0,26.0,1.451,Mexico,Deciduous,Tropical dry broadleaf forests,North America,Mexico site 14
MEX-0096,MEX-0096-T04,1945,1935,0,31.6,Tsuga canadensis,20.5787,-97.27209,1.0,26.0,1.451,Mexico,Deciduous,Tropical dry broadleaf forests,North America,Mexico site 14
MEX-0096,MEX-0096-T05,1935,,0,25.2,Khaya ivorensis,20.5787,-97.27209,1.0,24.1,1.777,Mexico,Deciduous,Tropical dry broadleaf forests,North America,Mexico site 14
MEX-0096,MEX-0096-T05,1945,1935,0,25.0,Khaya ivorensis,20.5787,-97.27209,1.0,24.1,1.777,Mexico,Deciduous,Tropical dry broadleaf forests,North America,Mexico site 14
MEX-0096,MEX-0096-T06,1935,,1,16.5,Rhizophora mangle,20.5787,-97.27209,1.0,34.2,1.812,Mexico,Deciduous,Tropical dry broadleaf forests,North America,Mexico site 14
MEX-0096,MEX-0096-T06,1945,1935,0,16.2,Rhizophora mangle,20.5787,-97.27209,1.0,34.2,1.812,Mexico,Deciduous,Tropical dry broadleaf forests,North America,Mexico site 14
MEX-0096,MEX-0096-T07,1935,,0,57.0,Milicia excelsa,20.5787,-97.27209,1.0,19.5,2.946,Mexico,Deciduous,Tropical dry broadleaf forests,North America,Mexico site 14
MEX-0096,MEX-0096-T07,1945,1935,0,57.2,Milicia excelsa,20.5787,-97.27209,1.0,19.5,2.946,Mexico,Deciduous,Tropical dry broadleaf forests,North America,Mexico site 14
MEX-0096,MEX-0096-T08,1935,,0,40.9,Betula pendula,20.5787,-97.27209,1.0,23.1,0.381,Mexico,Deciduous,Tropical dry broadleaf forests,North America,Mexico site 14
MEX-0096,MEX-0096-T08,1945,1935,0,40.1,Betula pendula,20.5787,-97.27209,1.0,23.1,0.381,Mexico,Deciduous,Tropical dry broadleaf forests,North America,Mexico site 14
MEX-0096,MEX-0096-T09,1935,,0,38.7,Acer saccharum,20.5787,-97.27209,1.0,22.2,0.428,Mexico,Deciduous,Tropical dry broadleaf forests,North America,Mexico site 14
MEX-0096,MEX-0096-T09,1945,1935,0,38.7,Acer saccharum,20.5787,-97.27209,1.0,22.2,0.428,Mexico,Deciduous,Tropical dry broadleaf forests,North America,Mexico site 14
MEX-0097,MEX-0097-T01,2007,,0,54.6,Eucalyptus camaldulensis,18.24948,-99.71812,0.04,,,Mexico,Tropical,Tropical dry broadleaf forests,North America,Mexico site 15
MEX-0097,MEX-0097-T02,2007,,0,32.7,Acer saccharum,18.24948,-99.71812,0.04,,,Mexico,Tropical,Tropical dry broadleaf forests,North America,Mexico site 15
MEX-0097,MEX-0097-T03,2007,,0,17.5,Populus tremula,18.24948,-99.71812,0.04,,,Mexico,Tropical,Tropical dry broadleaf forests,North America,Mexico site 15
MEX-0097,MEX-0097-T04,2007,,0,25.4,Tsuga canadensis,18.24948,-99.71812,0.04,,,Mexico,Tropical,Tropical dry broadleaf forests,North America,Mexico site 15
MEX-0097,MEX-0097-T05,2007,,0,19.2,Quercus robur,18.24948,-99.71812,0.04,,,Mexico,Tropical,Tropical dry broadleaf forests,North America,Mexico site 15
MEX-0097,MEX-0097-T06,2007,,0,44.9,Populus tremula,18.24948,-99.71812,0.04,,,Mexico,Tropical,Tropical dry broadleaf forests,North America,Mexico site 15
MEX-0097,MEX-0097-T07,2007,,0,51.0,Populus tremula,18.24948,-99.71812,0.04,,,Mexico,Tropical,Tropical dry broadleaf forests,North America,Mexico site 15
MEX-0097,MEX-0097-T08,2007,,0,42.6,Eucalyptus camaldulensis,18.24948,-99.71812,0.04,,,Mexico,Tropical,Tropical dry broadleaf forests,North America,Mexico site 15
MEX-0097,MEX-0097-T09,2007,,0,55.1,Eperua falcata,18.24948,-99.71812,0.04,,,Mexico,Tropical,Tropical dry broadleaf forests,North America,Mexico site 15
MEX-0098,MEX-0098-T01,1942,,0,47.0,Rhizophora mangle,16.11402,-97.84345,0.1,10.1,,Mexico,Deciduous,Tropical dry broadleaf forests,North America,Mexico site 16
MEX-0098,MEX-0098-T02,1942,,0,44.6,Milicia excelsa,16.11402,-97.84345,0.1,34.0,,Mexico,Deciduous,Tropical dry broadleaf forests,North America,Mexico site 16
MEX-0098,MEX-0098-T03,1942,,0,11.8,Inga edulis,16.11402,-97.84345,0.1,20.5,,Mexico,Deciduous,Tropical dry broadleaf forests,North America,Mexico site 16
MEX-0098,MEX-0098-T04,1942,,0,14.5,Nothofagus pumilio,16.11402,-97.84345,0.1,31.3,,Mexico,Deciduous,Tropical dry broadleaf forests,North America,Mexico site 16
MEX-0098,MEX-0098-T05,1942,,0,46.6,Nothofagus pumilio,16.11402,-97.84345,0.1,21.2,,Mexico,Deciduous,Tropical dry broadleaf forests,North America,Mexico site 16
MEX-0098,MEX-0098-T06,1942,,0,23.8,Fagus sylvatica,16.11402,-97.84345,0.1,20.0,,Mexico,Deciduous,Tropical dry broadleaf forests,North America,Mexico site 16
MEX-0099,MEX-0099-T01,2009,,0,29.6,Ocotea aciphylla,21.02013,-95.00171,1.0,35.8,,Mexico,Deciduous,Tropical dry broadleaf forests,North America,Mexico site 17
MEX-0099,MEX-0099-T01,2013,2009,0,30.0,Ocotea aciphylla,21.02013,-95.00171,1.0,35.8,,Mexico,Deciduous,Tropical dry broadleaf forests,North America,Mexico site 17
MEX-0099,MEX-0099-T02,2009,,0,48.9,Shorea leprosula,21.02013,-95.00171,1.0,25.4,,Mexico,Deciduous,Tropical dry broadleaf forests,North America,Mexico site 17
MEX-0099,MEX-0099-T02,2013,2009,0,48.1,Shorea leprosula,21.02013,-95.00171,1.0,25.4,,Mexico,Deciduous,Tropical dry broadleaf forests,North America,Mexico site 17
MEX-0099,MEX-0099-T03,2009,,0,57.3,Betula pendula,21.02013,-95.00171,1.0,31.9,,Mexico,Deciduous,Tropical dry broadleaf forests,North America,Mexico site 17
MEX-0099,MEX-0099-T03,2013,2009,0,58.0,Betula pendula,21.02013,-95.00171,1.0,31.9,,Mexico,Deciduous,Tropical dry broadleaf forests,North America,Mexico site 17
MEX-0099,MEX-0099-T04,2009,,0,48.6,Avicennia germinans,21.02013,-95.00171,1.0,30.7,,Mexico,Deciduous,Tropical dry broadleaf forests,North America,Mexico site 17
MEX-0099,MEX-0099-T04,2013,2009,0,47.9,Avicennia germinans,21.02013,-95.00171,1.0,30.7,,Mexico,Deciduous,Tropical dry broadleaf forests,North America,Mexico site 17
MEX-0099,MEX-0099-T05,2009,,0,38.7,Shorea leprosula,21.02013,-95.00171,1.0,25.8,,Mexico,Deciduous,Tropical dry broadleaf forests,North America,Mexico site 17
MEX-0099,MEX-0099-T05,2013,2009,0,38.8,Shorea leprosula,21.02013,-95.00171,1.0,25.8,,Mexico,Deciduous,Tropical dry broadleaf forests,North America,Mexico site 17
MEX-0099,MEX-0099-T06,2009,,0,38.4,Ocotea aciphylla,21.02013,-95.00171,1.0,29.4,,Mexico,Deciduous,Tropical dry broadleaf forests,North America,Mexico site 17
MEX-0099,MEX-0099-T06,2013,2009,0,38.1,Ocotea aciphylla,21.02013,-95.00171,1.0,29.4,,Mexico,Deciduous,Tropical dry broadleaf forests,North America,Mexico site 17
MEX-0099,MEX-0099-T07,2009,,0,44.4,Rhizophora mangle,21.02013,-95.00171,1.0,12.6,,Mexico,Deciduous,Tropical dry broadleaf forests,North America,Mexico site 17
MEX-0099,MEX-0099-T07,2013,2009,0,45.0,Rhizophora mangle,21.02013,-95.00171,1.0,12.6,,Mexico,Deciduous,Tropical dry broadleaf forests,North America,Mexico site 17
MEX-0099,MEX-0099-T08,2009,,0,42.4,Shorea leprosula,21.02013,-95.00171,1.0,8.8,,Mexico,Deciduous,Tropical dry broadleaf forests,North America,Mexico site 17
MEX-0099,MEX-0099-T08,2013,2009,0,42.7,Shorea leprosula,21.02013,-95.00171,1.0,8.8,,Mexico,Deciduous,Tropical dry broadleaf forests,North America,Mexico site 17
MEX-0099,MEX-0099-T09,2009,,0,48.3,Eucalyptus camaldulensis,21.02013,-95.00171,1.0,37.9,,Mexico,Deciduous,Tropical dry broadleaf forests,North America,Mexico site 17
MEX-0099,MEX-0099-T09,2013,2009,0,47.5,Eucalyptus camaldulensis,21.02013,-95.00171,1.0,37.9,,Mexico,Deciduous,Tropical dry broadleaf forests,North America,Mexico site 17
MEX-0099,MEX-0099-T10,2009,,0,39.7,Betula pendula,21.02013,-95.00171,1.0,23.0,,Mexico,Deciduous,Tropical dry broadleaf forests,North America,Mexico site 17
MEX-0099,MEX-0099-T10,2013,2009,0,40.4,Betula pendula,21.02013,-95.00171,1.0,23.0,,Mexico,Deciduous,Tropical dry broadleaf forests,North America,Mexico site 17
MEX-0099,MEX-0099-T11,2009,,0,34.0,Eucalyptus camaldulensis,21.02013,-95.00171,1.0,22.5,,Mexico,Deciduous,Tropical dry broadleaf forests,North America,Mexico site 17
MEX-0099,MEX-0099-T11,2013,2009,0,32.9,Eucalyptus camaldulensis,21.02013,-95.00171,1.0,22.5,,Mexico,Deciduous,Tropical dry broadleaf forests,North America,Mexico site 17
MEX-0100,MEX-0100-T01,1978,,0,23.0,Betula pendula,19.15636,-94.92672,1.0,31.3,3.556,Mexico,Deciduous,Tropical dry broadleaf forests,North America,Mexico site 18
MEX-0100,MEX-0100-T01,1982,1978,0,23.0,Betula pendula,19.15636,-94.92672,1.0,31.3,3.556,Mexico,Deciduous,Tropical dry broadleaf forests,North America,Mexico site 18
MEX-0100,MEX-0100-T02,1978,,0,53.4,Quercus robur,19.15636,-94.92672,1.0,33.4,3.528,Mexico,Deciduous,Tropical dry broadleaf forests,North America,Mexico site 18
MEX-0100,MEX-0100-T02,1982,1978,0,53.2,Quercus robur,19.15636,-94.92672,1.0,33.4,3.528,Mexico,Deciduous,Tropical dry broadleaf forests,North America,Mexico site 18
MEX-0100,MEX-0100-T03,1978,,0,41.8,Inga edulis,19.15636,-94.92672,1.0,36.6,2.293,Mexico,Deciduous,Tropical dry broadleaf forests,North America,Mexico site 18
MEX-0100,MEX-0100-T03,1982,1978,0,41.5,Inga edulis,19.15636,-94.92672,1.0,36.6,2.293,Mexico,Deciduous,Tropical dry broadleaf forests,North America,Mexico site 18
MEX-0100,MEX-0100-T04,1978,,0,60.4,Pinus sylvestris,19.15636,-94.92672,1.0,9.7,2.559,Mexico,Deciduous,Tropical dry broadleaf forests,North America,Mexico site 18
MEX-0100,MEX-0100-T04,1982,1978,0,61.0,Pinus sylvestris,19.15636,-94.92672,1.0,9.7,2.559,Mexico,Deciduous,Tropical dry broadleaf forests,North America,Mexico site 18
MEX-0100,MEX-0100-T05,1978,,0,54.3,Khaya ivorensis,19.15636,-94.92672,1.0,14.9,3.234,Mexico,Deciduous,Tropical dry broadleaf forests,North America,Mexico site 18
MEX-0100,MEX-0100-T05,1982,1978,0,53.0,Khaya ivorensis,19.15636,-94.92672,1.0,14.9,3.234,Mexico,Deciduous,Tropical dry broadleaf forests,North America,Mexico site 18
MEX-0100,MEX-0100-T06,1978,,0,47.6,Tsuga canadensis,19.15636,-94.92672,1.0,35.5,4.08,Mexico,Deciduous,Tropical dry broadleaf forests,North America,Mexico site 18
MEX-0100,MEX-0100-T06,1982,1978,0,47.3,Tsuga canadensis,19.15636,-94.92672,1.0,35.5,4.08,Mexico,Deciduous,Tropical dry broadleaf forests,North America,Mexico site 18
MEX-0101,MEX-0101-T01,1973,,0,33.1,Avicennia germinans,18.11379,-96.61453,0.1,,,Mexico,Tropical,Tropical dry broadleaf forests,North America,Mexico site 19
MEX-0101,MEX-0101-T01,1983,1973,0,32.2,Avicennia germinans,18.11379,-96.61453,0.1,,,Mexico,Tropical,Tropical dry broadleaf forests,North America,Mexico site 19
MEX-0101,MEX-0101-T02,1973,,0,33.8,Tsuga canadensis,18.11379,-96.61453,0.1,,,Mexico,Tropical,Tropical dry broadleaf forests,North America,Mexico site 19
MEX-0101,MEX-0101-T02,1983,1973,0,33.0,Tsuga canadensis,18.11379,-96.61453,0.1,,,Mexico,Tropical,Tropical dry broadleaf forests,North America,Mexico site 19
MEX-0101,MEX-0101-T03,1973,,0,34.3,Quercus ilex,18.11379,-96.61453,0.1,,,Mexico,Tropical,Tropical dry broadleaf forests,North America,Mexico site 19
MEX-0101,MEX-0101-T03,1983,1973,0,34.6,Quercus ilex,18.11379,-96.61453,0.1,,,Mexico,Tropical,Tropical dry broadleaf forests,North America,Mexico site 19
MEX-0101,MEX-0101-T04,1973,,0,50.0,Rhizophora mangle,18.11379,-96.61453,0.1,,,Mexico,Tropical,Tropical dry broadleaf forests,North America,Mexico site 19
MEX-0101,MEX-0101-T04,1983,1973,0,49.5,Rhizophora mangle,18.11379,-96.61453,0.1,,,Mexico,Tropical,Tropical dry broadleaf forests,North America,Mexico site 19
MEX-0101,MEX-0101-T05,1973,,0,21.6,Quercus robur,18.11379,-96.61453,0.1,,,Mexico,Tropical,Tropical dry broadleaf forests,North America,Mexico site 19
MEX-0101,MEX-0101-T05,1983,1973,0,22.0,Quercus robur,18.11379,-96.61453,0.1,,,Mexico,Tropical,Tropical dry broadleaf forests,North America,Mexico site 19
MEX-0101,MEX-0101-T06,1973,,0,35.8,Avicennia germinans,18.11379,-96.61453,0.1,,,Mexico,Tropical,Tropical dry broadleaf forests,North America,Mexico site 19
MEX-0101,MEX-0101-T06,1983,1973,0,36.5,Avicennia germinans,18.11379,-96.61453,0.1,,,Mexico,Tropical,Tropical dry broadleaf forests,North America,Mexico site 19
MEX-0101,MEX-0101-T07,1973,,0,44.6,Shorea leprosula,18.11379,-96.61453,0.1,,,Mexico,Tropical,Tropical dry broadleaf forests,North America,Mexico site 19
MEX-0101,MEX-0101-T07,1983,1973,0,43.7,Shorea leprosula,18.11379,-96.61453,0.1,,,Mexico,Tropical,Tropical dry broadleaf forests,North America,Mexico site 19
MEX-0101,MEX-0101-T08,1973,,0,34.3,Acer saccharum,18.11379,-96.61453,0.1,,,Mexico,Tropical,Tropical dry broadleaf forests,North America,Mexico site 19
MEX-0101,MEX-0101-T08,1983,1973,0,33.3,Acer saccharum,18.11379,-96.61453,0.1,,,Mexico,Tropical,Tropical dry broadleaf forests,North America,Mexico site 19
MEX-0101,MEX-0101-T09,1973,,0,49.1,Pinus sylvestris,18.11379,-96.61453,0.1,,,Mexico,Tropical,Tropical dry broadleaf forests,North America,Mexico site 19
MEX-0101,MEX-0101-T09,1983,1973,0,50.1,Pinus sylvestris,18.11379,-96.61453,0.1,,,Mexico,Tropical,Tropical dry broadleaf forests,North America,Mexico site 19
MEX-0101,MEX-0101-T10,1973,,0,37.1,Milicia excelsa,18.11379,-96.61453,0.1,,,Mexico,Tropical,Tropical dry broadleaf forests,North America,Mexico site 19
MEX-0101,MEX-0101-T10,1983,1973,0,36.9,Milicia excelsa,18.11379,-96.61453,0.1,,,Mexico,Tropical,Tropical dry broadleaf forests,North America,Mexico site 19
MEX-0101,MEX-0101-T11,1973,,0,24.5,Eucalyptus camaldulensis,18.11379,-96.61453,0.1,,,Mexico,Tropical,Tropical dry broadleaf forests,North America,Mexico site 19
MEX-0101,MEX-0101-T11,1983,1973,0,24.6,Eucalyptus camaldulensis,18.11379,-96.61453,0.1,,,Mexico,Tropical,Tropical dry broadleaf forests,North America,Mexico site 19
MEX-0102,MEX-0102-T01,1959,,0,44.3,Juniperus thurifera,17.89357,-96.89924,0.5,,,Mexico,Deciduous,Tropical dry broadleaf forests,North America,Mexico site 20
MEX-0102,MEX-0102-T02,1959,,0,49.4,Tsuga canadensis,17.89357,-96.89924,0.5,,,Mexico,Deciduous,Tropical dry broadleaf forests,North America,Mexico site 20
MEX-0102,MEX-0102-T03,1959,,0,40.9,Acer saccharum,17.89357,-96.89924,0.5,,,Mexico,Deciduous,Tropical dry broadleaf forests,North America,Mexico site 20
MEX-0102,MEX-0102-T04,1959,,0,61.0,Eucalyptus camaldulensis,17.89357,-96.89924,0.5,,,Mexico,Deciduous,Tropical dry broadleaf forests,North America,Mexico site 20
MEX-0102,MEX-0102-T05,1959,,0,50.1,Cecropia obtusa,17.89357,-96.89924,0.5,,,Mexico,Deciduous,Tropical dry broadleaf forests,North America,Mexico site 20
MEX-0102,MEX-0102-T06,1959,,0,33.5,Shorea leprosula,17.89357,-96.89924,0.5,,,Mexico,Deciduous,Tropical dry broadleaf forests,North America,Mexico site 20
MEX-0103,MEX-0103-T01,1940,,0,15.8,Ocotea aciphylla,18.62171,-95.99978,0.5,,1.515,Mexico,Deciduous,Tropical dry broadleaf forests,North America,Mexico site 21
MEX-0103,MEX-0103-T02,1940,,0,32.3,Eperua falcata,18.62171,-95.99978,0.5,,1.925,Mexico,Deciduous,Tropical dry broadleaf forests,North America,Mexico site 21
MEX-0103,MEX-0103-T03,1940,,1,8.3,Cecropia obtusa,18.62171,-95.99978,0.5,,4.231,Mexico,Deciduous,Tropical dry broadleaf forests,North America,Mexico site 21
MEX-0103,MEX-0103-T04,1940,,0,27.1,Cecropia obtusa,18.62171,-95.99978,0.5,,3.628,Mexico,Deciduous,Tropical dry broadleaf forests,North America,Mexico site 21
MEX-0103,MEX-0103-T05,1940,,0,9.1,Shorea leprosula,18.62171,-95.99978,0.5,,3.175,Mexico,Deciduous,Tropical dry broadleaf forests,North America,Mexico site 21
MEX-0103,MEX-0103-T06,1940,,0,23.9,Shorea leprosula,18.62171,-95.99978,0.5,,1.693,Mexico,Deciduous,Tropical dry broadleaf forests,North America,Mexico site 21
MEX-0103,MEX-0103-T07,1940,,0,25.6,Inga edulis,18.62171,-95.99978,0.5,,2.529,Mexico,Deciduous,Tropical dry broadleaf forests,North America,Mexico site 21
MEX-0104,MEX-0104-T01,2002,,0,35.2,Quercus ilex,20.93405,-94.54526,0.25,33.7,0.499,Mexico,Deciduous,Tropical dry broadleaf forests,North America,Mexico site 22
MEX-0104,MEX-0104-T02,2002,,0,47.0,Eperua falcata,20.93405,-94.54526,0.25,36.2,2.676,Mexico,Deciduous,Tropical dry broadleaf forests,North America,Mexico site 22
MEX-0104,MEX-0104-T03,2002,,0,50.2,Fagus sylvatica,20.93405,-94.54526,0.25,19.7,4.32,Mexico,Deciduous,Tropical dry broadleaf forests,North America,Mexico site 22
MEX-0104,MEX-0104-T04,2002,,0,23.1,Populus tremula,20.93405,-94.54526,0.25,26.2,1.7,Mexico,Deciduous,Tropical dry broadleaf forests,North America,Mexico site 22
MEX-0104,MEX-0104-T05,2002,,0,26.5,Khaya ivorensis,20.93405,-94.54526,0.25,24.1,1.983,Mexico,Deciduous,Tropical dry broadleaf forests,North America,Mexico site 22
MEX-0104,MEX-0104-T06,2002,,0,15.3,Avicennia germinans,20.93405,-94.54526,0.25,30.5,1.474,Mexico,Deciduous,Tropical dry broadleaf forests,North America,Mexico site 22
UNI-0105,UNI-0105-T01,1994,,0,55.2,Betula pendula,40.65423,-79.01327,0.04,25.7,,United States,Deciduous,Temperate broadleaf & mixed forests,North America,United States site 1
UNI-0105,UNI-0105-T02,1994,,0,12.8,Nothofagus pumilio,40.65423,-79.01327,0.04,15.4,,United States,Deciduous,Temperate broadleaf & mixed forests,North America,United States site 1
UNI-0105,UNI-0105-T03,1994,,0,22.1,Milicia excelsa,40.65423,-79.01327,0.04,23.9,,United States,Deciduous,Temperate broadleaf & mixed forests,North America,United States site 1
UNI-0105,UNI-0105-T04,1994,,0,15.6,Quercus robur,40.65423,-79.01327,0.04,31.1,,United States,Deciduous,Temperate broadleaf & mixed forests,North America,United States site 1
UNI-0105,UNI-0105-T05,1994,,0,59.7,Eperua falcata,40.65423,-79.01327,0.04,18.8,,United States,Deciduous,Temperate broadleaf & mixed forests,North America,United States site 1
UNI-0105,UNI-0105-T06,1994,,0,17.9,Tsuga canadensis,40.65423,-79.01327,0.04,22.0,,United States,Deciduous,Temperate broadleaf & mixed forests,North America,United States site 1
UNI-0105,UNI-0105-T07,1994,,0,18.7,Eperua falcata,40.65423,-79.01327,0.04,37.1,,United States,Deciduous,Temperate broadleaf & mixed forests,North America,United States site 1
UNI-0105,UNI-0105-T08,1994,,0,48.4,Quercus ilex,40.65423,-79.01327,0.04,8.7,,United States,Deciduous,Temperate broadleaf & mixed forests,North America,United States site 1
UNI-0106,UNI-0106-T01,2016,,0,51.5,Inga edulis,35.87403,-75.53712,0.25,31.9,,United States,Temperate,Temperate broadleaf & mixed forests,North America,United States site 2
UNI-0106,UNI-0106-T01,2021,2016,0,52.8,Inga edulis,35.87403,-75.53712,0.25,31.9,,United States,Temperate,Temperate broadleaf & mixed forests,North America,United States site 2
UNI-0106,UNI-0106-T02,2016,,0,31.6,Juniperus thurifera,35.87403,-75.53712,0.25,9.0,,United States,Temperate,Temperate broadleaf & mixed forests,North America,United States site 2
UNI-0106,UNI-0106-T02,2021,2016,0,31.4,Juniperus thurifera,35.87403,-75.53712,0.25,9.0,,United States,Temperate,Temperate broadleaf & mixed forests,North America,United States site 2
UNI-0106,UNI-0106-T03,2016,,0,26.0,Juniperus thurifera,35.87403,-75.53712,0.25,10.0,,United States,Temperate,Temperate broadleaf & mixed forests,North America,United States site 2
UNI-0106,UNI-0106-T03,2021,2016,0,26.6,Juniperus thurifera,35.87403,-75.53712,0.25,10.0,,United States,Temperate,Temperate broadleaf & mixed forests,North America,United States site 2
UNI-0106,UNI-0106-T04,2016,,0,51.1,Acer saccharum,35.87403,-75.53712,0.25,33.4,,United States,Temperate,Temperate broadleaf & mixed forests,North America,United States site 2
UNI-0106,UNI-0106-T04,2021,2016,0,50.4,Acer saccharum,35.87403,-75.53712,0.25,33.4,,United States,Temperate,Temperate broadleaf & mixed forests,North America,United States site 2
UNI-0106,UNI-0106-T05,2016,,0,49.4,Pinus sylvestris,35.87403,-75.53712,0.25,20.9,,United States,Temperate,Temperate broadleaf & mixed forests,North America,United States site 2
UNI-0106,UNI-0106-T05,2021,2016,0,49.9,Pinus sylvestris,35.87403,-75.53712,0.25,20.9,,United States,Temperate,Temperate broadleaf & mixed forests,North America,United States site 2
UNI-0106,UNI-0106-T06,2016,,0,25.8,Khaya ivorensis,35.87403,-75.53712,0.25,13.5,,United States,Temperate,Temperate broadleaf & mixed forests,North America,United States site 2
UNI-0106,UNI-0106-T06,2021,2016,0,26.2,Khaya ivorensis,35.87403,-75.53712,0.25,13.5,,United States,Temperate,Temperate broadleaf & mixed forests,North America,United States site 2
UNI-0106,UNI-0106-T07,2016,,0,56.0,Cecropia obtusa,35.87403,-75.53712,0.25,20.0,,United States,Temperate,Temperate broadleaf & mixed forests,North America,United States site 2
UNI-0106,UNI-0106-T07,2021,2016,1,55.5,Cecropia obtusa,35.87403,-75.53712,0.25,20.0,,United States,Temperate,Temperate broadleaf & mixed forests,North America,United States site 2
UNI-0106,UNI-0106-T08,2016,,0,31.1,Eperua falcata,35.87403,-75.53712,0.25,15.8,,United States,Temperate,Temperate broadleaf & mixed forests,North America,United States site 2
UNI-0106,UNI-0106-T08,2021,2016,0,30.4,Eperua falcata,35.87403,-75.53712,0.25,15.8,,United States,Temperate,Temperate broadleaf & mixed forests,North America,United States site 2
UNI-0107,UNI-0107-T01,2007,,0,58.0,Juniperus thurifera,38.62297,-70.987,0.04,,,United States,Temperate,Temperate broadleaf & mixed forests,North America,United States site 3
UNI-0107,UNI-0107-T01,2011,2007,0,57.7,Juniperus thurifera,38.62297,-70.987,0.04,,,United States,Temperate,Temperate broadleaf & mixed forests,North America,United States site 3
UNI-0107,UNI-0107-T02,2007,,0,19.1,Betula pendula,38.62297,-70.987,0.04,,,United States,Temperate,Temperate broadleaf & mixed forests,North America,United States site 3
UNI-0107,UNI-0107-T02,2011,2007,0,19.9,Betula pendula,38.62297,-70.987,0.04,,,United States,Temperate,Temperate broadleaf & mixed forests,North America,United States site 3
UNI-0107,UNI-0107-T03,2007,,0,37.2,Betula pendula,38.62297,-70.987,0.04,,,United States,Temperate,Temperate broadleaf & mixed forests,North America,United States site 3
UNI-0107,UNI-0107-T03,2011,2007,0,37.1,Betula pendula,38.62297,-70.987,0.04,,,United States,Temperate,Temperate broadleaf & mixed forests,North America,United States site 3
UNI-0107,UNI-0107-T04,2007,,0,18.9,Tsuga canadensis,38.62297,-70.987,0.04,,,United States,Temperate,Temperate broadleaf & mixed forests,North America,United States site 3
UNI-0107,UNI-0107-T04,2011,2007,0,17.5,Tsuga canadensis,38.62297,-70.987,0.04,,,United States,Temperate,Temperate broadleaf & mixed forests,North America,United States site 3
UNI-0107,UNI-0107-T05,2007,,0,9.5,Ocotea aciphylla,38.62297,-70.987,0.04,,,United States,Temperate,Temperate broadleaf & mixed forests,North America,United States site 3
UNI-0107,UNI-0107-T05,2011,2007,0,8.1,Ocotea aciphylla,38.62297,-70.987,0.04,,,United States,Temperate,Temperate broadleaf & mixed forests,North America,United States site 3
UNI-0107,UNI-0107-T06,2007,,0,32.0,Quercus robur,38.62297,-70.987,0.04,,,United States,Temperate,Temperate broadleaf & mixed forests,North America,United States site 3
UNI-0107,UNI-0107-T06,2011,2007,0,31.3,Quercus robur,38.62297,-70.987,0.04,,,United States,Temperate,Temperate broadleaf & mixed forests,North America,United States site 3
UNI-0107,UNI-0107-T07,2007,,0,18.7,Inga edulis,38.62297,-70.987,0.04,,,United States,Temperate,Temperate broadleaf & mixed forests,North America,United States site 3
UNI-0107,UNI-0107-T07,2011,2007,0,17.9,Inga edulis,38.62297,-70.987,0.04,,,United States,Temperate,Temperate broadleaf & mixed forests,North America,United States site 3
UNI-0107,UNI-0107-T08,2007,,0,57.3,Eucalyptus camaldulensis,38.62297,-70.987,0.04,,,United States,Temperate,Temperate broadleaf & mixed forests,North America,United States site 3
UNI-0107,UNI-0107-T08,2011,2007,0,58.1,Eucalyptus camaldulensis,38.62297,-70.987,0.04,,,United States,Temperate,Temperate broadleaf & mixed forests,North America,United States site 3
UNI-0107,UNI-0107-T09,2007,,0,48.0,Avicennia germinans,38.62297,-70.987,0.04,,,United States,Temperate,Temperate broadleaf & mixed forests,North America,United States site 3
UNI-0107,UNI-0107-T09,2011,2007,0,46.9,Avicennia germinans,38.62297,-70.987,0.04,,,United States,Temperate,Temperate broadleaf & mixed forests,North America,United States site 3
UNI-0107,UNI-0107-T10,2007,,0,51.2,Pinus sylvestris,38.62297,-70.987,0.04,,,United States,Temperate,Temperate broadleaf & mixed forests,North America,United States site 3
UNI-0107,UNI-0107-T10,2011,2007,0,50.9,Pinus sylvestris,38.62297,-70.987,0.04,,,United States,Temperate,Temperate broadleaf & mixed forests,North America,United States site 3
UNI-0108,UNI-0108-T01,1947,,0,51.4,Inga edulis,46.68283,-83.87222,0.04,,,United States,Mixed,Temperate broadleaf & mixed forests,North America,United States site 4
UNI-0108,UNI-0108-T02,1947,,0,27.2,Picea abies,46.68283,-83.87222,0.04,,,United States,Mixed,Temperate broadleaf & mixed forests,North America,United States site 4
UNI-0108,UNI-0108-T03,1947,,0,31.4,Pinus sylvestris,46.68283,-83.87222,0.04,,,United States,Mixed,Temperate broadleaf & mixed forests,North America,United States site 4
UNI-0108,UNI-0108-T04,1947,,0,20.4,Dipterocarpus grandiflorus,46.68283,-83.87222,0.04,,,United States,Mixed,Temperate broadleaf & mixed forests,North America,United States site 4
UNI-0108,UNI-0108-T05,1947,,0,42.8,Khaya ivorensis,46.68283,-83.87222,0.04,,,United States,Mixed,Temperate broadleaf & mixed forests,North America,United States site 4
UNI-0109,UNI-0109-T01,1977,,0,59.4,Quercus robur,41.61382,-91.96594,0.1,,1.251,United States,Mixed,Temperate broadleaf & mixed forests,North America,United States site 5
UNI-0109,UNI-0109-T02,1977,,0,10.4,Eperua falcata,41.61382,-91.96594,0.1,,3.816,United States,Mixed,Temperate broadleaf & mixed forests,North America,United States site 5
UNI-0109,UNI-0109-T03,1977,,0,14.9,Quercus robur,41.61382,-91.96594,0.1,,0.718,United States,Mixed,Temperate broadleaf & mixed forests,North America,United States site 5
UNI-0109,UNI-0109-T04,1977,,0,11.3,Fagus sylvatica,41.61382,-91.96594,0.1,,3.615,United States,Mixed,Temperate broadleaf & mixed forests,North America,United States site 5
UNI-0109,UNI-0109-T05,1977,,0,23.8,Milicia excelsa,41.61382,-91.96594,0.1,,2.787,United States,Mixed,Temperate broadleaf & mixed forests,North America,United States site 5
UNI-0109,UNI-0109-T06,1977,,0,17.3,Cecropia obtusa,41.61382,-91.96594,0.1,,4.215,United States,Mixed,Temperate broadleaf & mixed forests,North America,United States site 5
UNI-0109,UNI-0109-T07,1977,,0,17.8,Milicia excelsa,41.61382,-91.96594,0.1,,3.958,United States,Mixed,Temperate broadleaf & mixed forests,North America,United States site 5
UNI-0109,UNI-0109-T08,1977,,0,9.6,Acer saccharum,41.61382,-91.96594,0.1,,0.934,United States,Mixed,Temperate broadleaf & mixed forests,North America,United States site 5
UNI-0110,UNI-0110-T01,1943,,0,25.3,Quercus ilex,47.99474,-77.02826,1.0,31.5,1.505,United States,Coniferous,Temperate broadleaf & mixed forests,North America,United States site 6
UNI-0110,UNI-0110-T01,1948,1943,0,26.4,Quercus ilex,47.99474,-77.02826,1.0,31.5,1.505,United States,Coniferous,Temperate broadleaf & mixed forests,North America,United States site 6
UNI-0110,UNI-0110-T02,1943,,0,37.1,Fagus sylvatica,47.99474,-77.02826,1.0,30.9,3.257,United States,Coniferous,Temperate broadleaf & mixed forests,North America,United States site 6
UNI-0110,UNI-0110-T02,1948,1943,0,37.3,Fagus sylvatica,47.99474,-77.02826,1.0,30.9,3.257,United States,Coniferous,Temperate broadleaf & mixed forests,North America,United States site 6
UNI-0110,UNI-0110-T03,1943,,0,61.4,Cecropia obtusa,47.99474,-77.02826,1.0,11.4,2.151,United States,Coniferous,Temperate broadleaf & mixed forests,North America,United States site 6
UNI-0110,UNI-0110-T03,1948,1943,0,60.7,Cecropia obtusa,47.99474,-77.02826,1.0,11.4,2.151,United States,Coniferous,Temperate broadleaf & mixed forests,North America,United States site 6
UNI-0110,UNI-0110-T04,1943,,0,51.7,Quercus ilex,47.99474,-77.02826,1.0,8.0,2.154,United States,Coniferous,Temperate broadleaf & mixed forests,North America,United States site 6
UNI-0110,UNI-0110-T04,1948,1943,0,51.7,Quercus ilex,47.99474,-77.02826,1.0,8.0,2.154,United States,Coniferous,Temperate broadleaf & mixed forests,North America,United States site 6
UNI-0110,UNI-0110-T05,1943,,0,44.1,Quercus ilex,47.99474,-77.02826,1.0,10.9,2.228,United States,Coniferous,Temperate broadleaf & mixed forests,North America,United States site 6
UNI-0110,UNI-0110-T05,1948,1943,0,43.3,Quercus ilex,47.99474,-77.02826,1.0,10.9,2.228,United States,Coniferous,Temperate broadleaf & mixed forests,North America,United States site 6
UNI-0110,UNI-0110-T06,1943,,0,20.2,Betula pendula,47.99474,-77.02826,1.0,10.5,0.445,United States,Coniferous,Temperate broadleaf & mixed forests,North America,United States site 6
UNI-0110,UNI-0110-T06,1948,1943,0,18.9,Betula pendula,47.99474,-77.02826,1.0,10.5,0.445,United States,Coniferous,Temperate broadleaf & mixed forests,North America,United States site 6
UNI-0110,UNI-0110-T07,1943,,0,47.4,Acer saccharum,47.99474,-77.02826,1.0,17.0,3.203,United States,Coniferous,Temperate broadleaf & mixed forests,North America,United States site 6
UNI-0110,UNI-0110-T07,1948,1943,0,47.2,Acer saccharum,47.99474,-77.02826,1.0,17.0,3.203,United States,Coniferous,Temperate broadleaf & mixed forests,North America,United States site 6
UNI-0111,UNI-0111-T01,1978,,0,25.7,Betula pendula,36.67743,-82.42841,0.04,,,United States,Mixed,Temperate broadleaf & mixed forests,North America,United States site 7
UNI-0111,UNI-0111-T02,1978,,0,39.3,Betula pendula,36.67743,-82.42841,0.04,,,United States,Mixed,Temperate broadleaf & mixed forests,North America,United States site 7
UNI-0111,UNI-0111-T03,1978,,0,48.4,Fagus sylvatica,36.67743,-82.42841,0.04,,,United States,Mixed,Temperate broadleaf & mixed forests,North America,United States site 7
UNI-0111,UNI-0111-T04,1978,,0,10.6,Khaya ivorensis,36.67743,-82.42841,0.04,,,United States,Mixed,Temperate broadleaf & mixed forests,North America,United States site 7
UNI-0111,UNI-0111-T05,1978,,0,8.8,Acer saccharum,36.67743,-82.42841,0.04,,,United States,Mixed,Temperate broadleaf & mixed forests,North America,United States site 7
UNI-0111,UNI-0111-T06,1978,,0,16.7,Populus tremula,36.67743,-82.42841,0.04,,,United States,Mixed,Temperate broadleaf & mixed forests,North America,United States site 7
UNI-0111,UNI-0111-T07,1978,,0,34.0,Juniperus thurifera,36.67743,-82.42841,0.04,,,United States,Mixed,Temperate broadleaf & mixed forests,North America,United States site 7
UNI-0112,UNI-0112-T01,1979,,0,29.9,Juniperus thurifera,47.43257,-88.13872,0.25,37.8,2.05,United States,Deciduous,Temperate broadleaf & mixed forests,North America,United States site 8
UNI-0112,UNI-0112-T01,1989,1979,0,30.2,Juniperus thurifera,47.43257,-88.13872,0.25,37.8,2.05,United States,Deciduous,Temperate broadleaf & mixed forests,North America,United States site 8
UNI-0112,UNI-0112-T02,1979,,0,57.9,Eucalyptus camaldulensis,47.43257,-88.13872,0.25,18.1,4.019,United States,Deciduous,Temperate broadleaf & mixed forests,North America,United States site 8
UNI-0112,UNI-0112-T02,1989,1979,0,57.2,Eucalyptus camaldulensis,47.43257,-88.13872,0.25,18.1,4.019,United States,Deciduous,Temperate broadleaf & mixed forests,North America,United States site 8
UNI-0112,UNI-0112-T03,1979,,0,13.2,Milicia excelsa,47.43257,-88.13872,0.25,33.7,3.439,United States,Deciduous,Temperate broadleaf & mixed forests,North America,United States site 8
UNI-0112,UNI-0112-T03,1989,1979,1,12.4,Milicia excelsa,47.43257,-88.13872,0.25,33.7,3.439,United States,Deciduous,Temperate broadleaf & mixed forests,North America,United States site 8
UNI-0112,UNI-0112-T04,1979,,0,14.8,Nothofagus pumilio,47.43257,-88.13872,0.25,14.8,2.069,United States,Deciduous,Temperate broadleaf & mixed forests,North America,United States site 8
UNI-0112,UNI-0112-T04,1989,1979,0,14.2,Nothofagus pumilio,47.43257,-88.13872,0.25,14.8,2.069,United States,Deciduous,Temperate broadleaf & mixed forests,North America,United States site 8
UNI-0112,UNI-0112-T05,1979,,0,32.4,Dipterocarpus grandiflorus,47.43257,-88.13872,0.25,24.6,4.229,United States,Deciduous,Temperate broadleaf & mixed forests,North America,United States site 8
UNI-0112,UNI-0112-T05,1989,1979,0,31.0,Dipterocarpus grandiflorus,47.43257,-88.13872,0.25,24.6,4.229,United States,Deciduous,Temperate broadleaf & mixed forests,North America,United States site 8
UNI-0112,UNI-0112-T06,1979,,1,18.5,Eucalyptus camaldulensis,47.43257,-88.13872,0.25,33.2,1.014,United States,Deciduous,Temperate broadleaf & mixed forests,North America,United States site 8
UNI-0112,UNI-0112-T06,1989,1979,0,17.7,Eucalyptus camaldulensis,47.43257,-88.13872,0.25,33.2,1.014,United States,Deciduous,Temperate broadleaf & mixed forests,North America,United States site 8
UNI-0113,UNI-0113-T01,1949,,0,54.4,Juniperus thurifera,45.02329,-88.3836,0.1,,2.372,United States,Mixed,Temperate broadleaf & mixed forests,North America,United States site 9
UNI-0113,UNI-0113-T02,1949,,0,37.1,Ocotea aciphylla,45.02329,-88.3836,0.1,,3.128,United States,Mixed,Temperate broadleaf & mixed forests,North America,United States site 9
UNI-0113,UNI-0113-T03,1949,,0,28.2,Acer saccharum,45.02329,-88.3836,0.1,,0.469,United States,Mixed,Temperate broadleaf & mixed forests,North America,United States site 9
UNI-0113,UNI-0113-T04,1949,,0,54.4,Khaya ivorensis,45.02329,-88.3836,0.1,,1.034,United States,Mixed,Temperate broadleaf & mixed forests,North America,United States site 9
UNI-0113,UNI-0113-T05,1949,,0,37.2,Betula pendula,45.02329,-88.3836,0.1,,4.299,United States,Mixed,Temperate broadleaf & mixed forests,North America,United States site 9
UNI-0113,UNI-0113-T06,1949,,0,23.0,Tsuga canadensis,45.02329,-88.3836,0.1,,4.317,United States,Mixed,Temperate broadleaf & mixed forests,North America,United States site 9
UNI-0114,UNI-0114-T01,2016,,0,60.5,Eucalyptus camaldulensis,35.94865,-93.50217,0.5,34.8,,United States,Mixed,Temperate broadleaf & mixed forests,North America,United States site 10
UNI-0114,UNI-0114-T01,2021,2016,1,61.6,Eucalyptus camaldulensis,35.94865,-93.50217,0.5,34.8,,United States,Mixed,Temperate broadleaf & mixed forests,North America,United States site 10
UNI-0114,UNI-0114-T02,2016,,0,46.3,Shorea leprosula,35.94865,-93.50217,0.5,28.0,,United States,Mixed,Temperate broadleaf & mixed forests,North America,United States site 10
UNI-0114,UNI-0114-T02,2021,2016,0,45.9,Shorea leprosula,35.94865,-93.50217,0.5,28.0,,United States,Mixed,Temperate broadleaf & mixed forests,North America,United States site 10
UNI-0114,UNI-0114-T03,2016,,0,15.6,Cecropia obtusa,35.94865,-93.50217,0.5,22.4,,United States,Mixed,Temperate broadleaf & mixed forests,North America,United States site 10
UNI-0114,UNI-0114-T03,2021,2016,0,15.4,Cecropia obtusa,35.94865,-93.50217,0.5,22.4,,United States,Mixed,Temperate broadleaf & mixed forests,North America,United States site 10
UNI-0114,UNI-0114-T04,2016,,0,50.5,Inga edulis,35.94865,-93.50217,0.5,27.4,,United States,Mixed,Temperate broadleaf & mixed forests,North America,United States site 10
UNI-0114,UNI-0114-T04,2021,2016,0,51.4,Inga edulis,35.94865,-93.50217,0.5,27.4,,United States,Mixed,Temperate broadleaf & mixed forests,North America,United States site 10
UNI-0114,UNI-0114-T05,2016,,0,15.6,Shorea leprosula,35.94865,-93.50217,0.5,20.0,,United States,Mixed,Temperate broadleaf & mixed forests,North America,United States site 10
UNI-0114,UNI-0114-T05,2021,2016,0,15.6,Shorea leprosula,35.94865,-93.50217,0.5,20.0,,United States,Mixed,Temperate broadleaf & mixed forests,North America,United States site 10
UNI-0114,UNI-0114-T06,2016,,1,44.3,Betula pendula,35.94865,-93.50217,0.5,30.8,,United States,Mixed,Temperate broadleaf & mixed forests,North America,United States site 10
UNI-0114,UNI-0114-T06,2021,2016,0,44.5,Betula pendula,35.94865,-93.50217,0.5,30.8,,United States,Mixed,Temperate broadleaf & mixed forests,North America,United States site 10
UNI-0114,UNI-0114-T07,2016,,0,40.3,Khaya ivorensis,35.94865,-93.50217,0.5,15.0,,United States,Mixed,Temperate broadleaf & mixed forests,North America,United States site 10
UNI-0114,UNI-0114-T07,2021,2016,0,39.7,Khaya ivorensis,35.94865,-93.50217,0.5,15.0,,United States,Mixed,Temperate broadleaf & mixed forests,North America,United States site 10
UNI-0115,UNI-0115-T01,1942,,0,55.3,Eperua falcata,41.06414,-88.31321,0.1,36.5,0.204,United States,Mixed,Temperate broadleaf & mixed forests,North America,United States site 11
UNI-0115,UNI-0115-T01,1946,1942,0,55.7,Eperua falcata,41.06414,-88.31321,0.1,36.5,0.204,United States,Mixed,Temperate broadleaf & mixed forests,North America,United States site 11
UNI-0115,UNI-0115-T02,1942,,0,55.3,Acer saccharum,41.06414,-88.31321,0.1,28.7,3.579,United States,Mixed,Temperate broadleaf & mixed forests,North America,United States site 11
UNI-0115,UNI-0115-T02,1946,1942,0,55.0,Acer saccharum,41.06414,-88.31321,0.1,28.7,3.579,United States,Mixed,Temperate broadleaf & mixed forests,North America,United States site 11
UNI-0115,UNI-0115-T03,1942,,0,59.8,Quercus ilex,41.06414,-88.31321,0.1,34.0,1.101,United States,Mixed,Temperate broadleaf & mixed forests,North America,United States site 11
UNI-0115,UNI-0115-T03,1946,1942,0,60.0,Quercus ilex,41.06414,-88.31321,0.1,34.0,1.101,United States,Mixed,Temperate broadleaf & mixed forests,North America,United States site 11
UNI-0115,UNI-0115-T04,1942,,0,42.5,Fagus sylvatica,41.06414,-88.31321,0.1,34.0,1.275,United States,Mixed,Temperate broadleaf & mixed forests,North America,United States site 11
UNI-0115,UNI-0115-T04,1946,1942,0,42.4,Fagus sylvatica,41.06414,-88.31321,0.1,34.0,1.275,United States,Mixed,Temperate broadleaf & mixed forests,North America,United States site 11
UNI-0115,UNI-0115-T05,1942,,1,44.0,Cecropia obtusa,41.06414,-88.31321,0.1,15.5,1.618,United States,Mixed,Temperate broadleaf & mixed forests,North America,United States site 11
UNI-0115,UNI-0115-T05,1946,1942,0,43.5,Cecropia obtusa,41.06414,-88.31321,0.1,15.5,1.618,United States,Mixed,Temperate broadleaf & mixed forests,North America,United States site 11
UNI-0115,UNI-0115-T06,1942,,0,39.9,Populus tremula,41.06414,-88.31321,0.1,28.0,0.486,United States,Mixed,Temperate broadleaf & mixed forests,North America,United States site 11
UNI-0115,UNI-0115-T06,1946,1942,0,39.5,Populus tremula,41.06414,-88.31321,0.1,28.0,0.486,United States,Mixed,Temperate broadleaf & mixed forests,North America,United States site 11
UNI-0116,UNI-0116-T01,1973,,0,36.0,Quercus ilex,41.69142,-82.53101,0.25,35.8,1.734,United States,Mixed,Temperate broadleaf & mixed forests,North America,United States site 12
UNI-0116,UNI-0116-T02,1973,,0,53.3,Juniperus thurifera,41.69142,-82.53101,0.25,27.3,0.462,United States,Mixed,Temperate broadleaf & mixed forests,North America,United States site 12
UNI-0116,UNI-0116-T03,1973,,0,27.5,Populus tremula,41.69142,-82.53101,0.25,28.2,4.069,United States,Mixed,Temperate broadleaf & mixed forests,North America,United States site 12
UNI-0116,UNI-0116-T04,1973,,0,46.8,Inga edulis,41.69142,-82.53101,0.25,9.2,2.919,United States,Mixed,Temperate broadleaf & mixed forests,North America,United States site 12
UNI-0116,UNI-0116-T05,1973,,0,39.0,Rhizophora mangle,41.69142,-82.53101,0.25,23.7,4.232,United States,Mixed,Temperate broadleaf & mixed forests,North America,United States site 12
UNI-0116,UNI-0116-T06,1973,,0,48.2,Khaya ivorensis,41.69142,-82.53101,0.25,21.0,4.088,United States,Mixed,Temperate broadleaf & mixed forests,North America,United States site 12
UNI-0116,UNI-0116-T07,1973,,0,9.3,Acer saccharum,41.69142,-82.53101,0.25,36.4,0.463,United States,Mixed,Temperate broadleaf & mixed forests,North America,United States site 12
UNI-0116,UNI-0116-T08,1973,,0,47.4,Quercus robur,41.69142,-82.53101,0.25,33.5,1.156,United States,Mixed,Temperate broadleaf & mixed forests,North America,United States site 12
UNI-0117,UNI-0117-T01,2010,,0,22.9,Populus tremula,35.10631,-92.31257,0.1,,,United States,Mixed,Temperate broadleaf & mixed forests,North America,United States site 13
UNI-0117,UNI-0117-T01,2015,2010,0,23.3,Populus tremula,35.10631,-92.31257,0.1,,,United States,Mixed,Temperate broadleaf & mixed forests,North America,United States site 13
UNI-0117,UNI-0117-T02,2010,,0,19.3,Acer saccharum,35.10631,-92.31257,0.1,,,United States,Mixed,Temperate broadleaf & mixed forests,North America,United States site 13
UNI-0117,UNI-0117-T02,2015,2010,0,18.8,Acer saccharum,35.10631,-92.31257,0.1,,,United States,Mixed,Temperate broadleaf & mixed forests,North America,United States site 13
UNI-0117,UNI-0117-T03,2010,,0,50.2,Ocotea aciphylla,35.10631,-92.31257,0.1,,,United States,Mixed,Temperate broadleaf & mixed forests,North America,United States site 13
UNI-0117,UNI-0117-T03,2015,2010,0,49.4,Ocotea aciphylla,35.10631,-92.31257,0.1,,,United States,Mixed,Temperate broadleaf & mixed forests,North America,United States site 13
UNI-0117,UNI-0117-T04,2010,,0,48.0,Nothofagus pumilio,35.10631,-92.31257,0.1,,,United States,Mixed,Temperate broadleaf & mixed forests,North America,United States site 13
UNI-0117,UNI-0117-T04,2015,2010,0,48.7,Nothofagus pumilio,35.10631,-92.31257,0.1,,,United States,Mixed,Temperate broadleaf & mixed forests,North America,United States site 13
UNI-0117,UNI-0117-T05,2010,,0,42.5,Pinus sylvestris,35.10631,-92.31257,0.1,,,United States,Mixed,Temperate broadleaf & mixed forests,North America,United States site 13
UNI-0117,UNI-0117-T05,2015,2010,0,41.9,Pinus sylvestris,35.10631,-92.31257,0.1,,,United States,Mixed,Temperate broadleaf & mixed forests,North America,United States site 13
UNI-0117,UNI-0117-T06,2010,,0,54.2,Shorea leprosula,35.10631,-92.31257,0.1,,,United States,Mixed,Temperate broadleaf & mixed forests,North America,United States site 13
UNI-0117,UNI-0117-T06,2015,2010,0,54.3,Shorea leprosula,35.10631,-92.31257,0.1,,,United States,Mixed,Temperate broadleaf & mixed forests,North America,United States site 13
UNI-0117,UNI-0117-T07,2010,,0,59.8,Acer saccharum,35.10631,-92.31257,0.1,,,United States,Mixed,Temperate broadleaf & mixed forests,North America,United States site 13
UNI-0117,UNI-0117-T07,2015,2010,0,60.4,Acer saccharum,35.10631,-92.31257,0.1,,,United States,Mixed,Temperate broadleaf & mixed forests,North America,United States site 13
UNI-0118,UNI-0118-T01,1996,,0,38.3,Khaya ivorensis,43.10214,-79.72392,0.1,,3.41,United States,Mixed,Temperate broadleaf & mixed forests,North America,United States site 14
UNI-0118,UNI-0118-T02,1996,,0,41.4,Inga edulis,43.10214,-79.72392,0.1,,0.36,United States,Mixed,Temperate broadleaf & mixed forests,North America,United States site 14
UNI-0118,UNI-0118-T03,1996,,0,57.4,Quercus ilex,43.10214,-79.72392,0.1,,2.991,United States,Mixed,Temperate broadleaf & mixed forests,North America,United States site 14
UNI-0118,UNI-0118-T04,1996,,0,46.7,Betula pendula,43.10214,-79.72392,0.1,,2.407,United States,Mixed,Temperate broadleaf & mixed forests,North America,United States site 14
UNI-0118,UNI-0118-T05,1996,,0,13.6,Inga edulis,43.10214,-79.72392,0.1,,4.303,United States,Mixed,Temperate broadleaf & mixed forests,North America,United States site 14
UNI-0118,UNI-0118-T06,1996,,0,41.1,Dipterocarpus grandiflorus,43.10214,-79.72392,0.1,,4.369,United States,Mixed,Temperate broadleaf & mixed forests,North America,United States site 14
UNI-0118,UNI-0118-T07,1996,,0,31.9,Populus tremula,43.10214,-79.72392,0.1,,0.203,United States,Mixed,Temperate broadleaf & mixed forests,North America,United States site 14
UNI-0118,UNI-0118-T08,1996,,0,61.6,Milicia excelsa,43.10214,-79.72392,0.1,,0.138,United States,Mixed,Temperate broadleaf & mixed forests,North America,United States site 14
UNI-0118,UNI-0118-T09,1996,,0,21.2,Populus tremula,43.10214,-79.72392,0.1,,1.032,United States,Mixed,Temperate broadleaf & mixed forests,North America,United States site 14
UNI-0118,UNI-0118-T10,1996,,0,15.9,Tsuga canadensis,43.10214,-79.72392,0.1,,1.35,United States,Mixed,Temperate broadleaf & mixed forests,North America,United States site 14
UNI-0119,UNI-0119-T01,1933,,0,53.2,Avicennia germinans,36.78147,-86.67398,0.5,20.4,2.489,United States,Deciduous,Temperate broadleaf & mixed forests,North America,United States site 15
UNI-0119,UNI-0119-T01,1943,1933,0,53.7,Avicennia germinans,36.78147,-86.67398,0.5,20.4,2.489,United States,Deciduous,Temperate broadleaf & mixed forests,North America,United States site 15
UNI-0119,UNI-0119-T02,1933,,0,39.1,Khaya ivorensis,36.78147,-86.67398,0.5,35.1,1.754,United States,Deciduous,Temperate broadleaf & mixed forests,North America,United States site 15
UNI-0119,UNI-0119-T02,1943,1933,0,38.2,Khaya ivorensis,36.78147,-86.67398,0.5,35.1,1.754,United States,Deciduous,Temperate broadleaf & mixed forests,North America,United States site 15
UNI-0119,UNI-0119-T03,1933,,0,28.0,Cecropia obtusa,36.78147,-86.67398,0.5,35.0,4.217,United States,Deciduous,Temperate broadleaf & mixed forests,North America,United States site 15
UNI-0119,UNI-0119-T03,1943,1933,0,28.7,Cecropia obtusa,36.78147,-86.67398,0.5,35.0,4.217,United States,Deciduous,Temperate broadleaf & mixed forests,North America,United States site 15
UNI-0119,UNI-0119-T04,1933,,0,51.0,Populus tremula,36.78147,-86.67398,0.5,25.4,0.453,United States,Deciduous,Temperate broadleaf & mixed forests,North America,United States site 15
UNI-0119,UNI-0119-T04,1943,1933,0,50.4,Populus tremula,36.78147,-86.67398,0.5,25.4,0.453,United States,Deciduous,Temperate broadleaf & mixed forests,North America,United States site 15
UNI-0119,UNI-0119-T05,1933,,0,51.6,Picea abies,36.78147,-86.67398,0.5,26.1,3.246,United States,Deciduous,Temperate broadleaf & mixed forests,North America,United States site 15
UNI-0119,UNI-0119-T05,1943,1933,0,51.3,Picea abies,36.78147,-86.67398,0.5,26.1,3.246,United States,Deciduous,Temperate broadleaf & mixed forests,North America,United States site 15
UNI-0119,UNI-0119-T06,1933,,0,22.5,Rhizophora mangle,36.78147,-86.67398,0.5,33.1,2.082,United States,Deciduous,Temperate broadleaf & mixed forests,North America,United States site 15
UNI-0119,UNI-0119-T06,1943,1933,0,21.6,Rhizophora mangle,36.78147,-86.67398,0.5,33.1,2.082,United States,Deciduous,Temperate broadleaf & mixed forests,North America,United States site 15
UNI-0119,UNI-0119-T07,1933,,0,38.2,Quercus robur,36.78147,-86.67398,0.5,24.8,0.278,United States,Deciduous,Temperate broadleaf & mixed forests,North America,United States site 15
UNI-0119,UNI-0119-T07,1943,1933,0,36.9,Quercus robur,36.78147,-86.67398,0.5,24.8,0.278,United States,Deciduous,Temperate broadleaf & mixed forests,North America,United States site 15
UNI-0119,UNI-0119-T08,1933,,0,59.6,Pinus sylvestris,36.78147,-86.67398,0.5,16.3,1.149,United States,Deciduous,Temperate broadleaf & mixed forests,North America,United States site 15
UNI-0119,UNI-0119-T08,1943,1933,0,60.4,Pinus sylvestris,36.78147,-86.67398,0.5,16.3,1.149,United States,Deciduous,Temperate broadleaf & mixed forests,North America,United States site 15
UNI-0119,UNI-0119-T09,1933,,0,61.3,Betula pendula,36.78147,-86.67398,0.5,14.5,2.045,United States,Deciduous,Temperate broadleaf & mixed forests,North America,United States site 15
UNI-0119,UNI-0119-T09,1943,1933,0,60.6,Betula pendula,36.78147,-86.67398,0.5,14.5,2.045,United States,Deciduous,Temperate broadleaf & mixed forests,North America,United States site 15
UNI-0119,UNI-0119-T10,1933,,0,59.1,Eucalyptus camaldulensis,36.78147,-86.67398,0.5,12.3,2.437,United States,Deciduous,Temperate broadleaf & mixed forests,North America,United States site 15
UNI-0119,UNI-0119-T10,1943,1933,0,58.5,Eucalyptus camaldulensis,36.78147,-86.67398,0.5,12.3,2.437,United States,Deciduous,Temperate broadleaf & mixed forests,North America,United States site 15
UNI-0119,UNI-0119-T11,1933,,0,39.7,Ocotea aciphylla,36.78147,-86.67398,0.5,31.2,0.338,United States,Deciduous,Temperate broadleaf & mixed forests,North America,United States site 15
UNI-0119,UNI-0119-T11,1943,1933,0,39.1,Ocotea aciphylla,36.78147,-86.67398,0.5,31.2,0.338,United States,Deciduous,Temperate broadleaf & mixed forests,North America,United States site 15
UNI-0120,UNI-0120-T01,2016,,0,53.1,Acer saccharum,38.89728,-74.60628,0.25,8.9,4.181,United States,Mixed,Temperate broadleaf & mixed forests,North America,United States site 16
UNI-0120,UNI-0120-T02,2016,,0,12.8,Eperua falcata,38.89728,-74.60628,0.25,36.4,2.592,United States,Mixed,Temperate broadleaf & mixed forests,North America,United States site 16
UNI-0120,UNI-0120-T03,2016,,0,51.5,Inga edulis,38.89728,-74.60628,0.25,19.4,2.145,United States,Mixed,Temperate broadleaf & mixed forests,North America,United States site 16
UNI-0120,UNI-0120-T04,2016,,0,13.2,Acer saccharum,38.89728,-74.60628,0.25,18.7,3.189,United States,Mixed,Temperate broadleaf & mixed forests,North America,United States site 16
UNI-0120,UNI-0120-T05,2016,,0,12.9,Avicennia germinans,38.89728,-74.60628,0.25,15.8,0.919,United States,Mixed,Temperate broadleaf & mixed forests,North America,United States site 16
UNI-0120,UNI-0120-T06,2016,,0,42.2,Khaya ivorensis,38.89728,-74.60628,0.25,18.2,3.388,United States,Mixed,Temperate broadleaf & mixed forests,North America,United States site 16
UNI-0120,UNI-0120-T07,2016,,0,55.5,Quercus robur,38.89728,-74.60628,0.25,9.8,2.516,United States,Mixed,Temperate broadleaf & mixed forests,North America,United States site 16
UNI-0120,UNI-0120-T08,2016,,1,17.1,Picea abies,38.89728,-74.60628,0.25,36.9,2.39,United States,Mixed,Temperate broadleaf & mixed forests,North America,United States site 16
UNI-0120,UNI-0120-T09,2016,,0,24.5,Inga edulis,38.89728,-74.60628,0.25,32.0,2.565,United States,Mixed,Temperate broadleaf & mixed forests,North America,United States site 16
UNI-0121,UNI-0121-T01,1965,,0,18.2,Acer saccharum,42.5858,-90.7372,1.0,,2.802,United States,Temperate,Temperate broadleaf & mixed forests,North America,United States site 17
UNI-0121,UNI-0121-T02,1965,,0,60.7,Tsuga canadensis,42.5858,-90.7372,1.0,,0.454,United States,Temperate,Temperate broadleaf & mixed forests,North America,United States site 17
UNI-0121,UNI-0121-T03,1965,,0,40.4,Betula pendula,42.5858,-90.7372,1.0,,2.591,United States,Temperate,Temperate broadleaf & mixed forests,North America,United States site 17
UNI-0121,UNI-0121-T04,1965,,0,35.4,Acer saccharum,42.5858,-90.7372,1.0,,3.668,United States,Temperate,Temperate broadleaf & mixed forests,North America,United States site 17
UNI-0121,UNI-0121-T05,1965,,0,10.1,Quercus ilex,42.5858,-90.7372,1.0,,2.428,United States,Temperate,Temperate broadleaf & mixed forests,North America,United States site 17
UNI-0122,UNI-0122-T01,2005,,0,13.8,Dipterocarpus grandiflorus,43.9765,-84.74056,1.0,,,United States,Temperate,Temperate broadleaf & mixed forests,North America,United States site 18
UNI-0122,UNI-0122-T01,2010,2005,0,13.1,Dipterocarpus grandiflorus,43.9765,-84.74056,1.0,,,United States,Temperate,Temperate broadleaf & mixed forests,North America,United States site 18
UNI-0122,UNI-0122-T02,2005,,0,40.6,Tsuga canadensis,43.9765,-84.74056,1.0,,,United States,Temperate,Temperate broadleaf & mixed forests,North America,United States site 18
UNI-0122,UNI-0122-T02,2010,2005,0,40.4,Tsuga canadensis,43.9765,-84.74056,1.0,,,United States,Temperate,Temperate broadleaf & mixed forests,North America,United States site 18
UNI-0122,UNI-0122-T03,2005,,0,52.9,Nothofagus pumilio,43.9765,-84.74056,1.0,,,United States,Temperate,Temperate broadleaf & mixed forests,North America,United States site 18
UNI-0122,UNI-0122-T03,2010,2005,0,52.3,Nothofagus pumilio,43.9765,-84.74056,1.0,,,United States,Temperate,Temperate broadleaf & mixed forests,North America,United States site 18
UNI-0122,UNI-0122-T04,2005,,0,27.7,Populus tremula,43.9765,-84.74056,1.0,,,United States,Temperate,Temperate broadleaf & mixed forests,North America,United States site 18
UNI-0122,UNI-0122-T04,2010,2005,0,26.6,Populus tremula,43.9765,-84.74056,1.0,,,United States,Temperate,Temperate broadleaf & mixed forests,North America,United States site 18
UNI-0122,UNI-0122-T05,2005,,0,11.2,Ocotea aciphylla,43.9765,-84.74056,1.0,,,United States,Temperate,Temperate broadleaf & mixed forests,North America,United States site 18
UNI-0122,UNI-0122-T05,2010,2005,0,11.6,Ocotea aciphylla,43.9765,-84.74056,1.0,,,United States,Temperate,Temperate broadleaf & mixed forests,North America,United States site 18
UNI-0123,UNI-0123-T01,2005,,0,13.3,Juniperus thurifera,39.45025,-86.14283,0.25,23.6,2.993,United States,Coniferous,Temperate broadleaf & mixed forests,North America,United States site 19
UNI-0123,UNI-0123-T02,2005,,0,38.4,Eucalyptus camaldulensis,39.45025,-86.14283,0.25,29.1,2.357,United States,Coniferous,Temperate broadleaf & mixed forests,North America,United States site 19
UNI-0123,UNI-0123-T03,2005,,0,18.9,Khaya ivorensis,39.45025,-86.14283,0.25,17.6,2.027,United States,Coniferous,Temperate broadleaf & mixed forests,North America,United States site 19
UNI-0123,UNI-0123-T04,2005,,1,31.0,Khaya ivorensis,39.45025,-86.14283,0.25,21.1,0.389,United States,Coniferous,Temperate broadleaf & mixed forests,North America,United States site 19
UNI-0123,UNI-0123-T05,2005,,0,25.4,Picea abies,39.45025,-86.14283,0.25,22.5,1.762,United States,Coniferous,Temperate broadleaf & mixed forests,North America,United States site 19
UNI-0123,UNI-0123-T06,2005,,1,49.6,Dipterocarpus grandiflorus,39.45025,-86.14283,0.25,29.0,2.383,United States,Coniferous,Temperate broadleaf & mixed forests,North America,United States site 19
UNI-0123,UNI-0123-T07,2005,,0,24.6,Pinus sylvestris,39.45025,-86.14283,0.25,25.6,4.053,United States,Coniferous,Temperate broadleaf & mixed forests,North America,United States site 19
UNI-0123,UNI-0123-T08,2005,,0,24.9,Khaya ivorensis,39.45025,-86.14283,0.25,9.4,0.145,United States,Coniferous,Temperate broadleaf & mixed forests,North America,United States site 19
UNI-0123,UNI-0123-T09,2005,,0,18.2,Inga edulis,39.45025,-86.14283,0.25,36.9,0.255,United States,Coniferous,Temperate broadleaf & mixed forests,North America,United States site 19
UNI-0123,UNI-0123-T10,2005,,0,47.9,Cecropia obtusa,39.45025,-86.14283,0.25,23.7,0.819,United States,Coniferous,Temperate broadleaf & mixed forests,North America,United States site 19
UNI-0123,UNI-0123-T11,2005,,0,57.2,Fagus sylvatica,39.45025,-86.14283,0.25,11.0,4.276,United States,Coniferous,Temperate broadleaf & mixed forests,North America,United States site 19
UNI-0124,UNI-0124-T01,2017,,0,46.6,Pinus sylvestris,39.53444,-71.65749,0.25,22.9,,United States,Mixed,Temperate broadleaf & mixed forests,North America,United States site 20
UNI-0124,UNI-0124-T01,2022,2017,0,45.6,Pinus sylvestris,39.53444,-71.65749,0.25,22.9,,United States,Mixed,Temperate broadleaf & mixed forests,North America,United States site 20
UNI-0124,UNI-0124-T02,2017,,0,57.9,Picea abies,39.53444,-71.65749,0.25,8.1,,United States,Mixed,Temperate broadleaf & mixed forests,North America,United States site 20
UNI-0124,UNI-0124-T02,2022,2017,0,57.7,Picea abies,39.53444,-71.65749,0.25,8.1,,United States,Mixed,Temperate broadleaf & mixed forests,North America,United States site 20
UNI-0124,UNI-0124-T03,2017,,0,52.6,Inga edulis,39.53444,-71.65749,0.25,19.2,,United States,Mixed,Temperate broadleaf & mixed forests,North America,United States site 20
UNI-0124,UNI-0124-T03,2022,2017,0,52.6,Inga edulis,39.53444,-71.65749,0.25,19.2,,United States,Mixed,Temperate broadleaf & mixed forests,North America,United States site 20
UNI-0124,UNI-0124-T04,2017,,0,21.9,Milicia excelsa,39.53444,-71.65749,0.25,35.7,,United States,Mixed,Temperate broadleaf & mixed forests,North America,United States site 20
UNI-0124,UNI-0124-T04,2022,2017,0,22.1,Milicia excelsa,39.53444,-71.65749,0.25,35.7,,United States,Mixed,Temperate broadleaf & mixed forests,North America,United States site 20
UNI-0124,UNI-0124-T05,2017,,0,47.8,Khaya ivorensis,39.53444,-71.65749,0.25,16.2,,United States,Mixed,Temperate broadleaf & mixed forests,North America,United States site 20
UNI-0124,UNI-0124-T05,2022,2017,0,47.6,Khaya ivorensis,39.53444,-71.65749,0.25,16.2,,United States,Mixed,Temperate broadleaf & mixed forests,North America,United States site 20
UNI-0124,UNI-0124-T06,2017,,0,52.1,Tsuga canadensis,39.53444,-71.65749,0.25,22.6,,United States,Mixed,Temperate broadleaf & mixed forests,North America,United States site 20
UNI-0124,UNI-0124-T06,2022,2017,0,51.6,Tsuga canadensis,39.53444,-71.65749,0.25,22.6,,United States,Mixed,Temperate broadleaf & mixed forests,North America,United States site 20
UNI-0124,UNI-0124-T07,2017,,0,15.0,Rhizophora mangle,39.53444,-71.65749,0.25,28.7,,United States,Mixed,Temperate broadleaf & mixed forests,North America,United States site 20
UNI-0124,UNI-0124-T07,2022,2017,0,14.9,Rhizophora mangle,39.53444,-71.65749,0.25,28.7,,United States,Mixed,Temperate broadleaf & mixed forests,North America,United States site 20
UNI-0124,UNI-0124-T08,2017,,0,17.9,Pinus sylvestris,39.53444,-71.65749,0.25,17.8,,United States,Mixed,Temperate broadleaf & mixed forests,North America,United States site 20
UNI-0124,UNI-0124-T08,2022,2017,0,18.4,Pinus sylvestris,39.53444,-71.65749,0.25,17.8,,United States,Mixed,Temperate broadleaf & mixed forests,North America,United States site 20
UNI-0124,UNI-0124-T09,2017,,0,23.4,Inga edulis,39.53444,-71.65749,0.25,16.6,,United States,Mixed,Temperate broadleaf & mixed forests,North America,United States site 20
UNI-0124,UNI-0124-T09,2022,2017,0,24.0,Inga edulis,39.53444,-71.65749,0.25,16.6,,United States,Mixed,Temperate broadleaf & mixed forests,North America,United States site 20
UNI-0124,UNI-0124-T10,2017,,0,59.3,Tsuga canadensis,39.53444,-71.65749,0.25,24.6,,United States,Mixed,Temperate broadleaf & mixed forests,North America,United States site 20
UNI-0124,UNI-0124-T10,2022,2017,0,60.5,Tsuga canadensis,39.53444,-71.65749,0.25,24.6,,United States,Mixed,Temperate broadleaf & mixed forests,North America,United States site 20
UNI-0125,UNI-0125-T01,1940,,0,10.1,Populus tremula,40.75089,-88.5889,0.5,19.6,,United States,Deciduous,Temperate broadleaf & mixed forests,North America,United States site 21
UNI-0125,UNI-0125-T01,1944,1940,0,9.0,Populus tremula,40.75089,-88.5889,0.5,19.6,,United States,Deciduous,Temperate broadleaf & mixed forests,North America,United States site 21
UNI-0125,UNI-0125-T02,1940,,0,31.7,Ocotea aciphylla,40.75089,-88.5889,0.5,12.3,,United States,Deciduous,Temperate broadleaf & mixed forests,North America,United States site 21
UNI-0125,UNI-0125-T02,1944,1940,0,32.9,Ocotea aciphylla,40.75089,-88.5889,0.5,12.3,,United States,Deciduous,Temperate broadleaf & mixed forests,North America,United States site 21
UNI-0125,UNI-0125-T03,1940,,1,49.5,Tsuga canadensis,40.75089,-88.5889,0.5,29.7,,United States,Deciduous,Temperate broadleaf & mixed forests,North America,United States site 21
UNI-0125,UNI-0125-T03,1944,1940,0,49.6,Tsuga canadensis,40.75089,-88.5889,0.5,29.7,,United States,Deciduous,Temperate broadleaf & mixed forests,North America,United States site 21
UNI-0125,UNI-0125-T04,1940,,0,57.8,Shorea leprosula,40.75089,-88.5889,0.5,18.5,,United States,Deciduous,Temperate broadleaf & mixed forests,North America,United States site 21
UNI-0125,UNI-0125-T04,1944,1940,0,57.3,Shorea leprosula,40.75089,-88.5889,0.5,18.5,,United States,Deciduous,Temperate broadleaf & mixed forests,North America,United States site 21
UNI-0125,UNI-0125-T05,1940,,0,35.3,Dipterocarpus grandiflorus,40.75089,-88.5889,0.5,14.8,,United States,Deciduous,Temperate broadleaf & mixed forests,North America,United States site 21
UNI-0125,UNI-0125-T05,1944,1940,1,35.8,Dipterocarpus grandiflorus,40.75089,-88.5889,0.5,14.8,,United States,Deciduous,Temperate broadleaf & mixed forests,North America,United States site 21
UNI-0126,UNI-0126-T01,1947,,0,40.5,Populus tremula,40.37292,-77.06605,0.04,16.6,0.742,United States,Deciduous,Temperate broadleaf & mixed forests,North America,United States site 22
UNI-0126,UNI-0126-T01,1951,1947,0,40.1,Populus tremula,40.37292,-77.06605,0.04,16.6,0.742,United States,Deciduous,Temperate broadleaf & mixed forests,North America,United States site 22
UNI-0126,UNI-0126-T02,1947,,0,36.9,Eucalyptus camaldulensis,40.37292,-77.06605,0.04,26.6,0.781,United States,Deciduous,Temperate broadleaf & mixed forests,North America,United States site 22
UNI-0126,UNI-0126-T02,1951,1947,0,36.4,Eucalyptus camaldulensis,40.37292,-77.06605,0.04,26.6,0.781,United States,Deciduous,Temperate broadleaf & mixed forests,North America,United States site 22
UNI-0126,UNI-0126-T03,1947,,0,8.3,Populus tremula,40.37292,-77.06605,0.04,8.1,0.282,United States,Deciduous,Temperate broadleaf & mixed forests,North America,United States site 22
UNI-0126,UNI-0126-T03,1951,1947,0,8.6,Populus tremula,40.37292,-77.06605,0.04,8.1,0.282,United States,Deciduous,Temperate broadleaf & mixed forests,North America,United States site 22
UNI-0126,UNI-0126-T04,1947,,0,38.4,Fagus sylvatica,40.37292,-77.06605,0.04,10.2,2.927,United States,Deciduous,Temperate broadleaf & mixed forests,North America,United States site 22
UNI-0126,UNI-0126-T04,1951,1947,0,37.8,Fagus sylvatica,40.37292,-77.06605,0.04,10.2,2.927,United States,Deciduous,Temperate broadleaf & mixed forests,North America,United States site 22
UNI-0126,UNI-0126-T05,1947,,0,28.9,Quercus ilex,40.37292,-77.06605,0.04,35.3,1.085,United States,Deciduous,Temperate broadleaf & mixed forests,North America,United States site 22
UNI-0126,UNI-0126-T05,1951,1947,0,29.9,Quercus ilex,40.37292,-77.06605,0.04,35.3,1.085,United States,Deciduous,Temperate broadleaf & mixed forests,North America,United States site 22
UNI-0126,UNI-0126-T06,1947,,0,57.6,Avicennia germinans,40.37292,-77.06605,0.04,12.6,2.423,United States,Deciduous,Temperate broadleaf & mixed forests,North America,United States site 22
UNI-0126,UNI-0126-T06,1951,1947,0,58.3,Avicennia germinans,40.37292,-77.06605,0.04,12.6,2.423,United States,Deciduous,Temperate broadleaf & mixed forests,North America,United States site 22
UNI-0126,UNI-0126-T07,1947,,1,62.0,Inga edulis,40.37292,-77.06605,0.04,34.5,1.669,United States,Deciduous,Temperate broadleaf & mixed forests,North America,United States site 22
UNI-0126,UNI-0126-T07,1951,1947,0,60.8,Inga edulis,40.37292,-77.06605,0.04,34.5,1.669,United States,Deciduous,Temperate broadleaf & mixed forests,North America,United States site 22
UNI-0126,UNI-0126-T08,1947,,0,54.0,Nothofagus pumilio,40.37292,-77.06605,0.04,37.6,0.58,United States,Deciduous,Temperate broadleaf & mixed forests,North America,United States site 22
UNI-0126,UNI-0126-T08,1951,1947,0,54.2,Nothofagus pumilio,40.37292,-77.06605,0.04,37.6,0.58,United States,Deciduous,Temperate broadleaf & mixed forests,North America,United States site 22
UNI-0127,UNI-0127-T01,1976,,0,32.0,Rhizophora mangle,43.39667,-72.30158,0.04,19.7,1.649,United States,Coniferous,Temperate broadleaf & mixed forests,North America,United States site 23
UNI-0127,UNI-0127-T01,1986,1976,0,32.4,Rhizophora mangle,43.39667,-72.30158,0.04,19.7,1.649,United States,Coniferous,Temperate broadleaf & mixed forests,North America,United States site 23
UNI-0127,UNI-0127-T02,1976,,0,46.5,Tsuga canadensis,43.39667,-72.30158,0.04,25.1,4.267,United States,Coniferous,Temperate broadleaf & mixed forests,North America,United States site 23
UNI-0127,UNI-0127-T02,1986,1976,0,45.6,Tsuga canadensis,43.39667,-72.30158,0.04,25.1,4.267,United States,Coniferous,Temperate broadleaf & mixed forests,North America,United States site 23
UNI-0127,UNI-0127-T03,1976,,0,28.2,Cecropia obtusa,43.39667,-72.30158,0.04,17.2,1.78,United States,Coniferous,Temperate broadleaf & mixed forests,North America,United States site 23
UNI-0127,UNI-0127-T03,1986,1976,0,27.9,Cecropia obtusa,43.39667,-72.30158,0.04,17.2,1.78,United States,Coniferous,Temperate broadleaf & mixed forests,North America,United States site 23
UNI-0127,UNI-0127-T04,1976,,0,30.3,Quercus ilex,43.39667,-72.30158,0.04,14.0,1.533,United States,Coniferous,Temperate broadleaf & mixed forests,North America,United States site 23
UNI-0127,UNI-0127-T04,1986,1976,0,30.5,Quercus ilex,43.39667,-72.30158,0.04,14.0,1.533,United States,Coniferous,Temperate broadleaf & mixed forests,North America,United States site 23
UNI-0127,UNI-0127-T05,1976,,0,9.3,Rhizophora mangle,43.39667,-72.30158,0.04,14.2,2.562,United States,Coniferous,Temperate broadleaf & mixed forests,North America,United States site 23
UNI-0127,UNI-0127-T05,1986,1976,0,8.6,Rhizophora mangle,43.39667,-72.30158,0.04,14.2,2.562,United States,Coniferous,Temperate broadleaf & mixed forests,North America,United States site 23
UNI-0127,UNI-0127-T06,1976,,0,29.7,Khaya ivorensis,43.39667,-72.30158,0.04,31.5,0.906,United States,Coniferous,Temperate broadleaf & mixed forests,North America,United States site 23
UNI-0127,UNI-0127-T06,1986,1976,0,30.2,Khaya ivorensis,43.39667,-72.30158,0.04,31.5,0.906,United States,Coniferous,Temperate broadleaf & mixed forests,North America,United States site 23
UNI-0127,UNI-0127-T07,1976,,0,25.1,Avicennia germinans,43.39667,-72.30158,0.04,36.0,2.763,United States,Coniferous,Temperate broadleaf & mixed forests,North America,United States site 23
UNI-0127,UNI-0127-T07,1986,1976,0,24.6,Avicennia germinans,43.39667,-72.30158,0.04,36.0,2.763,United States,Coniferous,Temperate broadleaf & mixed forests,North America,United States site 23
UNI-0127,UNI-0127-T08,1976,,0,9.2,Pinus sylvestris,43.39667,-72.30158,0.04,35.6,3.915,United States,Coniferous,Temperate broadleaf & mixed forests,North America,United States site 23
UNI-0127,UNI-0127-T08,1986,1976,0,10.4,Pinus sylvestris,43.39667,-72.30158,0.04,35.6,3.915,United States,Coniferous,Temperate broadleaf & mixed forests,North America,United States site 23
UNI-0128,UNI-0128-T01,1976,,0,59.7,Betula pendula,47.50771,-71.84901,0.04,17.2,,United States,Deciduous,Temperate broadleaf & mixed forests,North America,United States site 24
UNI-0128,UNI-0128-T02,1976,,0,57.1,Quercus ilex,47.50771,-71.84901,0.04,25.5,,United States,Deciduous,Temperate broadleaf & mixed forests,North America,United States site 24
UNI-0128,UNI-0128-T03,1976,,0,26.3,Avicennia germinans,47.50771,-71.84901,0.04,13.3,,United States,Deciduous,Temperate broadleaf & mixed forests,North America,United States site 24
UNI-0128,UNI-0128-T04,1976,,0,16.6,Nothofagus pumilio,47.50771,-71.84901,0.04,34.4,,United States,Deciduous,Temperate broadleaf & mixed forests,North America,United States site 24
UNI-0128,UNI-0128-T05,1976,,0,36.7,Picea abies,47.50771,-71.84901,0.04,26.5,,United States,Deciduous,Temperate broadleaf & mixed forests,North America,United States site 24
UNI-0128,UNI-0128-T06,1976,,0,41.9,Nothofagus pumilio,47.50771,-71.84901,0.04,29.0,,United States,Deciduous,Temperate broadleaf & mixed forests,North America,United States site 24
UNI-0128,UNI-0128-T07,1976,,0,60.7,Populus tremula,47.50771,-71.84901,0.04,27.9,,United States,Deciduous,Temperate broadleaf & mixed forests,North America,United States site 24
UNI-0128,UNI-0128-T08,1976,,0,13.2,Rhizophora mangle,47.50771,-71.84901,0.04,9.2,,United States,Deciduous,Temperate broadleaf & mixed forests,North America,United States site 24
UNI-0128,UNI-0128-T09,1976,,1,28.5,Avicennia germinans,47.50771,-71.84901,0.04,13.1,,United States,Deciduous,Temperate broadleaf & mixed forests,North America,United States site 24
UNI-0128,UNI-0128-T10,1976,,0,58.3,Ocotea aciphylla,47.50771,-71.84901,0.04,25.5,,United States,Deciduous,Temperate broadleaf & mixed forests,North America,United States site 24
UNI-0129,UNI-0129-T01,1991,,0,38.6,Milicia excelsa,36.46441,-90.93764,0.5,34.6,,United States,Coniferous,Temperate broadleaf & mixed forests,North America,United States site 25
UNI-0129,UNI-0129-T01,1996,1991,0,37.2,Milicia excelsa,36.46441,-90.93764,0.5,34.6,,United States,Coniferous,Temperate broadleaf & mixed forests,North America,United States site 25
UNI-0129,UNI-0129-T02,1991,,0,44.6,Dipterocarpus grandiflorus,36.46441,-90.93764,0.5,35.5,,United States,Coniferous,Temperate broadleaf & mixed forests,North America,United States site 25
UNI-0129,UNI-0129-T02,1996,1991,0,44.4,Dipterocarpus grandiflorus,36.46441,-90.93764,0.5,35.5,,United States,Coniferous,Temperate broadleaf & mixed forests,North America,United States site 25
UNI-0129,UNI-0129-T03,1991,,0,25.3,Khaya ivorensis,36.46441,-90.93764,0.5,29.3,,United States,Coniferous,Temperate broadleaf & mixed forests,North America,United States site 25
UNI-0129,UNI-0129-T03,1996,1991,0,26.0,Khaya ivorensis,36.46441,-90.93764,0.5,29.3,,United States,Coniferous,Temperate broadleaf & mixed forests,North America,United States site 25
UNI-0129,UNI-0129-T04,1991,,0,41.6,Quercus robur,36.46441,-90.93764,0.5,25.7,,United States,Coniferous,Temperate broadleaf & mixed forests,North America,United States site 25
UNI-0129,UNI-0129-T04,1996,1991,0,41.3,Quercus robur,36.46441,-90.93764,0.5,25.7,,United States,Coniferous,Temperate broadleaf & mixed forests,North America,United States site 25
UNI-0129,UNI-0129-T05,1991,,0,56.8,Eucalyptus camaldulensis,36.46441,-90.93764,0.5,8.7,,United States,Coniferous,Temperate broadleaf & mixed forests,North America,United States site 25
UNI-0129,UNI-0129-T05,1996,1991,0,57.4,Eucalyptus camaldulensis,36.46441,-90.93764,0.5,8.7,,United States,Coniferous,Temperate broadleaf & mixed forests,North America,United States site 25
UNI-0130,UNI-0130-T01,2002,,0,61.8,Rhizophora mangle,37.40216,-91.4847,0.25,,1.532,United States,Coniferous,Temperate broadleaf & mixed forests,North America,United States site 26
UNI-0130,UNI-0130-T02,2002,,0,32.7,Milicia excelsa,37.40216,-91.4847,0.25,,0.379,United States,Coniferous,Temperate broadleaf & mixed forests,North America,United States site 26
UNI-0130,UNI-0130-T03,2002,,1,55.1,Betula pendula,37.40216,-91.4847,0.25,,4.171,United States,Coniferous,Temperate broadleaf & mixed forests,North America,United States site 26
UNI-0130,UNI-0130-T04,2002,,0,9.0,Juniperus thurifera,37.40216,-91.4847,0.25,,1.725,United States,Coniferous,Temperate broadleaf & mixed forests,North America,United States site 26
UNI-0130,UNI-0130-T05,2002,,0,29.0,Inga edulis,37.40216,-91.4847,0.25,,3.135,United States,Coniferous,Temperate broadleaf & mixed forests,North America,United States site 26
UNI-0130,UNI-0130-T06,2002,,0,26.1,Inga edulis,37.40216,-91.4847,0.25,,3.618,United States,Coniferous,Temperate broadleaf & mixed forests,North America,United States site 26
UNI-0130,UNI-0130-T07,2002,,0,30.0,Cecropia obtusa,37.40216,-91.4847,0.25,,1.553,United States,Coniferous,Temperate broadleaf & mixed forests,North America,United States site 26
UNI-0131,UNI-0131-T01,1998,,0,37.8,Shorea leprosula,44.00599,-93.44689,0.04,22.7,1.215,United States,Mixed,Temperate broadleaf & mixed forests,North America,United States site 27
UNI-0131,UNI-0131-T02,1998,,0,12.6,Milicia excelsa,44.00599,-93.44689,0.04,28.0,1.447,United States,Mixed,Temperate broadleaf & mixed forests,North America,United States site 27
UNI-0131,UNI-0131-T03,1998,,0,9.2,Picea abies,44.00599,-93.44689,0.04,11.9,3.434,United States,Mixed,Temperate broadleaf & mixed forests,North America,United States site 27
UNI-0131,UNI-0131-T04,1998,,0,28.2,Acer saccharum,44.00599,-93.44689,0.04,12.6,3.611,United States,Mixed,Temperate broadleaf & mixed forests,North America,United States site 27
UNI-0131,UNI-0131-T05,1998,,0,8.5,Pinus sylvestris,44.00599,-93.44689,0.04,8.4,3.635,United States,Mixed,Temperate broadleaf & mixed forests,North America,United States site 27
UNI-0131,UNI-0131-T06,1998,,0,11.8,Quercus ilex,44.00599,-93.44689,0.04,25.5,4.346,United States,Mixed,Temperate broadleaf & mixed forests,North America,United States site 27
UNI-0131,UNI-0131-T07,1998,,0,55.2,Khaya ivorensis,44.00599,-93.44689,0.04,31.6,0.494,United States,Mixed,Temperate broadleaf & mixed forests,North America,United States site 27
UNI-0131,UNI-0131-T08,1998,,0,18.8,Betula pendula,44.00599,-93.44689,0.04,30.4,0.384,United States,Mixed,Temperate broadleaf & mixed forests,North America,United States site 27
UNI-0131,UNI-0131-T09,1998,,1,8.2,Pinus sylvestris,44.00599,-93.44689,0.04,31.7,1.064,United States,Mixed,Temperate broadleaf & mixed forests,North America,United States site 27
UNI-0131,UNI-0131-T10,1998,,0,28.9,Pinus sylvestris,44.00599,-93.44689,0.04,26.8,0.883,United States,Mixed,Temperate broadleaf & mixed forests,North America,United States site 27
UNI-0132,UNI-0132-T01,1965,,0,46.1,Quercus ilex,36.73639,-91.17036,1.0,22.1,,United States,Mixed,Temperate broadleaf & mixed forests,North America,United States site 28
UNI-0132,UNI-0132-T01,1970,1965,0,46.4,Quercus ilex,36.73639,-91.17036,1.0,22.1,,United States,Mixed,Temperate broadleaf & mixed forests,North America,United States site 28
UNI-0132,UNI-0132-T02,1965,,0,8.3,Eucalyptus camaldulensis,36.73639,-91.17036,1.0,13.3,,United States,Mixed,Temperate broadleaf & mixed forests,North America,United States site 28
UNI-0132,UNI-0132-T02,1970,1965,0,8.8,Eucalyptus camaldulensis,36.73639,-91.17036,1.0,13.3,,United States,Mixed,Temperate broadleaf & mixed forests,North America,United States site 28
UNI-0132,UNI-0132-T03,1965,,0,46.0,Picea abies,36.73639,-91.17036,1.0,10.3,,United States,Mixed,Temperate broadleaf & mixed forests,North America,United States site 28
UNI-0132,UNI-0132-T03,1970,1965,0,46.9,Picea abies,36.73639,-91.17036,1.0,10.3,,United States,Mixed,Temperate broadleaf & mixed forests,North America,United States site 28
UNI-0132,UNI-0132-T04,1965,,0,53.1,Khaya ivorensis,36.73639,-91.17036,1.0,16.9,,United States,Mixed,Temperate broadleaf & mixed forests,North America,United States site 28
UNI-0132,UNI-0132-T04,1970,1965,0,52.3,Khaya ivorensis,36.73639,-91.17036,1.0,16.9,,United States,Mixed,Temperate broadleaf & mixed forests,North America,United States site 28
UNI-0132,UNI-0132-T05,1965,,0,47.7,Ocotea aciphylla,36.73639,-91.17036,1.0,23.9,,United States,Mixed,Temperate broadleaf & mixed forests,North America,United States site 28
UNI-0132,UNI-0132-T05,1970,1965,0,46.5,Ocotea aciphylla,36.73639,-91.17036,1.0,23.9,,United States,Mixed,Temperate broadleaf & mixed forests,North America,United States site 28
UNI-0132,UNI-0132-T06,1965,,0,11.3,Pinus sylvestris,36.73639,-91.17036,1.0,22.8,,United States,Mixed,Temperate broadleaf & mixed forests,North America,United States site 28
UNI-0132,UNI-0132-T06,1970,1965,0,12.2,Pinus sylvestris,36.73639,-91.17036,1.0,22.8,,United States,Mixed,Temperate broadleaf & mixed forests,North America,United States site 28
UNI-0132,UNI-0132-T07,1965,,1,49.3,Milicia excelsa,36.73639,-91.17036,1.0,29.5,,United States,Mixed,Temperate broadleaf & mixed forests,North America,United States site 28
UNI-0132,UNI-0132-T07,1970,1965,0,48.1,Milicia excelsa,36.73639,-91.17036,1.0,29.5,,United States,Mixed,Temperate broadleaf & mixed forests,North America,United States site 28
UNI-0132,UNI-0132-T08,1965,,0,45.7,Ocotea aciphylla,36.73639,-91.17036,1.0,26.2,,United States,Mixed,Temperate broadleaf & mixed forests,North America,United States site 28
UNI-0132,UNI-0132-T08,1970,1965,0,45.8,Ocotea aciphylla,36.73639,-91.17036,1.0,26.2,,United States,Mixed,Temperate broadleaf & mixed forests,North America,United States site 28
UNI-0132,UNI-0132-T09,1965,,0,48.1,Ocotea aciphylla,36.73639,-91.17036,1.0,22.4,,United States,Mixed,Temperate broadleaf & mixed forests,North America,United States site 28
UNI-0132,UNI-0132-T09,1970,1965,0,47.3,Ocotea aciphylla,36.73639,-91.17036,1.0,22.4,,United States,Mixed,Temperate broadleaf & mixed forests,North America,United States site 28
UNI-0132,UNI-0132-T10,1965,,0,20.3,Tsuga canadensis,36.73639,-91.17036,1.0,13.1,,United States,Mixed,Temperate broadleaf & mixed forests,North America,United States site 28
UNI-0132,UNI-0132-T10,1970,1965,0,20.8,Tsuga canadensis,36.73639,-91.17036,1.0,13.1,,United States,Mixed,Temperate broadleaf & mixed forests,North America,United States site 28
UNI-0133,UNI-0133-T01,1991,,0,54.9,Rhizophora mangle,42.33419,-93.45605,1.0,,2.1,United States,Temperate,Temperate broadleaf & mixed forests,North America,United States site 29
UNI-0133,UNI-0133-T01,1996,1991,0,54.2,Rhizophora mangle,42.33419,-93.45605,1.0,,2.1,United States,Temperate,Temperate broadleaf & mixed forests,North America,United States site 29
UNI-0133,UNI-0133-T02,1991,,0,50.6,Betula pendula,42.33419,-93.45605,1.0,,1.729,United States,Temperate,Temperate broadleaf & mixed forests,North America,United States site 29
UNI-0133,UNI-0133-T02,1996,1991,0,50.8,Betula pendula,42.33419,-93.45605,1.0,,1.729,United States,Temperate,Temperate broadleaf & mixed forests,North America,United States site 29
UNI-0133,UNI-0133-T03,1991,,0,56.9,Milicia excelsa,42.33419,-93.45605,1.0,,0.697,United States,Temperate,Temperate broadleaf & mixed forests,North America,United States site 29
UNI-0133,UNI-0133-T03,1996,1991,0,56.5,Milicia excelsa,42.33419,-93.45605,1.0,,0.697,United States,Temperate,Temperate broadleaf & mixed forests,North America,United States site 29
UNI-0133,UNI-0133-T04,1991,,0,26.2,Shorea leprosula,42.33419,-93.45605,1.0,,0.117,United States,Temperate,Temperate broadleaf & mixed forests,North America,United States site 29
UNI-0133,UNI-0133-T04,1996,1991,0,27.0,Shorea leprosula,42.33419,-93.45605,1.0,,0.117,United States,Temperate,Temperate broadleaf & mixed forests,North America,United States site 29
UNI-0133,UNI-0133-T05,1991,,0,18.3,Populus tremula,42.33419,-93.45605,1.0,,2.739,United States,Temperate,Temperate broadleaf & mixed forests,North America,United States site 29
UNI-0133,UNI-0133-T05,1996,1991,0,18.8,Populus tremula,42.33419,-93.45605,1.0,,2.739,United States,Temperate,Temperate broadleaf & mixed forests,North America,United States site 29
UNI-0133,UNI-0133-T06,1991,,0,11.2,Milicia excelsa,42.33419,-93.45605,1.0,,4.327,United States,Temperate,Temperate broadleaf & mixed forests,North America,United States site 29
UNI-0133,UNI-0133-T06,1996,1991,0,11.3,Milicia excelsa,42.33419,-93.45605,1.0,,4.327,United States,Temperate,Temperate broadleaf & mixed forests,North America,United States site 29
UNI-0133,UNI-0133-T07,1991,,0,36.0,Populus tremula,42.33419,-93.45605,1.0,,2.234,United States,Temperate,Temperate broadleaf & mixed forests,North America,United States site 29
UNI-0133,UNI-0133-T07,1996,1991,0,36.5,Populus tremula,42.33419,-93.45605,1.0,,2.234,United States,Temperate,Temperate broadleaf & mixed forests,North America,United States site 29
UNI-0133,UNI-0133-T08,1991,,0,42.0,Eperua falcata,42.33419,-93.45605,1.0,,3.085,United States,Temperate,Temperate broadleaf & mixed forests,North America,United States site 29
UNI-0133,UNI-0133-T08,1996,1991,0,41.9,Eperua falcata,42.33419,-93.45605,1.0,,3.085,United States,Temperate,Temperate broadleaf & mixed forests,North America,United States site 29
UNI-0133,UNI-0133-T09,1991,,0,51.6,Ocotea aciphylla,42.33419,-93.45605,1.0,,3.891,United States,Temperate,Temperate broadleaf & mixed forests,North America,United States site 29
UNI-0133,UNI-0133-T09,1996,1991,0,50.0,Ocotea aciphylla,42.33419,-93.45605,1.0,,3.891,United States,Temperate,Temperate broadleaf & mixed forests,North America,United States site 29
UNI-0133,UNI-0133-T10,1991,,0,21.3,Cecropia obtusa,42.33419,-93.45605,1.0,,4.252,United States,Temperate,Temperate broadleaf & mixed forests,North America,United States site 29
UNI-0133,UNI-0133-T10,1996,1991,0,21.1,Cecropia obtusa,42.33419,-93.45605,1.0,,4.252,United States,Temperate,Temperate broadleaf & mixed forests,North America,United States site 29
UNI-0133,UNI-0133-T11,1991,,0,50.5,Avicennia germinans,42.33419,-93.45605,1.0,,2.506,United States,Temperate,Temperate broadleaf & mixed forests,North America,United States site 29
UNI-0133,UNI-0133-T11,1996,1991,0,50.2,Avicennia germinans,42.33419,-93.45605,1.0,,2.506,United States,Temperate,Temperate broadleaf & mixed forests,North America,United States site 29
UNI-0134,UNI-0134-T01,1941,,0,38.9,Khaya ivorensis,41.67222,-83.58004,0.04,35.3,,United States,Coniferous,Temperate broadleaf & mixed forests,North America,United States site 30
UNI-0134,UNI-0134-T02,1941,,0,20.8,Quercus ilex,41.67222,-83.58004,0.04,32.6,,United States,Coniferous,Temperate broadleaf & mixed forests,North America,United States site 30
UNI-0134,UNI-0134-T03,1941,,0,56.1,Avicennia germinans,41.67222,-83.58004,0.04,17.4,,United States,Coniferous,Temperate broadleaf & mixed forests,North America,United States site 30
UNI-0134,UNI-0134-T04,1941,,0,48.5,Inga edulis,41.67222,-83.58004,0.04,26.7,,United States,Coniferous,Temperate broadleaf & mixed forests,North America,United States site 30
UNI-0134,UNI-0134-T05,1941,,0,33.0,Avicennia germinans,41.67222,-83.58004,0.04,35.0,,United States,Coniferous,Temperate broadleaf & mixed forests,North America,United States site 30
UNI-0134,UNI-0134-T06,1941,,0,11.6,Shorea leprosula,41.67222,-83.58004,0.04,19.7,,United States,Coniferous,Temperate broadleaf & mixed forests,North America,United States site 30
UNI-0134,UNI-0134-T07,1941,,0,46.4,Shorea leprosula,41.67222,-83.58004,0.04,18.9,,United States,Coniferous,Temperate broadleaf & mixed forests,North America,United States site 30
UNI-0135,UNI-0135-T01,1997,,0,42.2,Populus tremula,35.82888,-70.14691,0.04,,,United States,Temperate,Temperate broadleaf & mixed forests,North America,United States site 31
UNI-0135,UNI-0135-T01,2001,1997,0,41.5,Populus tremula,35.82888,-70.14691,0.04,,,United States,Temperate,Temperate broadleaf & mixed forests,North America,United States site 31
UNI-0135,UNI-0135-T02,1997,,0,59.7,Shorea leprosula,35.82888,-70.14691,0.04,,,United States,Temperate,Temperate broadleaf & mixed forests,North America,United States site 31
UNI-0135,UNI-0135-T02,2001,1997,0,60.4,Shorea leprosula,35.82888,-70.14691,0.04,,,United States,Temperate,Temperate broadleaf & mixed forests,North America,United States site 31
UNI-0135,UNI-0135-T03,1997,,0,18.2,Khaya ivorensis,35.82888,-70.14691,0.04,,,United States,Temperate,Temperate broadleaf & mixed forests,North America,United States site 31
UNI-0135,UNI-0135-T03,2001,1997,0,17.5,Khaya ivorensis,35.82888,-70.14691,0.04,,,United States,Temperate,Temperate broadleaf & mixed forests,North America,United States site 31
UNI-0135,UNI-0135-T04,1997,,0,36.3,Tsuga canadensis,35.82888,-70.14691,0.04,,,United States,Temperate,Temperate broadleaf & mixed forests,North America,United States site 31
UNI-0135,UNI-0135-T04,2001,1997,0,36.4,Tsuga canadensis,35.82888,-70.14691,0.04,,,United States,Temperate,Temperate broadleaf & mixed forests,North America,United States site 31
UNI-0135,UNI-0135-T05,1997,,0,24.1,Quercus robur,35.82888,-70.14691,0.04,,,United States,Temperate,Temperate broadleaf & mixed forests,North America,United States site 31
UNI-0135,UNI-0135-T05,2001,1997,0,23.5,Quercus robur,35.82888,-70.14691,0.04,,,United States,Temperate,Temperate broadleaf & mixed forests,North America,United States site 31
UNI-0135,UNI-0135-T06,1997,,0,12.3,Cecropia obtusa,35.82888,-70.14691,0.04,,,United States,Temperate,Temperate broadleaf & mixed forests,North America,United States site 31
UNI-0135,UNI-0135-T06,2001,1997,0,10.9,Cecropia obtusa,35.82888,-70.14691,0.04,,,United States,Temperate,Temperate broadleaf & mixed forests,North America,United States site 31
UNI-0135,UNI-0135-T07,1997,,0,16.5,Nothofagus pumilio,35.82888,-70.14691,0.04,,,United States,Temperate,Temperate broadleaf & mixed forests,North America,United States site 31
UNI-0135,UNI-0135-T07,2001,1997,0,17.3,Nothofagus pumilio,35.82888,-70.14691,0.04,,,United States,Temperate,Temperate broadleaf & mixed forests,North America,United States site 31
UNI-0135,UNI-0135-T08,1997,,0,46.1,Tsuga canadensis,35.82888,-70.14691,0.04,,,United States,Temperate,Temperate broadleaf & mixed forests,North America,United States site 31
UNI-0135,UNI-0135-T08,2001,1997,0,45.9,Tsuga canadensis,35.82888,-70.14691,0.04,,,United States,Temperate,Temperate broadleaf & mixed forests,North America,United States site 31
UNI-0136,UNI-0136-T01,2010,,0,37.8,Eperua falcata,43.87549,-78.45519,1.0,19.1,,United States,Coniferous,Temperate broadleaf & mixed forests,North America,United States site 32
UNI-0136,UNI-0136-T01,2014,2010,0,37.3,Eperua falcata,43.87549,-78.45519,1.0,19.1,,United States,Coniferous,Temperate broadleaf & mixed forests,North America,United States site 32
UNI-0136,UNI-0136-T02,2010,,0,25.5,Khaya ivorensis,43.87549,-78.45519,1.0,13.3,,United States,Coniferous,Temperate broadleaf & mixed forests,North America,United States site 32
UNI-0136,UNI-0136-T02,2014,2010,0,25.2,Khaya ivorensis,43.87549,-78.45519,1.0,13.3,,United States,Coniferous,Temperate broadleaf & mixed forests,North America,United States site 32
UNI-0136,UNI-0136-T03,2010,,0,10.1,Juniperus thurifera,43.87549,-78.45519,1.0,23.4,,United States,Coniferous,Temperate broadleaf & mixed forests,North America,United States site 32
UNI-0136,UNI-0136-T03,2014,2010,0,9.6,Juniperus thurifera,43.87549,-78.45519,1.0,23.4,,United States,Coniferous,Temperate broadleaf & mixed forests,North America,United States site 32
UNI-0136,UNI-0136-T04,2010,,0,16.2,Betula pendula,43.87549,-78.45519,1.0,23.7,,United States,Coniferous,Temperate broadleaf & mixed forests,North America,United States site 32
UNI-0136,UNI-0136-T04,2014,2010,0,16.8,Betula pendula,43.87549,-78.45519,1.0,23.7,,United States,Coniferous,Temperate broadleaf & mixed forests,North America,United States site 32
UNI-0136,UNI-0136-T05,2010,,0,12.4,Eperua falcata,43.87549,-78.45519,1.0,18.3,,United States,Coniferous,Temperate broadleaf & mixed forests,North America,United States site 32
UNI-0136,UNI-0136-T05,2014,2010,0,11.8,Eperua falcata,43.87549,-78.45519,1.0,18.3,,United States,Coniferous,Temperate broadleaf & mixed forests,North America,United States site 32
UNI-0137,UNI-0137-T01,2021,,0,45.5,Inga edulis,45.70369,-88.8122,0.25,24.4,0.421,United States,Temperate,Temperate broadleaf & mixed forests,North America,United States site 33
UNI-0137,UNI-0137-T02,2021,,0,14.2,Acer saccharum,45.70369,-88.8122,0.25,35.3,1.188,United States,Temperate,Temperate broadleaf & mixed forests,North America,United States site 33
UNI-0137,UNI-0137-T03,2021,,0,44.9,Khaya ivorensis,45.70369,-88.8122,0.25,8.7,2.9,United States,Temperate,Temperate broadleaf & mixed forests,North America,United States site 33
UNI-0137,UNI-0137-T04,2021,,0,10.3,Avicennia germinans,45.70369,-88.8122,0.25,14.6,1.062,United States,Temperate,Temperate broadleaf & mixed forests,North America,United States site 33
UNI-0137,UNI-0137-T05,2021,,0,35.0,Betula pendula,45.70369,-88.8122,0.25,17.7,3.407,United States,Temperate,Temperate broadleaf & mixed forests,North America,United States site 33
UNI-0137,UNI-0137-T06,2021,,0,35.6,Quercus robur,45.70369,-88.8122,0.25,16.7,0.125,United States,Temperate,Temperate broadleaf & mixed forests,North America,United States site 33
UNI-0137,UNI-0137-T07,2021,,0,37.7,Cecropia obtusa,45.70369,-88.8122,0.25,9.2,2.662,United States,Temperate,Temperate broadleaf & mixed forests,North America,United States site 33
UNI-0137,UNI-0137-T08,2021,,0,34.5,Juniperus thurifera,45.70369,-88.8122,0.25,18.5,0.381,United States,Temperate,Temperate broadleaf & mixed forests,North America,United States site 33
UNI-0137,UNI-0137-T09,2021,,0,56.5,Eucalyptus camaldulensis,45.70369,-88.8122,0.25,12.9,0.973,United States,Temperate,Temperate broadleaf & mixed forests,North America,United States site 33
UNI-0137,UNI-0137-T10,2021,,0,48.2,Khaya ivorensis,45.70369,-88.8122,0.25,16.4,2.512,United States,Temperate,Temperate broadleaf & mixed forests,North America,United States site 33
UNI-0137,UNI-0137-T11,2021,,0,53.1,Acer saccharum,45.70369,-88.8122,0.25,30.6,1.168,United States,Temperate,Temperate broadleaf & mixed forests,North America,United States site 33
UNI-0138,UNI-0138-T01,1969,,0,43.1,Picea abies,42.72127,-83.83897,0.04,21.5,2.016,United States,Coniferous,Temperate broadleaf & mixed forests,North America,United States site 34
UNI-0138,UNI-0138-T01,1974,1969,0,43.1,Picea abies,42.72127,-83.83897,0.04,21.5,2.016,United States,Coniferous,Temperate broadleaf & mixed forests,North America,United States site 34
UNI-0138,UNI-0138-T02,1969,,0,10.2,Picea abies,42.72127,-83.83897,0.04,32.1,3.348,United States,Coniferous,Temperate broadleaf & mixed forests,North America,United States site 34
UNI-0138,UNI-0138-T02,1974,1969,0,10.7,Picea abies,42.72127,-83.83897,0.04,32.1,3.348,United States,Coniferous,Temperate broadleaf & mixed forests,North America,United States site 34
UNI-0138,UNI-0138-T03,1969,,0,19.6,Milicia excelsa,42.72127,-83.83897,0.04,25.8,1.379,United States,Coniferous,Temperate broadleaf & mixed forests,North America,United States site 34
UNI-0138,UNI-0138-T03,1974,1969,0,18.8,Milicia excelsa,42.72127,-83.83897,0.04,25.8,1.379,United States,Coniferous,Temperate broadleaf & mixed forests,North America,United States site 34
UNI-0138,UNI-0138-T04,1969,,0,19.7,Shorea leprosula,42.72127,-83.83897,0.04,8.7,0.075,United States,Coniferous,Temperate broadleaf & mixed forests,North America,United States site 34
UNI-0138,UNI-0138-T04,1974,1969,0,18.5,Shorea leprosula,42.72127,-83.83897,0.04,8.7,0.075,United States,Coniferous,Temperate broadleaf & mixed forests,North America,United States site 34
UNI-0138,UNI-0138-T05,1969,,0,46.9,Inga edulis,42.72127,-83.83897,0.04,21.7,1.771,United States,Coniferous,Temperate broadleaf & mixed forests,North America,United States site 34
UNI-0138,UNI-0138-T05,1974,1969,0,46.0,Inga edulis,42.72127,-83.83897,0.04,21.7,1.771,United States,Coniferous,Temperate broadleaf & mixed forests,North America,United States site 34
UNI-0138,UNI-0138-T06,1969,,0,54.3,Milicia excelsa,42.72127,-83.83897,0.04,15.5,2.781,United States,Coniferous,Temperate broadleaf & mixed forests,North America,United States site 34
UNI-0138,UNI-0138-T06,1974,1969,0,53.7,Milicia excelsa,42.72127,-83.83897,0.04,15.5,2.781,United States,Coniferous,Temperate broadleaf & mixed forests,North America,United States site 34
UNI-0138,UNI-0138-T07,1969,,0,58.2,Shorea leprosula,42.72127,-83.83897,0.04,17.1,1.729,United States,Coniferous,Temperate broadleaf & mixed forests,North America,United States site 34
UNI-0138,UNI-0138-T07,1974,1969,0,57.9,Shorea leprosula,42.72127,-83.83897,0.04,17.1,1.729,United States,Coniferous,Temperate broadleaf & mixed forests,North America,United States site 34
UNI-0139,UNI-0139-T01,1993,,0,12.1,Ocotea aciphylla,46.39136,-70.35761,1.0,20.5,0.12,United States,Mixed,Temperate broadleaf & mixed forests,North America,United States site 35
UNI-0139,UNI-0139-T01,1998,1993,0,11.1,Ocotea aciphylla,46.39136,-70.35761,1.0,20.5,0.12,United States,Mixed,Temperate broadleaf & mixed forests,North America,United States site 35
UNI-0139,UNI-0139-T02,1993,,0,14.5,Tsuga canadensis,46.39136,-70.35761,1.0,27.1,4.287,United States,Mixed,Temperate broadleaf & mixed forests,North America,United States site 35
UNI-0139,UNI-0139-T02,1998,1993,0,14.4,Tsuga canadensis,46.39136,-70.35761,1.0,27.1,4.287,United States,Mixed,Temperate broadleaf & mixed forests,North America,United States site 35
UNI-0139,UNI-0139-T03,1993,,0,12.6,Picea abies,46.39136,-70.35761,1.0,15.0,3.917,United States,Mixed,Temperate broadleaf & mixed forests,North America,United States site 35
UNI-0139,UNI-0139-T03,1998,1993,0,12.0,Picea abies,46.39136,-70.35761,1.0,15.0,3.917,United States,Mixed,Temperate broadleaf & mixed forests,North America,United States site 35
UNI-0139,UNI-0139-T04,1993,,0,11.4,Avicennia germinans,46.39136,-70.35761,1.0,28.8,0.985,United States,Mixed,Temperate broadleaf & mixed forests,North America,United States site 35
UNI-0139,UNI-0139-T04,1998,1993,0,10.8,Avicennia germinans,46.39136,-70.35761,1.0,28.8,0.985,United States,Mixed,Temperate broadleaf & mixed forests,North America,United States site 35
UNI-0139,UNI-0139-T05,1993,,1,30.3,Rhizophora mangle,46.39136,-70.35761,1.0,37.2,2.604,United States,Mixed,Temperate broadleaf & mixed forests,North America,United States site 35
UNI-0139,UNI-0139-T05,1998,1993,0,31.3,Rhizophora mangle,46.39136,-70.35761,1.0,37.2,2.604,United States,Mixed,Temperate broadleaf & mixed forests,North America,United States site 35
UNI-0139,UNI-0139-T06,1993,,0,46.8,Dipterocarpus grandiflorus,46.39136,-70.35761,1.0,14.1,1.217,United States,Mixed,Temperate broadleaf & mixed forests,North America,United States site 35
UNI-0139,UNI-0139-T06,1998,1993,0,45.5,Dipterocarpus grandiflorus,46.39136,-70.35761,1.0,14.1,1.217,United States,Mixed,Temperate broadleaf & mixed forests,North America,United States site 35
UNI-0140,UNI-0140-T01,2011,,0,61.8,Quercus robur,39.14355,-84.59188,0.1,9.3,2.543,United States,Coniferous,Temperate broadleaf & mixed forests,North America,United States site 36
UNI-0140,UNI-0140-T02,2011,,0,59.4,Nothofagus pumilio,39.14355,-84.59188,0.1,22.7,1.057,United States,Coniferous,Temperate broadleaf & mixed forests,North America,United States site 36
UNI-0140,UNI-0140-T03,2011,,0,23.5,Fagus sylvatica,39.14355,-84.59188,0.1,10.7,1.665,United States,Coniferous,Temperate broadleaf & mixed forests,North America,United States site 36
UNI-0140,UNI-0140-T04,2011,,0,16.9,Nothofagus pumilio,39.14355,-84.59188,0.1,27.8,1.683,United States,Coniferous,Temperate broadleaf & mixed forests,North America,United States site 36
UNI-0140,UNI-0140-T05,2011,,0,25.3,Betula pendula,39.14355,-84.59188,0.1,27.2,1.843,United States,Coniferous,Temperate broadleaf & mixed forests,North America,United States site 36
UNI-0140,UNI-0140-T06,2011,,0,33.2,Ocotea aciphylla,39.14355,-84.59188,0.1,18.4,1.33,United States,Coniferous,Temperate broadleaf & mixed forests,North America,United States site 36
UNI-0140,UNI-0140-T07,2011,,0,44.5,Avicennia germinans,39.14355,-84.59188,0.1,20.2,4.327,United States,Coniferous,Temperate broadleaf & mixed forests,North America,United States site 36
UNI-0140,UNI-0140-T08,2011,,0,55.8,Shorea leprosula,39.14355,-84.59188,0.1,18.0,1.627,United States,Coniferous,Temperate broadleaf & mixed forests,North America,United States site 36
UNI-0140,UNI-0140-T09,2011,,0,54.5,Nothofagus pumilio,39.14355,-84.59188,0.1,12.9,0.212,United States,Coniferous,Temperate broadleaf & mixed forests,North America,United States site 36
UNI-0140,UNI-0140-T10,2011,,0,15.8,Khaya ivorensis,39.14355,-84.59188,0.1,18.2,2.854,United States,Coniferous,Temperate broadleaf & mixed forests,North America,United States site 36
UNI-0140,UNI-0140-T11,2011,,0,15.5,Juniperus thurifera,39.14355,-84.59188,0.1,32.5,0.942,United States,Coniferous,Temperate broadleaf & mixed forests,North America,United States site 36
UNI-0141,UNI-0141-T01,2017,,0,55.6,Cecropia obtusa,42.24473,-91.64768,0.1,37.7,2.457,United States,Deciduous,Temperate broadleaf & mixed forests,North America,United States site 37
UNI-0141,UNI-0141-T02,2017,,0,8.2,Juniperus thurifera,42.24473,-91.64768,0.1,36.0,2.998,United States,Deciduous,Temperate broadleaf & mixed forests,North America,United States site 37
UNI-0141,UNI-0141-T03,2017,,0,44.9,Populus tremula,42.24473,-91.64768,0.1,31.6,2.212,United States,Deciduous,Temperate broadleaf & mixed forests,North America,United States site 37
UNI-0141,UNI-0141-T04,2017,,0,37.6,Ocotea aciphylla,42.24473,-91.64768,0.1,19.8,2.963,United States,Deciduous,Temperate broadleaf & mixed forests,North America,United States site 37
UNI-0141,UNI-0141-T05,2017,,0,27.0,Juniperus thurifera,42.24473,-91.64768,0.1,20.2,3.387,United States,Deciduous,Temperate broadleaf & mixed forests,North America,United States site 37
UNI-0142,UNI-0142-T01,1940,,0,32.5,Khaya ivorensis,37.44612,-75.95759,1.0,33.0,4.031,United States,Deciduous,Temperate broadleaf & mixed forests,North America,United States site 38
UNI-0142,UNI-0142-T02,1940,,0,56.2,Quercus robur,37.44612,-75.95759,1.0,37.1,3.604,United States,Deciduous,Temperate broadleaf & mixed forests,North America,United States site 38
UNI-0142,UNI-0142-T03,1940,,0,45.5,Pinus sylvestris,37.44612,-75.95759,1.0,17.2,3.406,United States,Deciduous,Temperate broadleaf & mixed forests,North America,United States site 38
UNI-0142,UNI-0142-T04,1940,,1,37.3,Tsuga canadensis,37.44612,-75.95759,1.0,10.9,3.669,United States,Deciduous,Temperate broadleaf & mixed forests,North America,United States site 38
UNI-0142,UNI-0142-T05,1940,,0,24.0,Quercus robur,37.44612,-75.95759,1.0,14.2,3.728,United States,Deciduous,Temperate broadleaf & mixed forests,North America,United States site 38
UNI-0142,UNI-0142-T06,1940,,0,21.7,Pinus sylvestris,37.44612,-75.95759,1.0,36.5,1.91,United States,Deciduous,Temperate broadleaf & mixed forests,North America,United States site 38
UNI-0142,UNI-0142-T07,1940,,0,8.6,Inga edulis,37.44612,-75.95759,1.0,25.9,1.557,United States,Deciduous,Temperate broadleaf & mixed forests,North America,United States site 38
UNI-0142,UNI-0142-T08,1940,,0,31.1,Dipterocarpus grandiflorus,37.44612,-75.95759,1.0,25.7,2.163,United States,Deciduous,Temperate broadleaf & mixed forests,North America,United States site 38
UNI-0142,UNI-0142-T09,1940,,0,44.7,Fagus sylvatica,37.44612,-75.95759,1.0,37.3,2.26,United States,Deciduous,Temperate broadleaf & mixed forests,North America,United States site 38
UNI-0142,UNI-0142-T10,1940,,0,45.8,Shorea leprosula,37.44612,-75.95759,1.0,33.8,1.739,United States,Deciduous,Temperate broadleaf & mixed forests,North America,United States site 38
UNI-0143,UNI-0143-T01,2023,,0,45.2,Cecropia obtusa,44.04314,-77.40579,0.5,,,United States,Deciduous,Temperate broadleaf & mixed forests,North America,United States site 39
UNI-0143,UNI-0143-T02,2023,,0,59.3,Ocotea aciphylla,44.04314,-77.40579,0.5,,,United States,Deciduous,Temperate broadleaf & mixed forests,North America,United States site 39
UNI-0143,UNI-0143-T03,2023,,0,28.5,Quercus robur,44.04314,-77.40579,0.5,,,United States,Deciduous,Temperate broadleaf & mixed forests,North America,United States site 39
UNI-0143,UNI-0143-T04,2023,,0,33.6,Pinus sylvestris,44.04314,-77.40579,0.5,,,United States,Deciduous,Temperate broadleaf & mixed forests,North America,United States site 39
UNI-0143,UNI-0143-T05,2023,,0,21.3,Pinus sylvestris,44.04314,-77.40579,0.5,,,United States,Deciduous,Temperate broadleaf & mixed forests,North America,United States site 39
UNI-0144,UNI-0144-T01,2016,,0,32.6,Picea abies,45.43662,-76.93966,0.25,,3.376,United States,Mixed,Temperate broadleaf & mixed forests,North America,United States site 40
UNI-0144,UNI-0144-T02,2016,,0,9.9,Avicennia germinans,45.43662,-76.93966,0.25,,1.408,United States,Mixed,Temperate broadleaf & mixed forests,North America,United States site 40
UNI-0144,UNI-0144-T03,2016,,1,19.7,Rhizophora mangle,45.43662,-76.93966,0.25,,1.86,United States,Mixed,Temperate broadleaf & mixed forests,North America,United States site 40
UNI-0144,UNI-0144-T04,2016,,1,40.0,Betula pendula,45.43662,-76.93966,0.25,,3.045,United States,Mixed,Temperate broadleaf & mixed forests,North America,United States site 40
UNI-0144,UNI-0144-T05,2016,,0,32.0,Eucalyptus camaldulensis,45.43662,-76.93966,0.25,,2.269,United States,Mixed,Temperate broadleaf & mixed forests,North America,United States site 40
UNI-0144,UNI-0144-T06,2016,,0,29.0,Juniperus thurifera,45.43662,-76.93966,0.25,,4.164,United States,Mixed,Temperate broadleaf & mixed forests,North America,United States site 40
UNI-0144,UNI-0144-T07,2016,,0,21.7,Fagus sylvatica,45.43662,-76.93966,0.25,,0.547,United States,Mixed,Temperate broadleaf & mixed forests,North America,United States site 40
UNI-0144,UNI-0144-T08,2016,,0,56.7,Acer saccharum,45.43662,-76.93966,0.25,,1.334,United States,Mixed,Temperate broadleaf & mixed forests,North America,United States site 40
UNI-0144,UNI-0144-T09,2016,,0,40.5,Dipterocarpus grandiflorus,45.43662,-76.93966,0.25,,1.932,United States,Mixed,Temperate broadleaf & mixed forests,North America,United States site 40
UNI-0144,UNI-0144-T10,2016,,1,18.8,Pinus sylvestris,45.43662,-76.93966,0.25,,2.198,United States,Mixed,Temperate broadleaf & mixed forests,North America,United States site 40
UNI-0145,UNI-0145-T01,2008,,0,56.9,Khaya ivorensis,37.55049,-89.24953,1.0,,,United States,Deciduous,Temperate broadleaf & mixed forests,North America,United States site 41
UNI-0145,UNI-0145-T01,2018,2008,0,57.0,Khaya ivorensis,37.55049,-89.24953,1.0,,,United States,Deciduous,Temperate broadleaf & mixed forests,North America,United States site 41
UNI-0145,UNI-0145-T02,2008,,0,39.5,Milicia excelsa,37.55049,-89.24953,1.0,,,United States,Deciduous,Temperate broadleaf & mixed forests,North America,United States site 41
UNI-0145,UNI-0145-T02,2018,2008,0,39.5,Milicia excelsa,37.55049,-89.24953,1.0,,,United States,Deciduous,Temperate broadleaf & mixed forests,North America,United States site 41
UNI-0145,UNI-0145-T03,2008,,0,13.5,Picea abies,37.55049,-89.24953,1.0,,,United States,Deciduous,Temperate broadleaf & mixed forests,North America,United States site 41
UNI-0145,UNI-0145-T03,2018,2008,0,13.6,Picea abies,37.55049,-89.24953,1.0,,,United States,Deciduous,Temperate broadleaf & mixed forests,North America,United States site 41
UNI-0145,UNI-0145-T04,2008,,0,34.8,Rhizophora mangle,37.55049,-89.24953,1.0,,,United States,Deciduous,Temperate broadleaf & mixed forests,North America,United States site 41
UNI-0145,UNI-0145-T04,2018,2008,0,35.1,Rhizophora mangle,37.55049,-89.24953,1.0,,,United States,Deciduous,Temperate broadleaf & mixed forests,North America,United States site 41
UNI-0145,UNI-0145-T05,2008,,0,42.3,Ocotea aciphylla,37.55049,-89.24953,1.0,,,United States,Deciduous,Temperate broadleaf & mixed forests,North America,United States site 41
UNI-0145,UNI-0145-T05,2018,2008,0,41.8,Ocotea aciphylla,37.55049,-89.24953,1.0,,,United States,Deciduous,Temperate broadleaf & mixed forests,North America,United States site 41
UNI-0145,UNI-0145-T06,2008,,0,11.6,Cecropia obtusa,37.55049,-89.24953,1.0,,,United States,Deciduous,Temperate broadleaf & mixed forests,North America,United States site 41
UNI-0145,UNI-0145-T06,2018,2008,0,11.1,Cecropia obtusa,37.55049,-89.24953,1.0,,,United States,Deciduous,Temperate broadleaf & mixed forests,North America,United States site 41
UNI-0145,UNI-0145-T07,2008,,0,57.6,Eucalyptus camaldulensis,37.55049,-89.24953,1.0,,,United States,Deciduous,Temperate broadleaf & mixed forests,North America,United States site 41
UNI-0145,UNI-0145-T07,2018,2008,0,56.3,Eucalyptus camaldulensis,37.55049,-89.24953,1.0,,,United States,Deciduous,Temperate broadleaf & mixed forests,North America,United States site 41
UNI-0145,UNI-0145-T08,2008,,0,18.1,Juniperus thurifera,37.55049,-89.24953,1.0,,,United States,Deciduous,Temperate broadleaf & mixed forests,North America,United States site 41
UNI-0145,UNI-0145-T08,2018,2008,0,17.7,Juniperus thurifera,37.55049,-89.24953,1.0,,,United States,Deciduous,Temperate broadleaf & mixed forests,North America,United States site 41
UNI-0145,UNI-0145-T09,2008,,0,11.6,Avicennia germinans,37.55049,-89.24953,1.0,,,United States,Deciduous,Temperate broadleaf & mixed forests,North America,United States site 41
UNI-0145,UNI-0145-T09,2018,2008,0,11.8,Avicennia germinans,37.55049,-89.24953,1.0,,,United States,Deciduous,Temperate broadleaf & mixed forests,North America,United States site 41
UNI-0145,UNI-0145-T10,2008,,0,18.9,Populus tremula,37.55049,-89.24953,1.0,,,United States,Deciduous,Temperate broadleaf & mixed forests,North America,United States site 41
UNI-0145,UNI-0145-T10,2018,2008,0,18.2,Populus tremula,37.55049,-89.24953,1.0,,,United States,Deciduous,Temperate broadleaf & mixed forests,North America,United States site 41
UNI-0145,UNI-0145-T11,2008,,0,50.6,Eucalyptus camaldulensis,37.55049,-89.24953,1.0,,,United States,Deciduous,Temperate broadleaf & mixed forests,North America,United States site 41
UNI-0145,UNI-0145-T11,2018,2008,1,50.3,Eucalyptus camaldulensis,37.55049,-89.24953,1.0,,,United States,Deciduous,Temperate broadleaf & mixed forests,North America,United States site 41
UNI-0146,UNI-0146-T01,1955,,0,25.3,Betula pendula,41.34811,-72.07752,1.0,,,United States,Coniferous,Temperate broadleaf & mixed forests,North America,United States site 42
UNI-0146,UNI-0146-T02,1955,,0,51.3,Avicennia germinans,41.34811,-72.07752,1.0,,,United States,Coniferous,Temperate broadleaf & mixed forests,North America,United States site 42
UNI-0146,UNI-0146-T03,1955,,0,33.8,Avicennia germinans,41.34811,-72.07752,1.0,,,United States,Coniferous,Temperate broadleaf & mixed forests,North America,United States site 42
UNI-0146,UNI-0146-T04,1955,,0,28.9,Acer saccharum,41.34811,-72.07752,1.0,,,United States,Coniferous,Temperate broadleaf & mixed forests,North America,United States site 42
UNI-0146,UNI-0146-T05,1955,,0,54.4,Nothofagus pumilio,41.34811,-72.07752,1.0,,,United States,Coniferous,Temperate broadleaf & mixed forests,North America,United States site 42
UNI-0146,UNI-0146-T06,1955,,0,14.9,Milicia excelsa,41.34811,-72.07752,1.0,,,United States,Coniferous,Temperate broadleaf & mixed forests,North America,United States site 42
UNI-0146,UNI-0146-T07,1955,,0,33.8,Pinus sylvestris,41.34811,-72.07752,1.0,,,United States,Coniferous,Temperate broadleaf & mixed forests,North America,United States site 42
UNI-0146,UNI-0146-T08,1955,,0,38.6,Pinus sylvestris,41.34811,-72.07752,1.0,,,United States,Coniferous,Temperate broadleaf & mixed forests,North America,United States site 42
UNI-0146,UNI-0146-T09,1955,,0,53.3,Cecropia obtusa,41.34811,-72.07752,1.0,,,United States,Coniferous,Temperate broadleaf & mixed forests,North America,United States site 42
UNI-0146,UNI-0146-T10,1955,,0,52.7,Populus tremula,41.34811,-72.07752,1.0,,,United States,Coniferous,Temperate broadleaf & mixed forests,North America,United States site 42
UNI-0146,UNI-0146-T11,1955,,0,10.3,Cecropia obtusa,41.34811,-72.07752,1.0,,,United States,Coniferous,Temperate broadleaf & mixed forests,North America,United States site 42
UNI-0147,UNI-0147-T01,1959,,0,44.3,Tsuga canadensis,36.96339,-89.53201,0.5,35.9,,United States,Temperate,Temperate broadleaf & mixed forests,North America,United States site 43
UNI-0147,UNI-0147-T01,1963,1959,0,44.5,Tsuga canadensis,36.96339,-89.53201,0.5,35.9,,United States,Temperate,Temperate broadleaf & mixed forests,North America,United States site 43
UNI-0147,UNI-0147-T02,1959,,0,33.9,Betula pendula,36.96339,-89.53201,0.5,36.5,,United States,Temperate,Temperate broadleaf & mixed forests,North America,United States site 43
UNI-0147,UNI-0147-T02,1963,1959,0,34.4,Betula pendula,36.96339,-89.53201,0.5,36.5,,United States,Temperate,Temperate broadleaf & mixed forests,North America,United States site 43
UNI-0147,UNI-0147-T03,1959,,0,40.3,Populus tremula,36.96339,-89.53201,0.5,16.6,,United States,Temperate,Temperate broadleaf & mixed forests,North America,United States site 43
UNI-0147,UNI-0147-T03,1963,1959,0,39.5,Populus tremula,36.96339,-89.53201,0.5,16.6,,United States,Temperate,Temperate broadleaf & mixed forests,North America,United States site 43
UNI-0147,UNI-0147-T04,1959,,0,46.0,Pinus sylvestris,36.96339,-89.53201,0.5,31.3,,United States,Temperate,Temperate broadleaf & mixed forests,North America,United States site 43
UNI-0147,UNI-0147-T04,1963,1959,0,46.2,Pinus sylvestris,36.96339,-89.53201,0.5,31.3,,United States,Temperate,Temperate broadleaf & mixed forests,North America,United States site 43
UNI-0147,UNI-0147-T05,1959,,0,51.6,Khaya ivorensis,36.96339,-89.53201,0.5,35.5,,United States,Temperate,Temperate broadleaf & mixed forests,North America,United States site 43
UNI-0147,UNI-0147-T05,1963,1959,0,51.1,Khaya ivorensis,36.96339,-89.53201,0.5,35.5,,United States,Temperate,Temperate broadleaf & mixed forests,North America,United States site 43
UNI-0147,UNI-0147-T06,1959,,0,35.6,Avicennia germinans,36.96339,-89.53201,0.5,19.6,,United States,Temperate,Temperate broadleaf & mixed forests,North America,United States site 43
UNI-0147,UNI-0147-T06,1963,1959,0,35.4,Avicennia germinans,36.96339,-89.53201,0.5,19.6,,United States,Temperate,Temperate broadleaf & mixed forests,North America,United States site 43
UNI-0147,UNI-0147-T07,1959,,0,40.4,Quercus ilex,36.96339,-89.53201,0.5,31.6,,United States,Temperate,Temperate broadleaf & mixed forests,North America,United States site 43
UNI-0147,UNI-0147-T07,1963,1959,0,40.8,Quercus ilex,36.96339,-89.53201,0.5,31.6,,United States,Temperate,Temperate broadleaf & mixed forests,North America,United States site 43
UNI-0147,UNI-0147-T08,1959,,0,35.9,Nothofagus pumilio,36.96339,-89.53201,0.5,26.9,,United States,Temperate,Temperate broadleaf & mixed forests,North America,United States site 43
UNI-0147,UNI-0147-T08,1963,1959,0,35.8,Nothofagus pumilio,36.96339,-89.53201,0.5,26.9,,United States,Temperate,Temperate broadleaf & mixed forests,North America,United States site 43
UNI-0148,UNI-0148-T01,1996,,0,24.9,Populus tremula,38.72695,-82.4446,0.5,,,United States,Coniferous,Temperate broadleaf & mixed forests,North America,United States site 44
UNI-0148,UNI-0148-T02,1996,,0,38.6,Populus tremula,38.72695,-82.4446,0.5,,,United States,Coniferous,Temperate broadleaf & mixed forests,North America,United States site 44
UNI-0148,UNI-0148-T03,1996,,0,18.4,Dipterocarpus grandiflorus,38.72695,-82.4446,0.5,,,United States,Coniferous,Temperate broadleaf & mixed forests,North America,United States site 44
UNI-0148,UNI-0148-T04,1996,,0,30.2,Milicia excelsa,38.72695,-82.4446,0.5,,,United States,Coniferous,Temperate broadleaf & mixed forests,North America,United States site 44
UNI-0148,UNI-0148-T05,1996,,0,44.2,Cecropia obtusa,38.72695,-82.4446,0.5,,,United States,Coniferous,Temperate broadleaf & mixed forests,North America,United States site 44
UNI-0148,UNI-0148-T06,1996,,0,56.1,Quercus ilex,38.72695,-82.4446,0.5,,,United States,Coniferous,Temperate broadleaf & mixed forests,North America,United States site 44
UNI-0148,UNI-0148-T07,1996,,0,18.3,Dipterocarpus grandiflorus,38.72695,-82.4446,0.5,,,United States,Coniferous,Temperate broadleaf & mixed forests,North America,United States site 44
UNI-0148,UNI-0148-T08,1996,,0,37.9,Nothofagus pumilio,38.72695,-82.4446,0.5,,,United States,Coniferous,Temperate broadleaf & mixed forests,North America,United States site 44
UNI-0148,UNI-0148-T09,1996,,0,39.4,Rhizophora mangle,38.72695,-82.4446,0.5,,,United States,Coniferous,Temperate broadleaf & mixed forests,North America,United States site 44
UNI-0149,UNI-0149-T01,1988,,0,42.5,Dipterocarpus grandiflorus,36.02725,-71.01756,0.5,14.2,,United States,Deciduous,Temperate broadleaf & mixed forests,North America,United States site 45
UNI-0149,UNI-0149-T02,1988,,0,17.9,Eperua falcata,36.02725,-71.01756,0.5,27.4,,United States,Deciduous,Temperate broadleaf & mixed forests,North America,United States site 45
UNI-0149,UNI-0149-T03,1988,,0,29.1,Populus tremula,36.02725,-71.01756,0.5,29.5,,United States,Deciduous,Temperate broadleaf & mixed forests,North America,United States site 45
UNI-0149,UNI-0149-T04,1988,,0,37.0,Rhizophora mangle,36.02725,-71.01756,0.5,12.4,,United States,Deciduous,Temperate broadleaf & mixed forests,North America,United States site 45
UNI-0149,UNI-0149-T05,1988,,0,14.7,Shorea leprosula,36.02725,-71.01756,0.5,19.3,,United States,Deciduous,Temperate broadleaf & mixed forests,North America,United States site 45
UNI-0149,UNI-0149-T06,1988,,0,8.2,Inga edulis,36.02725,-71.01756,0.5,13.7,,United States,Deciduous,Temperate broadleaf & mixed forests,North America,United States site 45
UNI-0149,UNI-0149-T07,1988,,0,32.6,Avicennia germinans,36.02725,-71.01756,0.5,37.7,,United States,Deciduous,Temperate broadleaf & mixed forests,North America,United States site 45
UNI-0149,UNI-0149-T08,1988,,0,35.6,Shorea leprosula,36.02725,-71.01756,0.5,20.6,,United States,Deciduous,Temperate broadleaf & mixed forests,North America,United States site 45
UNI-0149,UNI-0149-T09,1988,,0,41.9,Cecropia obtusa,36.02725,-71.01756,0.5,22.7,,United States,Deciduous,Temperate broadleaf & mixed forests,North America,United States site 45
UNI-0149,UNI-0149-T10,1988,,0,28.9,Cecropia obtusa,36.02725,-71.01756,0.5,11.6,,United States,Deciduous,Temperate broadleaf & mixed forests,North America,United States site 45
UNI-0150,UNI-0150-T01,2008,,0,53.7,Fagus sylvatica,35.12285,-90.71541,0.5,,,United States,Temperate,Temperate broadleaf & mixed forests,North America,United States site 46
UNI-0150,UNI-0150-T01,2012,2008,0,53.1,Fagus sylvatica,35.12285,-90.71541,0.5,,,United States,Temperate,Temperate broadleaf & mixed forests,North America,United States site 46
UNI-0150,UNI-0150-T02,2008,,1,30.9,Milicia excelsa,35.12285,-90.71541,0.5,,,United States,Temperate,Temperate broadleaf & mixed forests,North America,United States site 46
UNI-0150,UNI-0150-T02,2012,2008,0,29.8,Milicia excelsa,35.12285,-90.71541,0.5,,,United States,Temperate,Temperate broadleaf & mixed forests,North America,United States site 46
UNI-0150,UNI-0150-T03,2008,,0,46.9,Quercus ilex,35.12285,-90.71541,0.5,,,United States,Temperate,Temperate broadleaf & mixed forests,North America,United States site 46
UNI-0150,UNI-0150-T03,2012,2008,0,46.7,Quercus ilex,35.12285,-90.71541,0.5,,,United States,Temperate,Temperate broadleaf & mixed forests,North America,United States site 46
UNI-0150,UNI-0150-T04,2008,,0,58.1,Shorea leprosula,35.12285,-90.71541,0.5,,,United States,Temperate,Temperate broadleaf & mixed forests,North America,United States site 46
UNI-0150,UNI-0150-T04,2012,2008,0,57.6,Shorea leprosula,35.12285,-90.71541,0.5,,,United States,Temperate,Temperate broadleaf & mixed forests,North America,United States site 46
UNI-0150,UNI-0150-T05,2008,,0,17.3,Populus tremula,35.12285,-90.71541,0.5,,,United States,Temperate,Temperate broadleaf & mixed forests,North America,United States site 46
UNI-0150,UNI-0150-T05,2012,2008,1,17.4,Populus tremula,35.12285,-90.71541,0.5,,,United States,Temperate,Temperate broadleaf & mixed forests,North America,United States site 46
UNI-0150,UNI-0150-T06,2008,,0,12.9,Acer saccharum,35.12285,-90.71541,0.5,,,United States,Temperate,Temperate broadleaf & mixed forests,North America,United States site 46
UNI-0150,UNI-0150-T06,2012,2008,0,11.6,Acer saccharum,35.12285,-90.71541,0.5,,,United States,Temperate,Temperate broadleaf & mixed forests,North America,United States site 46
UNI-0150,UNI-0150-T07,2008,,0,21.3,Picea abies,35.12285,-90.71541,0.5,,,United States,Temperate,Temperate broadleaf & mixed forests,North America,United States site 46
UNI-0150,UNI-0150-T07,2012,2008,0,21.7,Picea abies,35.12285,-90.71541,0.5,,,United States,Temperate,Temperate broadleaf & mixed forests,North America,United States site 46
UNI-0151,UNI-0151-T01,1993,,0,8.2,Picea abies,35.96652,-71.86038,1.0,28.1,1.97,United States,Deciduous,Temperate broadleaf & mixed forests,North America,United States site 47
UNI-0151,UNI-0151-T01,1998,1993,0,7.4,Picea abies,35.96652,-71.86038,1.0,28.1,1.97,United States,Deciduous,Temperate broadleaf & mixed forests,North America,United States site 47
UNI-0151,UNI-0151-T02,1993,,0,30.1,Pinus sylvestris,35.96652,-71.86038,1.0,21.3,0.694,United States,Deciduous,Temperate broadleaf & mixed forests,North America,United States site 47
UNI-0151,UNI-0151-T02,1998,1993,1,29.7,Pinus sylvestris,35.96652,-71.86038,1.0,21.3,0.694,United States,Deciduous,Temperate broadleaf & mixed forests,North America,United States site 47
UNI-0151,UNI-0151-T03,1993,,0,19.1,Shorea leprosula,35.96652,-71.86038,1.0,28.2,1.976,United States,Deciduous,Temperate broadleaf & mixed forests,North America,United States site 47
UNI-0151,UNI-0151-T03,1998,1993,0,18.5,Shorea leprosula,35.96652,-71.86038,1.0,28.2,1.976,United States,Deciduous,Temperate broadleaf & mixed forests,North America,United States site 47
UNI-0151,UNI-0151-T04,1993,,0,53.3,Inga edulis,35.96652,-71.86038,1.0,26.2,1.691,United States,Deciduous,Temperate broadleaf & mixed forests,North America,United States site 47
UNI-0151,UNI-0151-T04,1998,1993,0,53.2,Inga edulis,35.96652,-71.86038,1.0,26.2,1.691,United States,Deciduous,Temperate broadleaf & mixed forests,North America,United States site 47
UNI-0151,UNI-0151-T05,1993,,0,19.2,Inga edulis,35.96652,-71.86038,1.0,17.4,1.835,United States,Deciduous,Temperate broadleaf & mixed forests,North America,United States site 47
UNI-0151,UNI-0151-T05,1998,1993,0,18.9,Inga edulis,35.96652,-71.86038,1.0,17.4,1.835,United States,Deciduous,Temperate broadleaf & mixed forests,North America,United States site 47
UNI-0151,UNI-0151-T06,1993,,0,59.9,Avicennia germinans,35.96652,-71.86038,1.0,28.6,2.544,United States,Deciduous,Temperate broadleaf & mixed forests,North America,United States site 47
UNI-0151,UNI-0151-T06,1998,1993,1,60.8,Avicennia germinans,35.96652,-71.86038,1.0,28.6,2.544,United States,Deciduous,Temperate broadleaf & mixed forests,North America,United States site 47
UNI-0152,UNI-0152-T01,1959,,0,27.4,Ocotea aciphylla,46.04275,-78.07413,1.0,8.6,,United States,Coniferous,Temperate broadleaf & mixed forests,North America,United States site 48
UNI-0152,UNI-0152-T02,1959,,0,57.1,Rhizophora mangle,46.04275,-78.07413,1.0,10.7,,United States,Coniferous,Temperate broadleaf & mixed forests,North America,United States site 48
UNI-0152,UNI-0152-T03,1959,,0,22.5,Populus tremula,46.04275,-78.07413,1.0,35.3,,United States,Coniferous,Temperate broadleaf & mixed forests,North America,United States site 48
UNI-0152,UNI-0152-T04,1959,,0,17.1,Acer saccharum,46.04275,-78.07413,1.0,33.6,,United States,Coniferous,Temperate broadleaf & mixed forests,North America,United States site 48
UNI-0152,UNI-0152-T05,1959,,1,36.7,Quercus ilex,46.04275,-78.07413,1.0,13.9,,United States,Coniferous,Temperate broadleaf & mixed forests,North America,United States site 48
UNI-0152,UNI-0152-T06,1959,,0,27.7,Inga edulis,46.04275,-78.07413,1.0,30.8,,United States,Coniferous,Temperate broadleaf & mixed forests,North America,United States site 48
UNI-0152,UNI-0152-T07,1959,,1,13.0,Acer saccharum,46.04275,-78.07413,1.0,28.9,,United States,Coniferous,Temperate broadleaf & mixed forests,North America,United States site 48
UNI-0152,UNI-0152-T08,1959,,0,36.4,Pinus sylvestris,46.04275,-78.07413,1.0,15.7,,United States,Coniferous,Temperate broadleaf & mixed forests,North America,United States site 48
UNI-0152,UNI-0152-T09,1959,,0,54.4,Betula pendula,46.04275,-78.07413,1.0,16.4,,United States,Coniferous,Temperate broadleaf & mixed forests,North America,United States site 48
CAN-0153,CAN-0153-T01,1935,,0,17.0,Dipterocarpus grandiflorus,57.69006,-72.25708,0.5,,0.319,Canada,Coniferous,Boreal forests/taiga,North America,Canada site 1
CAN-0153,CAN-0153-T01,1940,1935,0,16.8,Dipterocarpus grandiflorus,57.69006,-72.25708,0.5,,0.319,Canada,Coniferous,Boreal forests/taiga,North America,Canada site 1
CAN-0153,CAN-0153-T02,1935,,0,23.6,Acer saccharum,57.69006,-72.25708,0.5,,2.127,Canada,Coniferous,Boreal forests/taiga,North America,Canada site 1
CAN-0153,CAN-0153-T02,1940,1935,0,23.2,Acer saccharum,57.69006,-72.25708,0.5,,2.127,Canada,Coniferous,Boreal forests/taiga,North America,Canada site 1
CAN-0153,CAN-0153-T03,1935,,0,46.5,Quercus ilex,57.69006,-72.25708,0.5,,0.322,Canada,Coniferous,Boreal forests/taiga,North America,Canada site 1
CAN-0153,CAN-0153-T03,1940,1935,0,45.4,Quercus ilex,57.69006,-72.25708,0.5,,0.322,Canada,Coniferous,Boreal forests/taiga,North America,Canada site 1
CAN-0153,CAN-0153-T04,1935,,0,37.9,Rhizophora mangle,57.69006,-72.25708,0.5,,1.673,Canada,Coniferous,Boreal forests/taiga,North America,Canada site 1
CAN-0153,CAN-0153-T04,1940,1935,0,37.2,Rhizophora mangle,57.69006,-72.25708,0.5,,1.673,Canada,Coniferous,Boreal forests/taiga,North America,Canada site 1
CAN-0153,CAN-0153-T05,1935,,0,54.2,Eperua falcata,57.69006,-72.25708,0.5,,3.453,Canada,Coniferous,Boreal forests/taiga,North America,Canada site 1
CAN-0153,CAN-0153-T05,1940,1935,1,54.9,Eperua falcata,57.69006,-72.25708,0.5,,3.453,Canada,Coniferous,Boreal forests/taiga,North America,Canada site 1
CAN-0153,CAN-0153-T06,1935,,0,17.0,Betula pendula,57.69006,-72.25708,0.5,,2.121,Canada,Coniferous,Boreal forests/taiga,North America,Canada site 1
CAN-0153,CAN-0153-T06,1940,1935,0,17.4,Betula pendula,57.69006,-72.25708,0.5,,2.121,Canada,Coniferous,Boreal forests/taiga,North America,Canada site 1
CAN-0154,CAN-0154-T01,2016,,0,21.3,Rhizophora mangle,56.18616,-80.09724,0.04,13.3,0.512,Canada,Coniferous,Boreal forests/taiga,North America,Canada site 2
CAN-0154,CAN-0154-T01,2021,2016,0,21.3,Rhizophora mangle,56.18616,-80.09724,0.04,13.3,0.512,Canada,Coniferous,Boreal forests/taiga,North America,Canada site 2
CAN-0154,CAN-0154-T02,2016,,0,15.3,Inga edulis,56.18616,-80.09724,0.04,16.6,2.389,Canada,Coniferous,Boreal forests/taiga,North America,Canada site 2
CAN-0154,CAN-0154-T02,2021,2016,0,14.8,Inga edulis,56.18616,-80.09724,0.04,16.6,2.389,Canada,Coniferous,Boreal forests/taiga,North America,Canada site 2
CAN-0154,CAN-0154-T03,2016,,0,33.2,Eucalyptus camaldulensis,56.18616,-80.09724,0.04,27.4,2.348,Canada,Coniferous,Boreal forests/taiga,North America,Canada site 2
CAN-0154,CAN-0154-T03,2021,2016,0,33.5,Eucalyptus camaldulensis,56.18616,-80.09724,0.04,27.4,2.348,Canada,Coniferous,Boreal forests/taiga,North America,Canada site 2
CAN-0154,CAN-0154-T04,2016,,0,36.3,Shorea leprosula,56.18616,-80.09724,0.04,20.2,2.274,Canada,Coniferous,Boreal forests/taiga,North America,Canada site 2
CAN-0154,CAN-0154-T04,2021,2016,0,35.2,Shorea leprosula,56.18616,-80.09724,0.04,20.2,2.274,Canada,Coniferous,Boreal forests/taiga,North America,Canada site 2
CAN-0154,CAN-0154-T05,2016,,0,53.5,Ocotea aciphylla,56.18616,-80.09724,0.04,11.5,4.071,Canada,Coniferous,Boreal forests/taiga,North America,Canada site 2
CAN-0154,CAN-0154-T05,2021,2016,0,52.9,Ocotea aciphylla,56.18616,-80.09724,0.04,11.5,4.071,Canada,Coniferous,Boreal forests/taiga,North America,Canada site 2
CAN-0154,CAN-0154-T06,2016,,0,19.6,Quercus robur,56.18616,-80.09724,0.04,31.3,3.382,Canada,Coniferous,Boreal forests/taiga,North America,Canada site 2
CAN-0154,CAN-0154-T06,2021,2016,0,19.7,Quercus robur,56.18616,-80.09724,0.04,31.3,3.382,Canada,Coniferous,Boreal forests/taiga,North America,Canada site 2
CAN-0154,CAN-0154-T07,2016,,0,29.4,Dipterocarpus grandiflorus,56.18616,-80.09724,0.04,12.3,4.054,Canada,Coniferous,Boreal forests/taiga,North America,Canada site 2
CAN-0154,CAN-0154-T07,2021,2016,0,29.5,Dipterocarpus grandiflorus,56.18616,-80.09724,0.04,12.3,4.054,Canada,Coniferous,Boreal forests/taiga,North America,Canada site 2
CAN-0154,CAN-0154-T08,2016,,1,55.6,Ocotea aciphylla,56.18616,-80.09724,0.04,21.9,1.883,Canada,Coniferous,Boreal forests/taiga,North America,Canada site 2
CAN-0154,CAN-0154-T08,2021,2016,0,55.3,Ocotea aciphylla,56.18616,-80.09724,0.04,21.9,1.883,Canada,Coniferous,Boreal forests/taiga,North America,Canada site 2
CAN-0154,CAN-0154-T09,2016,,0,28.2,Dipterocarpus grandiflorus,56.18616,-80.09724,0.04,18.5,4.094,Canada,Coniferous,Boreal forests/taiga,North America,Canada site 2
CAN-0154,CAN-0154-T09,2021,2016,0,26.8,Dipterocarpus grandiflorus,56.18616,-80.09724,0.04,18.5,4.094,Canada,Coniferous,Boreal forests/taiga,North America,Canada site 2
CAN-0154,CAN-0154-T10,2016,,0,37.8,Eucalyptus camaldulensis,56.18616,-80.09724,0.04,9.2,4.416,Canada,Coniferous,Boreal forests/taiga,North America,Canada site 2
CAN-0154,CAN-0154-T10,2021,2016,0,38.1,Eucalyptus camaldulensis,56.18616,-80.09724,0.04,9.2,4.416,Canada,Coniferous,Boreal forests/taiga,North America,Canada site 2
CAN-0154,CAN-0154-T11,2016,,0,17.0,Eucalyptus camaldulensis,56.18616,-80.09724,0.04,37.8,0.674,Canada,Coniferous,Boreal forests/taiga,North America,Canada site 2
CAN-0154,CAN-0154-T11,2021,2016,0,16.5,Eucalyptus camaldulensis,56.18616,-80.09724,0.04,37.8,0.674,Canada,Coniferous,Boreal forests/taiga,North America,Canada site 2
CAN-0155,CAN-0155-T01,1986,,0,32.2,Quercus robur,50.87297,-98.45102,1.0,18.0,2.766,Canada,Boreal,Boreal forests/taiga,North America,Canada site 3
CAN-0155,CAN-0155-T01,1991,1986,0,32.2,Quercus robur,50.87297,-98.45102,1.0,18.0,2.766,Canada,Boreal,Boreal forests/taiga,North America,Canada site 3
CAN-0155,CAN-0155-T02,1986,,0,14.7,Juniperus thurifera,50.87297,-98.45102,1.0,21.2,2.204,Canada,Boreal,Boreal forests/taiga,North America,Canada site 3
CAN-0155,CAN-0155-T02,1991,1986,0,15.7,Juniperus thurifera,50.87297,-98.45102,1.0,21.2,2.204,Canada,Boreal,Boreal forests/taiga,North America,Canada site 3
CAN-0155,CAN-0155-T03,1986,,0,35.3,Juniperus thurifera,50.87297,-98.45102,1.0,38.0,0.707,Canada,Boreal,Boreal forests/taiga,North America,Canada site 3
CAN-0155,CAN-0155-T03,1991,1986,0,35.8,Juniperus thurifera,50.87297,-98.45102,1.0,38.0,0.707,Canada,Boreal,Boreal forests/taiga,North America,Canada site 3
CAN-0155,CAN-0155-T04,1986,,0,22.4,Khaya ivorensis,50.87297,-98.45102,1.0,12.3,4.119,Canada,Boreal,Boreal forests/taiga,North America,Canada site 3
CAN-0155,CAN-0155-T04,1991,1986,1,22.3,Khaya ivorensis,50.87297,-98.45102,1.0,12.3,4.119,Canada,Boreal,Boreal forests/taiga,North America,Canada site 3
CAN-0155,CAN-0155-T05,1986,,0,8.7,Dipterocarpus grandiflorus,50.87297,-98.45102,1.0,12.0,1.894,Canada,Boreal,Boreal forests/taiga,North America,Canada site 3
CAN-0155,CAN-0155-T05,1991,1986,0,8.6,Dipterocarpus grandiflorus,50.87297,-98.45102,1.0,12.0,1.894,Canada,Boreal,Boreal forests/taiga,North America,Canada site 3
CAN-0155,CAN-0155-T06,1986,,0,21.8,Juniperus thurifera,50.87297,-98.45102,1.0,35.5,0.023,Canada,Boreal,Boreal forests/taiga,North America,Canada site 3
CAN-0155,CAN-0155-T06,1991,1986,0,20.7,Juniperus thurifera,50.87297,-98.45102,1.0,35.5,0.023,Canada,Boreal,Boreal forests/taiga,North America,Canada site 3
CAN-0155,CAN-0155-T07,1986,,0,19.8,Pinus sylvestris,50.87297,-98.45102,1.0,35.5,0.762,Canada,Boreal,Boreal forests/taiga,North America,Canada site 3
CAN-0155,CAN-0155-T07,1991,1986,0,20.5,Pinus sylvestris,50.87297,-98.45102,1.0,35.5,0.762,Canada,Boreal,Boreal forests/taiga,North America,Canada site 3
CAN-0155,CAN-0155-T08,1986,,0,41.3,Eperua falcata,50.87297,-98.45102,1.0,37.4,3.831,Canada,Boreal,Boreal forests/taiga,North America,Canada site 3
CAN-0155,CAN-0155-T08,1991,1986,0,41.6,Eperua falcata,50.87297,-98.45102,1.0,37.4,3.831,Canada,Boreal,Boreal forests/taiga,North America,Canada site 3
CAN-0155,CAN-0155-T09,1986,,0,42.1,Eperua falcata,50.87297,-98.45102,1.0,17.8,0.717,Canada,Boreal,Boreal forests/taiga,North America,Canada site 3
CAN-0155,CAN-0155-T09,1991,1986,0,41.7,Eperua falcata,50.87297,-98.45102,1.0,17.8,0.717,Canada,Boreal,Boreal forests/taiga,North America,Canada site 3
CAN-0156,CAN-0156-T01,1940,,0,20.2,Populus tremula,55.59537,-70.36349,0.1,8.7,2.186,Canada,Coniferous,Boreal forests/taiga,North America,Canada site 4
CAN-0156,CAN-0156-T02,1940,,1,24.2,Eucalyptus camaldulensis,55.59537,-70.36349,0.1,37.2,4.461,Canada,Coniferous,Boreal forests/taiga,North America,Canada site 4
CAN-0156,CAN-0156-T03,1940,,0,24.2,Juniperus thurifera,55.59537,-70.36349,0.1,33.9,0.497,Canada,Coniferous,Boreal forests/taiga,North America,Canada site 4
CAN-0156,CAN-0156-T04,1940,,0,53.6,Populus tremula,55.59537,-70.36349,0.1,14.6,4.304,Canada,Coniferous,Boreal forests/taiga,North America,Canada site 4
CAN-0156,CAN-0156-T05,1940,,0,58.0,Betula pendula,55.59537,-70.36349,0.1,28.9,2.286,Canada,Coniferous,Boreal forests/taiga,North America,Canada site 4
CAN-0156,CAN-0156-T06,1940,,0,30.6,Inga edulis,55.59537,-70.36349,0.1,17.9,0.383,Canada,Coniferous,Boreal forests/taiga,North America,Canada site 4
CAN-0156,CAN-0156-T07,1940,,0,59.2,Avicennia germinans,55.59537,-70.36349,0.1,27.9,3.492,Canada,Coniferous,Boreal forests/taiga,North America,Canada site 4
CAN-0156,CAN-0156-T08,1940,,0,31.5,Fagus sylvatica,55.59537,-70.36349,0.1,32.5,0.71,Canada,Coniferous,Boreal forests/taiga,North America,Canada site 4
CAN-0156,CAN-0156-T09,1940,,0,26.0,Quercus robur,55.59537,-70.36349,0.1,19.1,1.4,Canada,Coniferous,Boreal forests/taiga,North America,Canada site 4
CAN-0157,CAN-0157-T01,1985,,0,39.8,Inga edulis,54.84231,-116.15393,0.25,,,Canada,Coniferous,Boreal forests/taiga,North America,Canada site 5
CAN-0157,CAN-0157-T02,1985,,0,23.5,Populus tremula,54.84231,-116.15393,0.25,,,Canada,Coniferous,Boreal forests/taiga,North America,Canada site 5
CAN-0157,CAN-0157-T03,1985,,0,26.2,Acer saccharum,54.84231,-116.15393,0.25,,,Canada,Coniferous,Boreal forests/taiga,North America,Canada site 5
CAN-0157,CAN-0157-T04,1985,,0,28.3,Juniperus thurifera,54.84231,-116.15393,0.25,,,Canada,Coniferous,Boreal forests/taiga,North America,Canada site 5
CAN-0157,CAN-0157-T05,1985,,0,12.4,Pinus sylvestris,54.84231,-116.15393,0.25,,,Canada,Coniferous,Boreal forests/taiga,North America,Canada site 5
CAN-0157,CAN-0157-T06,1985,,0,37.2,Betula pendula,54.84231,-116.15393,0.25,,,Canada,Coniferous,Boreal forests/taiga,North America,Canada site 5
CAN-0157,CAN-0157-T07,1985,,0,58.5,Pinus sylvestris,54.84231,-116.15393,0.25,,,Canada,Coniferous,Boreal forests/taiga,North America,Canada site 5
CAN-0157,CAN-0157-T08,1985,,1,16.2,Khaya ivorensis,54.84231,-116.15393,0.25,,,Canada,Coniferous,Boreal forests/taiga,North America,Canada site 5
CAN-0158,CAN-0158-T01,2010,,0,9.8,Acer saccharum,53.29542,-103.26319,1.0,16.7,3.799,Canada,Boreal,Boreal forests/taiga,North America,Canada site 6
CAN-0158,CAN-0158-T02,2010,,0,44.0,Ocotea aciphylla,53.29542,-103.26319,1.0,10.6,0.76,Canada,Boreal,Boreal forests/taiga,North America,Canada site 6
CAN-0158,CAN-0158-T03,2010,,0,10.1,Picea abies,53.29542,-103.26319,1.0,25.5,4.447,Canada,Boreal,Boreal forests/taiga,North America,Canada site 6
CAN-0158,CAN-0158-T04,2010,,0,50.6,Tsuga canadensis,53.29542,-103.26319,1.0,34.9,3.712,Canada,Boreal,Boreal forests/taiga,North America,Canada site 6
CAN-0158,CAN-0158-T05,2010,,0,40.0,Shorea leprosula,53.29542,-103.26319,1.0,26.5,2.377,Canada,Boreal,Boreal forests/taiga,North America,Canada site 6
CAN-0158,CAN-0158-T06,2010,,0,15.5,Dipterocarpus grandiflorus,53.29542,-103.26319,1.0,21.9,3.839,Canada,Boreal,Boreal forests/taiga,North America,Canada site 6
CAN-0158,CAN-0158-T07,2010,,1,13.2,Eucalyptus camaldulensis,53.29542,-103.26319,1.0,26.2,3.107,Canada,Boreal,Boreal forests/taiga,North America,Canada site 6
CAN-0158,CAN-0158-T08,2010,,0,43.9,Eperua falcata,53.29542,-103.26319,1.0,28.8,3.65,Canada,Boreal,Boreal forests/taiga,North America,Canada site 6
CAN-0159,CAN-0159-T01,1954,,0,43.3,Dipterocarpus grandiflorus,52.803,-80.70667,0.25,32.4,,Canada,Coniferous,Boreal forests/taiga,North America,Canada site 7
CAN-0159,CAN-0159-T01,1959,1954,0,42.9,Dipterocarpus grandiflorus,52.803,-80.70667,0.25,32.4,,Canada,Coniferous,Boreal forests/taiga,North America,Canada site 7
CAN-0159,CAN-0159-T02,1954,,0,25.6,Milicia excelsa,52.803,-80.70667,0.25,15.2,,Canada,Coniferous,Boreal forests/taiga,North America,Canada site 7
CAN-0159,CAN-0159-T02,1959,1954,0,25.4,Milicia excelsa,52.803,-80.70667,0.25,15.2,,Canada,Coniferous,Boreal forests/taiga,North America,Canada site 7
CAN-0159,CAN-0159-T03,1954,,0,16.0,Picea abies,52.803,-80.70667,0.25,37.9,,Canada,Coniferous,Boreal forests/taiga,North America,Canada site 7
CAN-0159,CAN-0159-T03,1959,1954,0,15.1,Picea abies,52.803,-80.70667,0.25,37.9,,Canada,Coniferous,Boreal forests/taiga,North America,Canada site 7
CAN-0159,CAN-0159-T04,1954,,0,39.3,Eperua falcata,52.803,-80.70667,0.25,29.6,,Canada,Coniferous,Boreal forests/taiga,North America,Canada site 7
CAN-0159,CAN-0159-T04,1959,1954,0,40.0,Eperua falcata,52.803,-80.70667,0.25,29.6,,Canada,Coniferous,Boreal forests/taiga,North America,Canada site 7
CAN-0159,CAN-0159-T05,1954,,0,47.4,Nothofagus pumilio,52.803,-80.70667,0.25,17.1,,Canada,Coniferous,Boreal forests/taiga,North America,Canada site 7
CAN-0159,CAN-0159-T05,1959,1954,0,46.9,Nothofagus pumilio,52.803,-80.70667,0.25,17.1,,Canada,Coniferous,Boreal forests/taiga,North America,Canada site 7
CAN-0159,CAN-0159-T06,1954,,1,18.3,Inga edulis,52.803,-80.70667,0.25,10.0,,Canada,Coniferous,Boreal forests/taiga,North America,Canada site 7
CAN-0159,CAN-0159-T06,1959,1954,0,17.2,Inga edulis,52.803,-80.70667,0.25,10.0,,Canada,Coniferous,Boreal forests/taiga,North America,Canada site 7
CAN-0159,CAN-0159-T07,1954,,0,33.0,Avicennia germinans,52.803,-80.70667,0.25,37.0,,Canada,Coniferous,Boreal forests/taiga,North America,Canada site 7
CAN-0159,CAN-0159-T07,1959,1954,0,32.2,Avicennia germinans,52.803,-80.70667,0.25,37.0,,Canada,Coniferous,Boreal forests/taiga,North America,Canada site 7
CAN-0159,CAN-0159-T08,1954,,0,43.6,Cecropia obtusa,52.803,-80.70667,0.25,36.7,,Canada,Coniferous,Boreal forests/taiga,North America,Canada site 7
CAN-0159,CAN-0159-T08,1959,1954,0,42.4,Cecropia obtusa,52.803,-80.70667,0.25,36.7,,Canada,Coniferous,Boreal forests/taiga,North America,Canada site 7
CAN-0159,CAN-0159-T09,1954,,0,59.5,Acer saccharum,52.803,-80.70667,0.25,20.5,,Canada,Coniferous,Boreal forests/taiga,North America,Canada site 7
CAN-0159,CAN-0159-T09,1959,1954,0,58.0,Acer saccharum,52.803,-80.70667,0.25,20.5,,Canada,Coniferous,Boreal forests/taiga,North America,Canada site 7
CAN-0160,CAN-0160-T01,1943,,0,40.6,Eucalyptus camaldulensis,57.95657,-99.54292,0.5,36.7,4.085,Canada,Coniferous,Boreal forests/taiga,North America,Canada site 8
CAN-0160,CAN-0160-T02,1943,,0,10.1,Cecropia obtusa,57.95657,-99.54292,0.5,8.3,1.636,Canada,Coniferous,Boreal forests/taiga,North America,Canada site 8
CAN-0160,CAN-0160-T03,1943,,0,28.1,Quercus ilex,57.95657,-99.54292,0.5,8.1,2.183,Canada,Coniferous,Boreal forests/taiga,North America,Canada site 8
CAN-0160,CAN-0160-T04,1943,,0,18.9,Eucalyptus camaldulensis,57.95657,-99.54292,0.5,12.4,3.068,Canada,Coniferous,Boreal forests/taiga,North America,Canada site 8
CAN-0160,CAN-0160-T05,1943,,0,22.8,Eucalyptus camaldulensis,57.95657,-99.54292,0.5,19.7,2.389,Canada,Coniferous,Boreal forests/taiga,North America,Canada site 8
CAN-0160,CAN-0160-T06,1943,,1,18.6,Quercus ilex,57.95657,-99.54292,0.5,31.1,3.296,Canada,Coniferous,Boreal forests/taiga,North America,Canada site 8
CAN-0161,CAN-0161-T01,2015,,0,37.5,Juniperus thurifera,59.23496,-76.51831,0.5,24.2,,Canada,Coniferous,Boreal forests/taiga,North America,Canada site 9
CAN-0161,CAN-0161-T02,2015,,0,23.4,Fagus sylvatica,59.23496,-76.51831,0.5,8.5,,Canada,Coniferous,Boreal forests/taiga,North America,Canada site 9
CAN-0161,CAN-0161-T03,2015,,0,33.6,Pinus sylvestris,59.23496,-76.51831,0.5,34.3,,Canada,Coniferous,Boreal forests/taiga,North America,Canada site 9
CAN-0161,CAN-0161-T04,2015,,0,38.9,Quercus ilex,59.23496,-76.51831,0.5,35.7,,Canada,Coniferous,Boreal forests/taiga,North America,Canada site 9
CAN-0161,CAN-0161-T05,2015,,0,32.3,Populus tremula,59.23496,-76.51831,0.5,17.0,,Canada,Coniferous,Boreal forests/taiga,North America,Canada site 9
CAN-0161,CAN-0161-T06,2015,,0,52.1,Fagus sylvatica,59.23496,-76.51831,0.5,28.1,,Canada,Coniferous,Boreal forests/taiga,North America,Canada site 9
CAN-0161,CAN-0161-T07,2015,,1,22.3,Inga edulis,59.23496,-76.51831,0.5,23.9,,Canada,Coniferous,Boreal forests/taiga,North America,Canada site 9
CAN-0161,CAN-0161-T08,2015,,1,20.9,Rhizophora mangle,59.23496,-76.51831,0.5,8.1,,Canada,Coniferous,Boreal forests/taiga,North America,Canada site 9
CAN-0161,CAN-0161-T09,2015,,0,51.3,Pinus sylvestris,59.23496,-76.51831,0.5,16.2,,Canada,Coniferous,Boreal forests/taiga,North America,Canada site 9
CAN-0161,CAN-0161-T10,2015,,0,58.8,Nothofagus pumilio,59.23496,-76.51831,0.5,8.5,,Canada,Coniferous,Boreal forests/taiga,North America,Canada site 9
CAN-0162,CAN-0162-T01,1977,,0,49.5,Dipterocarpus grandiflorus,56.12678,-91.83899,0.5,,2.992,Canada,Boreal,Boreal forests/taiga,North America,Canada site 10
CAN-0162,CAN-0162-T01,1987,1977,0,49.3,Dipterocarpus grandiflorus,56.12678,-91.83899,0.5,,2.992,Canada,Boreal,Boreal forests/taiga,North America,Canada site 10
CAN-0162,CAN-0162-T02,1977,,0,54.2,Picea abies,56.12678,-91.83899,0.5,,4.167,Canada,Boreal,Boreal forests/taiga,North America,Canada site 10
CAN-0162,CAN-0162-T02,1987,1977,0,53.2,Picea abies,56.12678,-91.83899,0.5,,4.167,Canada,Boreal,Boreal forests/taiga,North America,Canada site 10
CAN-0162,CAN-0162-T03,1977,,0,45.0,Quercus robur,56.12678,-91.83899,0.5,,0.377,Canada,Boreal,Boreal forests/taiga,North America,Canada site 10
CAN-0162,CAN-0162-T03,1987,1977,0,43.4,Quercus robur,56.12678,-91.83899,0.5,,0.377,Canada,Boreal,Boreal forests/taiga,North America,Canada site 10
CAN-0162,CAN-0162-T04,1977,,0,17.1,Shorea leprosula,56.12678,-91.83899,0.5,,1.33,Canada,Boreal,Boreal forests/taiga,North America,Canada site 10
CAN-0162,CAN-0162-T04,1987,1977,0,17.3,Shorea leprosula,56.12678,-91.83899,0.5,,1.33,Canada,Boreal,Boreal forests/taiga,North America,Canada site 10
CAN-0162,CAN-0162-T05,1977,,0,13.3,Ocotea aciphylla,56.12678,-91.83899,0.5,,4.194,Canada,Boreal,Boreal forests/taiga,North America,Canada site 10
CAN-0162,CAN-0162-T05,1987,1977,0,13.1,Ocotea aciphylla,56.12678,-91.83899,0.5,,4.194,Canada,Boreal,Boreal forests/taiga,North America,Canada site 10
CAN-0162,CAN-0162-T06,1977,,1,55.2,Betula pendula,56.12678,-91.83899,0.5,,3.842,Canada,Boreal,Boreal forests/taiga,North America,Canada site 10
CAN-0162,CAN-0162-T06,1987,1977,0,55.9,Betula pendula,56.12678,-91.83899,0.5,,3.842,Canada,Boreal,Boreal forests/taiga,North America,Canada site 10
CAN-0162,CAN-0162-T07,1977,,0,60.1,Shorea leprosula,56.12678,-91.83899,0.5,,0.528,Canada,Boreal,Boreal forests/taiga,North America,Canada site 10
CAN-0162,CAN-0162-T07,1987,1977,0,60.9,Shorea leprosula,56.12678,-91.83899,0.5,,0.528,Canada,Boreal,Boreal forests/taiga,North America,Canada site 10
CAN-0162,CAN-0162-T08,1977,,0,35.6,Rhizophora mangle,56.12678,-91.83899,0.5,,2.176,Canada,Boreal,Boreal forests/taiga,North America,Canada site 10
CAN-0162,CAN-0162-T08,1987,1977,0,34.7,Rhizophora mangle,56.12678,-91.83899,0.5,,2.176,Canada,Boreal,Boreal forests/taiga,North America,Canada site 10
CAN-0162,CAN-0162-T09,1977,,0,28.9,Acer saccharum,56.12678,-91.83899,0.5,,0.868,Canada,Boreal,Boreal forests/taiga,North America,Canada site 10
CAN-0162,CAN-0162-T09,1987,1977,0,29.0,Acer saccharum,56.12678,-91.83899,0.5,,0.868,Canada,Boreal,Boreal forests/taiga,North America,Canada site 10
CAN-0162,CAN-0162-T10,1977,,0,61.6,Pinus sylvestris,56.12678,-91.83899,0.5,,0.747,Canada,Boreal,Boreal forests/taiga,North America,Canada site 10
CAN-0162,CAN-0162-T10,1987,1977,0,61.7,Pinus sylvestris,56.12678,-91.83899,0.5,,0.747,Canada,Boreal,Boreal forests/taiga,North America,Canada site 10
CAN-0163,CAN-0163-T01,1951,,0,9.6,Ocotea aciphylla,50.24563,-114.77253,0.5,,3.844,Canada,Boreal,Boreal forests/taiga,North America,Canada site 11
CAN-0163,CAN-0163-T01,1961,1951,0,10.0,Ocotea aciphylla,50.24563,-114.77253,0.5,,3.844,Canada,Boreal,Boreal forests/taiga,North America,Canada site 11
CAN-0163,CAN-0163-T02,1951,,0,19.5,Inga edulis,50.24563,-114.77253,0.5,,0.872,Canada,Boreal,Boreal forests/taiga,North America,Canada site 11
CAN-0163,CAN-0163-T02,1961,1951,0,19.3,Inga edulis,50.24563,-114.77253,0.5,,0.872,Canada,Boreal,Boreal forests/taiga,North America,Canada site 11
CAN-0163,CAN-0163-T03,1951,,0,53.1,Populus tremula,50.24563,-114.77253,0.5,,4.203,Canada,Boreal,Boreal forests/taiga,North America,Canada site 11
CAN-0163,CAN-0163-T03,1961,1951,0,52.8,Populus tremula,50.24563,-114.77253,0.5,,4.203,Canada,Boreal,Boreal forests/taiga,North America,Canada site 11
CAN-0163,CAN-0163-T04,1951,,0,18.8,Ocotea aciphylla,50.24563,-114.77253,0.5,,0.208,Canada,Boreal,Boreal forests/taiga,North America,Canada site 11
CAN-0163,CAN-0163-T04,1961,1951,0,19.2,Ocotea aciphylla,50.24563,-114.77253,0.5,,0.208,Canada,Boreal,Boreal forests/taiga,North America,Canada site 11
CAN-0163,CAN-0163-T05,1951,,0,43.0,Ocotea aciphylla,50.24563,-114.77253,0.5,,1.882,Canada,Boreal,Boreal forests/taiga,North America,Canada site 11
CAN-0163,CAN-0163-T05,1961,1951,0,42.6,Ocotea aciphylla,50.24563,-114.77253,0.5,,1.882,Canada,Boreal,Boreal forests/taiga,North America,Canada site 11
CAN-0163,CAN-0163-T06,1951,,0,40.1,Picea abies,50.24563,-114.77253,0.5,,2.535,Canada,Boreal,Boreal forests/taiga,North America,Canada site 11
CAN-0163,CAN-0163-T06,1961,1951,0,40.5,Picea abies,50.24563,-114.77253,0.5,,2.535,Canada,Boreal,Boreal forests/taiga,North America,Canada site 11
CAN-0163,CAN-0163-T07,1951,,0,14.5,Eperua falcata,50.24563,-114.77253,0.5,,3.653,Canada,Boreal,Boreal forests/taiga,North America,Canada site 11
CAN-0163,CAN-0163-T07,1961,1951,0,13.8,Eperua falcata,50.24563,-114.77253,0.5,,3.653,Canada,Boreal,Boreal forests/taiga,North America,Canada site 11
CAN-0163,CAN-0163-T08,1951,,1,23.8,Cecropia obtusa,50.24563,-114.77253,0.5,,3.867,Canada,Boreal,Boreal forests/taiga,North America,Canada site 11
CAN-0163,CAN-0163-T08,1961,1951,0,24.6,Cecropia obtusa,50.24563,-114.77253,0.5,,3.867,Canada,Boreal,Boreal forests/taiga,North America,Canada site 11
CAN-0163,CAN-0163-T09,1951,,0,52.0,Shorea leprosula,50.24563,-114.77253,0.5,,4.497,Canada,Boreal,Boreal forests/taiga,North America,Canada site 11
CAN-0163,CAN-0163-T09,1961,1951,0,52.0,Shorea leprosula,50.24563,-114.77253,0.5,,4.497,Canada,Boreal,Boreal forests/taiga,North America,Canada site 11
CAN-0163,CAN-0163-T10,1951,,0,12.1,Ocotea aciphylla,50.24563,-114.77253,0.5,,1.402,Canada,Boreal,Boreal forests/taiga,North America,Canada site 11
CAN-0163,CAN-0163-T10,1961,1951,0,13.5,Ocotea aciphylla,50.24563,-114.77253,0.5,,1.402,Canada,Boreal,Boreal forests/taiga,North America,Canada site 11
CAN-0163,CAN-0163-T11,1951,,0,55.0,Pinus sylvestris,50.24563,-114.77253,0.5,,4.193,Canada,Boreal,Boreal forests/taiga,North America,Canada site 11
CAN-0163,CAN-0163-T11,1961,1951,0,54.0,Pinus sylvestris,50.24563,-114.77253,0.5,,4.193,Canada,Boreal,Boreal forests/taiga,North America,Canada site 11
CAN-0164,CAN-0164-T01,2009,,0,56.0,Eperua falcata,53.00264,-79.4907,0.04,13.5,0.971,Canada,Coniferous,Boreal forests/taiga,North America,Canada site 12
CAN-0164,CAN-0164-T01,2014,2009,0,55.9,Eperua falcata,53.00264,-79.4907,0.04,13.5,0.971,Canada,Coniferous,Boreal forests/taiga,North America,Canada site 12
CAN-0164,CAN-0164-T02,2009,,0,48.8,Nothofagus pumilio,53.00264,-79.4907,0.04,35.4,0.377,Canada,Coniferous,Boreal forests/taiga,North America,Canada site 12
CAN-0164,CAN-0164-T02,2014,2009,0,48.5,Nothofagus pumilio,53.00264,-79.4907,0.04,35.4,0.377,Canada,Coniferous,Boreal forests/taiga,North America,Canada site 12
CAN-0164,CAN-0164-T03,2009,,0,43.5,Nothofagus pumilio,53.00264,-79.4907,0.04,11.0,1.828,Canada,Coniferous,Boreal forests/taiga,North America,Canada site 12
CAN-0164,CAN-0164-T03,2014,2009,0,44.2,Nothofagus pumilio,53.00264,-79.4907,0.04,11.0,1.828,Canada,Coniferous,Boreal forests/taiga,North America,Canada site 12
CAN-0164,CAN-0164-T04,2009,,0,22.5,Eperua falcata,53.00264,-79.4907,0.04,9.6,0.328,Canada,Coniferous,Boreal forests/taiga,North America,Canada site 12
CAN-0164,CAN-0164-T04,2014,2009,0,21.7,Eperua falcata,53.00264,-79.4907,0.04,9.6,0.328,Canada,Coniferous,Boreal forests/taiga,North America,Canada site 12
CAN-0164,CAN-0164-T05,2009,,0,51.7,Avicennia germinans,53.00264,-79.4907,0.04,20.2,0.499,Canada,Coniferous,Boreal forests/taiga,North America,Canada site 12
CAN-0164,CAN-0164-T05,2014,2009,0,51.4,Avicennia germinans,53.00264,-79.4907,0.04,20.2,0.499,Canada,Coniferous,Boreal forests/taiga,North America,Canada site 12
CAN-0164,CAN-0164-T06,2009,,0,17.1,Eperua falcata,53.00264,-79.4907,0.04,27.5,2.569,Canada,Coniferous,Boreal forests/taiga,North America,Canada site 12
CAN-0164,CAN-0164-T06,2014,2009,0,16.0,Eperua falcata,53.00264,-79.4907,0.04,27.5,2.569,Canada,Coniferous,Boreal forests/taiga,North America,Canada site 12
CAN-0164,CAN-0164-T07,2009,,0,17.1,Betula pendula,53.00264,-79.4907,0.04,36.7,3.89,Canada,Coniferous,Boreal forests/taiga,North America,Canada site 12
CAN-0164,CAN-0164-T07,2014,2009,0,15.4,Betula pendula,53.00264,-79.4907,0.04,36.7,3.89,Canada,Coniferous,Boreal forests/taiga,North America,Canada site 12
CAN-0165,CAN-0165-T01,1967,,0,50.9,Juniperus thurifera,56.2976,-110.68065,0.5,31.3,,Canada,Boreal,Boreal forests/taiga,North America,Canada site 13
CAN-0165,CAN-0165-T02,1967,,0,20.8,Nothofagus pumilio,56.2976,-110.68065,0.5,20.9,,Canada,Boreal,Boreal forests/taiga,North America,Canada site 13
CAN-0165,CAN-0165-T03,1967,,0,18.4,Inga edulis,56.2976,-110.68065,0.5,23.8,,Canada,Boreal,Boreal forests/taiga,North America,Canada site 13
CAN-0165,CAN-0165-T04,1967,,0,60.6,Inga edulis,56.2976,-110.68065,0.5,20.3,,Canada,Boreal,Boreal forests/taiga,North America,Canada site 13
CAN-0165,CAN-0165-T05,1967,,0,21.4,Shorea leprosula,56.2976,-110.68065,0.5,33.7,,Canada,Boreal,Boreal forests/taiga,North America,Canada site 13
CAN-0165,CAN-0165-T06,1967,,1,21.8,Cecropia obtusa,56.2976,-110.68065,0.5,26.2,,Canada,Boreal,Boreal forests/taiga,North America,Canada site 13
CAN-0165,CAN-0165-T07,1967,,0,29.9,Picea abies,56.2976,-110.68065,0.5,13.7,,Canada,Boreal,Boreal forests/taiga,North America,Canada site 13
CAN-0166,CAN-0166-T01,1943,,0,18.0,Juniperus thurifera,57.99502,-93.15555,0.25,27.2,,Canada,Boreal,Boreal forests/taiga,North America,Canada site 14
CAN-0166,CAN-0166-T02,1943,,0,21.4,Milicia excelsa,57.99502,-93.15555,0.25,29.3,,Canada,Boreal,Boreal forests/taiga,North America,Canada site 14
CAN-0166,CAN-0166-T03,1943,,0,48.2,Populus tremula,57.99502,-93.15555,0.25,29.9,,Canada,Boreal,Boreal forests/taiga,North America,Canada site 14
CAN-0166,CAN-0166-T04,1943,,0,60.1,Betula pendula,57.99502,-93.15555,0.25,16.3,,Canada,Boreal,Boreal forests/taiga,North America,Canada site 14
CAN-0166,CAN-0166-T05,1943,,0,43.2,Quercus robur,57.99502,-93.15555,0.25,29.5,,Canada,Boreal,Boreal forests/taiga,North America,Canada site 14
CAN-0166,CAN-0166-T06,1943,,0,30.3,Quercus robur,57.99502,-93.15555,0.25,18.2,,Canada,Boreal,Boreal forests/taiga,North America,Canada site 14
CAN-0167,CAN-0167-T01,1939,,0,50.4,Khaya ivorensis,58.45518,-89.13187,0.25,,,Canada,Coniferous,Boreal forests/taiga,North America,Canada site 15
CAN-0167,CAN-0167-T01,1949,1939,0,50.4,Khaya ivorensis,58.45518,-89.13187,0.25,,,Canada,Coniferous,Boreal forests/taiga,North America,Canada site 15
CAN-0167,CAN-0167-T02,1939,,0,22.9,Milicia excelsa,58.45518,-89.13187,0.25,,,Canada,Coniferous,Boreal forests/taiga,North America,Canada site 15
CAN-0167,CAN-0167-T02,1949,1939,0,21.6,Milicia excelsa,58.45518,-89.13187,0.25,,,Canada,Coniferous,Boreal forests/taiga,North America,Canada site 15
CAN-0167,CAN-0167-T03,1939,,0,55.0,Tsuga canadensis,58.45518,-89.13187,0.25,,,Canada,Coniferous,Boreal forests/taiga,North America,Canada site 15
CAN-0167,CAN-0167-T03,1949,1939,0,54.5,Tsuga canadensis,58.45518,-89.13187,0.25,,,Canada,Coniferous,Boreal forests/taiga,North America,Canada site 15
CAN-0167,CAN-0167-T04,1939,,1,10.6,Cecropia obtusa,58.45518,-89.13187,0.25,,,Canada,Coniferous,Boreal forests/taiga,North America,Canada site 15
CAN-0167,CAN-0167-T04,1949,1939,0,9.9,Cecropia obtusa,58.45518,-89.13187,0.25,,,Canada,Coniferous,Boreal forests/taiga,North America,Canada site 15
CAN-0167,CAN-0167-T05,1939,,0,48.4,Fagus sylvatica,58.45518,-89.13187,0.25,,,Canada,Coniferous,Boreal forests/taiga,North America,Canada site 15
CAN-0167,CAN-0167-T05,1949,1939,0,48.2,Fagus sylvatica,58.45518,-89.13187,0.25,,,Canada,Coniferous,Boreal forests/taiga,North America,Canada site 15
CAN-0167,CAN-0167-T06,1939,,0,23.1,Dipterocarpus grandiflorus,58.45518,-89.13187,0.25,,,Canada,Coniferous,Boreal forests/taiga,North America,Canada site 15
CAN-0167,CAN-0167-T06,1949,1939,0,24.2,Dipterocarpus grandiflorus,58.45518,-89.13187,0.25,,,Canada,Coniferous,Boreal forests/taiga,North America,Canada site 15
CAN-0168,CAN-0168-T01,1962,,0,26.8,Rhizophora mangle,54.23039,-95.66649,1.0,27.3,,Canada,Boreal,Boreal forests/taiga,North America,Canada site 16
CAN-0168,CAN-0168-T02,1962,,0,53.3,Shorea leprosula,54.23039,-95.66649,1.0,36.9,,Canada,Boreal,Boreal forests/taiga,North America,Canada site 16
CAN-0168,CAN-0168-T03,1962,,1,19.9,Avicennia germinans,54.23039,-95.66649,1.0,35.1,,Canada,Boreal,Boreal forests/taiga,North America,Canada site 16
CAN-0168,CAN-0168-T04,1962,,0,42.8,Populus tremula,54.23039,-95.66649,1.0,19.5,,Canada,Boreal,Boreal forests/taiga,North America,Canada site 16
CAN-0168,CAN-0168-T05,1962,,0,35.5,Nothofagus pumilio,54.23039,-95.66649,1.0,36.0,,Canada,Boreal,Boreal forests/taiga,North America,Canada site 16
CAN-0168,CAN-0168-T06,1962,,0,36.2,Ocotea aciphylla,54.23039,-95.66649,1.0,28.7,,Canada,Boreal,Boreal forests/taiga,North America,Canada site 16
CAN-0168,CAN-0168-T07,1962,,0,35.9,Milicia excelsa,54.23039,-95.66649,1.0,17.3,,Canada,Boreal,Boreal forests/taiga,North America,Canada site 16
CAN-0168,CAN-0168-T08,1962,,0,38.6,Pinus sylvestris,54.23039,-95.66649,1.0,34.5,,Canada,Boreal,Boreal forests/taiga,North America,Canada site 16
CAN-0168,CAN-0168-T09,1962,,0,21.6,Dipterocarpus grandiflorus,54.23039,-95.66649,1.0,15.3,,Canada,Boreal,Boreal forests/taiga,North America,Canada site 16
CAN-0169,CAN-0169-T01,1942,,0,39.0,Quercus ilex,59.51842,-95.76955,0.1,,,Canada,Boreal,Boreal forests/taiga,North America,Canada site 17
CAN-0169,CAN-0169-T02,1942,,0,41.9,Acer saccharum,59.51842,-95.76955,0.1,,,Canada,Boreal,Boreal forests/taiga,North America,Canada site 17
CAN-0169,CAN-0169-T03,1942,,1,16.1,Quercus robur,59.51842,-95.76955,0.1,,,Canada,Boreal,Boreal forests/taiga,North America,Canada site 17
CAN-0169,CAN-0169-T04,1942,,0,30.7,Nothofagus pumilio,59.51842,-95.76955,0.1,,,Canada,Boreal,Boreal forests/taiga,North America,Canada site 17
CAN-0169,CAN-0169-T05,1942,,0,18.4,Avicennia germinans,59.51842,-95.76955,0.1,,,Canada,Boreal,Boreal forests/taiga,North America,Canada site 17
CAN-0169,CAN-0169-T06,1942,,0,46.9,Dipterocarpus grandiflorus,59.51842,-95.76955,0.1,,,Canada,Boreal,Boreal forests/taiga,North America,Canada site 17
CAN-0169,CAN-0169-T07,1942,,0,39.7,Shorea leprosula,59.51842,-95.76955,0.1,,,Canada,Boreal,Boreal forests/taiga,North America,Canada site 17
CAN-0169,CAN-0169-T08,1942,,0,53.5,Milicia excelsa,59.51842,-95.76955,0.1,,,Canada,Boreal,Boreal forests/taiga,North America,Canada site 17
CAN-0169,CAN-0169-T09,1942,,0,27.3,Juniperus thurifera,59.51842,-95.76955,0.1,,,Canada,Boreal,Boreal forests/taiga,North America,Canada site 17
CAN-0170,CAN-0170-T01,1947,,0,56.1,Tsuga canadensis,52.2053,-118.36525,0.1,17.7,3.863,Canada,Coniferous,Boreal forests/taiga,North America,Canada site 18
CAN-0170,CAN-0170-T02,1947,,0,36.8,Populus tremula,52.2053,-118.36525,0.1,22.8,1.95,Canada,Coniferous,Boreal forests/taiga,North America,Canada site 18
CAN-0170,CAN-0170-T03,1947,,0,13.6,Pinus sylvestris,52.2053,-118.36525,0.1,34.9,1.056,Canada,Coniferous,Boreal forests/taiga,North America,Canada site 18
CAN-0170,CAN-0170-T04,1947,,0,33.2,Tsuga canadensis,52.2053,-118.36525,0.1,24.0,3.329,Canada,Coniferous,Boreal forests/taiga,North America,Canada site 18
CAN-0170,CAN-0170-T05,1947,,0,31.8,Nothofagus pumilio,52.2053,-118.36525,0.1,12.1,3.326,Canada,Coniferous,Boreal forests/taiga,North America,Canada site 18
CAN-0170,CAN-0170-T06,1947,,0,10.0,Picea abies,52.2053,-118.36525,0.1,8.4,2.652,Canada,Coniferous,Boreal forests/taiga,North America,Canada site 18
CAN-0170,CAN-0170-T07,1947,,0,42.7,Shorea leprosula,52.2053,-118.36525,0.1,34.7,4.021,Canada,Coniferous,Boreal forests/taiga,North America,Canada site 18
CAN-0170,CAN-0170-T08,1947,,0,41.0,Populus tremula,52.2053,-118.36525,0.1,10.8,1.141,Canada,Coniferous,Boreal forests/taiga,North America,Canada site 18
CAN-0170,CAN-0170-T09,1947,,0,58.7,Khaya ivorensis,52.2053,-118.36525,0.1,15.2,2.153,Canada,Coniferous,Boreal forests/taiga,North America,Canada site 18
CAN-0171,CAN-0171-T01,1988,,0,48.9,Milicia excelsa,57.56786,-81.99979,0.5,29.9,,Canada,Boreal,Boreal forests/taiga,North America,Canada site 19
CAN-0171,CAN-0171-T02,1988,,0,52.1,Avicennia germinans,57.56786,-81.99979,0.5,14.5,,Canada,Boreal,Boreal forests/taiga,North America,Canada site 19
CAN-0171,CAN-0171-T03,1988,,0,13.4,Eperua falcata,57.56786,-81.99979,0.5,23.1,,Canada,Boreal,Boreal forests/taiga,North America,Canada site 19
CAN-0171,CAN-0171-T04,1988,,0,23.0,Juniperus thurifera,57.56786,-81.99979,0.5,20.8,,Canada,Boreal,Boreal forests/taiga,North America,Canada site 19
CAN-0171,CAN-0171-T05,1988,,0,48.7,Ocotea aciphylla,57.56786,-81.99979,0.5,24.7,,Canada,Boreal,Boreal forests/taiga,North America,Canada site 19
CAN-0171,CAN-0171-T06,1988,,0,61.0,Picea abies,57.56786,-81.99979,0.5,25.2,,Canada,Boreal,Boreal forests/taiga,North America,Canada site 19
CAN-0172,CAN-0172-T01,1940,,1,52.4,Acer saccharum,59.93958,-81.21842,0.1,15.0,,Canada,Coniferous,Boreal forests/taiga,North America,Canada site 20
CAN-0172,CAN-0172-T02,1940,,0,18.6,Acer saccharum,59.93958,-81.21842,0.1,14.3,,Canada,Coniferous,Boreal forests/taiga,North America,Canada site 20
CAN-0172,CAN-0172-T03,1940,,0,11.3,Rhizophora mangle,59.93958,-81.21842,0.1,21.5,,Canada,Coniferous,Boreal forests/taiga,North America,Canada site 20
CAN-0172,CAN-0172-T04,1940,,0,14.4,Fagus sylvatica,59.93958,-81.21842,0.1,35.4,,Canada,Coniferous,Boreal forests/taiga,North America,Canada site 20
CAN-0172,CAN-0172-T05,1940,,0,48.9,Khaya ivorensis,59.93958,-81.21842,0.1,30.8,,Canada,Coniferous,Boreal forests/taiga,North America,Canada site 20
CAN-0172,CAN-0172-T06,1940,,0,16.3,Cecropia obtusa,59.93958,-81.21842,0.1,9.9,,Canada,Coniferous,Boreal forests/taiga,North America,Canada site 20
CAN-0173,CAN-0173-T01,1969,,0,8.4,Inga edulis,55.70074,-93.38596,1.0,19.2,2.408,Canada,Coniferous,Boreal forests/taiga,North America,Canada site 21
CAN-0173,CAN-0173-T02,1969,,0,13.9,Cecropia obtusa,55.70074,-93.38596,1.0,30.9,0.969,Canada,Coniferous,Boreal forests/taiga,North America,Canada site 21
CAN-0173,CAN-0173-T03,1969,,0,31.5,Picea abies,55.70074,-93.38596,1.0,29.0,0.765,Canada,Coniferous,Boreal forests/taiga,North America,Canada site 21
CAN-0173,CAN-0173-T04,1969,,0,55.7,Nothofagus pumilio,55.70074,-93.38596,1.0,23.9,4.056,Canada,Coniferous,Boreal forests/taiga,North America,Canada site 21
CAN-0173,CAN-0173-T05,1969,,0,61.2,Juniperus thurifera,55.70074,-93.38596,1.0,34.6,0.725,Canada,Coniferous,Boreal forests/taiga,North America,Canada site 21
CAN-0173,CAN-0173-T06,1969,,0,43.7,Nothofagus pumilio,55.70074,-93.38596,1.0,14.5,2.032,Canada,Coniferous,Boreal forests/taiga,North America,Canada site 21
CAN-0173,CAN-0173-T07,1969,,0,23.1,Rhizophora mangle,55.70074,-93.38596,1.0,15.8,0.979,Canada,Coniferous,Boreal forests/taiga,North America,Canada site 21
CAN-0173,CAN-0173-T08,1969,,0,18.6,Quercus robur,55.70074,-93.38596,1.0,16.9,3.481,Canada,Coniferous,Boreal forests/taiga,North America,Canada site 21
CAN-0174,CAN-0174-T01,1993,,0,14.2,Juniperus thurifera,51.26888,-76.69606,0.1,28.8,4.056,Canada,Boreal,Boreal forests/taiga,North America,Canada site 22
CAN-0174,CAN-0174-T02,1993,,0,59.3,Nothofagus pumilio,51.26888,-76.69606,0.1,11.4,2.167,Canada,Boreal,Boreal forests/taiga,North America,Canada site 22
CAN-0174,CAN-0174-T03,1993,,0,46.5,Juniperus thurifera,51.26888,-76.69606,0.1,32.5,0.257,Canada,Boreal,Boreal forests/taiga,North America,Canada site 22
CAN-0174,CAN-0174-T04,1993,,0,51.1,Populus tremula,51.26888,-76.69606,0.1,15.2,0.247,Canada,Boreal,Boreal forests/taiga,North America,Canada site 22
CAN-0174,CAN-0174-T05,1993,,0,55.8,Nothofagus pumilio,51.26888,-76.69606,0.1,15.2,2.494,Canada,Boreal,Boreal forests/taiga,North America,Canada site 22
CAN-0175,CAN-0175-T01,2016,,0,22.1,Shorea leprosula,50.75516,-80.27007,0.04,24.5,,Canada,Boreal,Boreal forests/taiga,North America,Canada site 23
CAN-0175,CAN-0175-T01,2020,2016,0,22.6,Shorea leprosula,50.75516,-80.27007,0.04,24.5,,Canada,Boreal,Boreal forests/taiga,North America,Canada site 23
CAN-0175,CAN-0175-T02,2016,,0,51.4,Betula pendula,50.75516,-80.27007,0.04,14.6,,Canada,Boreal,Boreal forests/taiga,North America,Canada site 23
CAN-0175,CAN-0175-T02,2020,2016,0,51.4,Betula pendula,50.75516,-80.27007,0.04,14.6,,Canada,Boreal,Boreal forests/taiga,North America,Canada site 23
CAN-0175,CAN-0175-T03,2016,,0,37.5,Khaya ivorensis,50.75516,-80.27007,0.04,30.1,,Canada,Boreal,Boreal forests/taiga,North America,Canada site 23
CAN-0175,CAN-0175-T03,2020,2016,0,37.5,Khaya ivorensis,50.75516,-80.27007,0.04,30.1,,Canada,Boreal,Boreal forests/taiga,North America,Canada site 23
CAN-0175,CAN-0175-T04,2016,,1,9.8,Quercus robur,50.75516,-80.27007,0.04,8.3,,Canada,Boreal,Boreal forests/taiga,North America,Canada site 23
CAN-0175,CAN-0175-T04,2020,2016,0,8.6,Quercus robur,50.75516,-80.27007,0.04,8.3,,Canada,Boreal,Boreal forests/taiga,North America,Canada site 23
CAN-0175,CAN-0175-T05,2016,,0,12.5,Quercus robur,50.75516,-80.27007,0.04,12.9,,Canada,Boreal,Boreal forests/taiga,North America,Canada site 23
CAN-0175,CAN-0175-T05,2020,2016,0,11.5,Quercus robur,50.75516,-80.27007,0.04,12.9,,Canada,Boreal,Boreal forests/taiga,North America,Canada site 23
CAN-0175,CAN-0175-T06,2016,,0,59.5,Avicennia germinans,50.75516,-80.27007,0.04,10.9,,Canada,Boreal,Boreal forests/taiga,North America,Canada site 23
CAN-0175,CAN-0175-T06,2020,2016,0,59.1,Avicennia germinans,50.75516,-80.27007,0.04,10.9,,Canada,Boreal,Boreal forests/taiga,North America,Canada site 23
CAN-0175,CAN-0175-T07,2016,,0,9.4,Quercus ilex,50.75516,-80.27007,0.04,12.5,,Canada,Boreal,Boreal forests/taiga,North America,Canada site 23
CAN-0175,CAN-0175-T07,2020,2016,0,8.9,Quercus ilex,50.75516,-80.27007,0.04,12.5,,Canada,Boreal,Boreal forests/taiga,North America,Canada site 23
CAN-0175,CAN-0175-T08,2016,,0,23.7,Khaya ivorensis,50.75516,-80.27007,0.04,16.8,,Canada,Boreal,Boreal forests/taiga,North America,Canada site 23
CAN-0175,CAN-0175-T08,2020,2016,0,22.9,Khaya ivorensis,50.75516,-80.27007,0.04,16.8,,Canada,Boreal,Boreal forests/taiga,North America,Canada site 23
CAN-0175,CAN-0175-T09,2016,,0,33.7,Nothofagus pumilio,50.75516,-80.27007,0.04,22.7,,Canada,Boreal,Boreal forests/taiga,North America,Canada site 23
CAN-0175,CAN-0175-T09,2020,2016,0,33.8,Nothofagus pumilio,50.75516,-80.27007,0.04,22.7,,Canada,Boreal,Boreal forests/taiga,North America,Canada site 23
CAN-0176,CAN-0176-T01,1992,,0,25.0,Fagus sylvatica,54.29643,-109.40743,0.25,22.1,2.292,Canada,Boreal,Boreal forests/taiga,North America,Canada site 24
CAN-0176,CAN-0176-T01,2002,1992,0,24.9,Fagus sylvatica,54.29643,-109.40743,0.25,22.1,2.292,Canada,Boreal,Boreal forests/taiga,North America,Canada site 24
CAN-0176,CAN-0176-T02,1992,,0,28.4,Populus tremula,54.29643,-109.40743,0.25,27.1,0.417,Canada,Boreal,Boreal forests/taiga,North America,Canada site 24
CAN-0176,CAN-0176-T02,2002,1992,0,28.1,Populus tremula,54.29643,-109.40743,0.25,27.1,0.417,Canada,Boreal,Boreal forests/taiga,North America,Canada site 24
CAN-0176,CAN-0176-T03,1992,,0,20.7,Picea abies,54.29643,-109.40743,0.25,12.5,1.227,Canada,Boreal,Boreal forests/taiga,North America,Canada site 24
CAN-0176,CAN-0176-T03,2002,1992,0,21.1,Picea abies,54.29643,-109.40743,0.25,12.5,1.227,Canada,Boreal,Boreal forests/taiga,North America,Canada site 24
CAN-0176,CAN-0176-T04,1992,,0,50.4,Acer saccharum,54.29643,-109.40743,0.25,19.3,0.208,Canada,Boreal,Boreal forests/taiga,North America,Canada site 24
CAN-0176,CAN-0176-T04,2002,1992,0,49.4,Acer saccharum,54.29643,-109.40743,0.25,19.3,0.208,Canada,Boreal,Boreal forests/taiga,North America,Canada site 24
CAN-0176,CAN-0176-T05,1992,,0,40.5,Cecropia obtusa,54.29643,-109.40743,0.25,26.4,2.081,Canada,Boreal,Boreal forests/taiga,North America,Canada site 24
CAN-0176,CAN-0176-T05,2002,1992,0,40.0,Cecropia obtusa,54.29643,-109.40743,0.25,26.4,2.081,Canada,Boreal,Boreal forests/taiga,North America,Canada site 24
CAN-0176,CAN-0176-T06,1992,,1,18.0,Eucalyptus camaldulensis,54.29643,-109.40743,0.25,9.9,1.22,Canada,Boreal,Boreal forests/taiga,North America,Canada site 24
CAN-0176,CAN-0176-T06,2002,1992,0,18.3,Eucalyptus camaldulensis,54.29643,-109.40743,0.25,9.9,1.22,Canada,Boreal,Boreal forests/taiga,North America,Canada site 24
CAN-0176,CAN-0176-T07,1992,,0,56.1,Picea abies,54.29643,-109.40743,0.25,35.5,3.329,Canada,Boreal,Boreal forests/taiga,North America,Canada site 24
CAN-0176,CAN-0176-T07,2002,1992,0,56.2,Picea abies,54.29643,-109.40743,0.25,35.5,3.329,Canada,Boreal,Boreal forests/taiga,North America,Canada site 24
CAN-0176,CAN-0176-T08,1992,,0,59.2,Nothofagus pumilio,54.29643,-109.40743,0.25,23.0,4.19,Canada,Boreal,Boreal forests/taiga,North America,Canada site 24
CAN-0176,CAN-0176-T08,2002,1992,0,59.6,Nothofagus pumilio,54.29643,-109.40743,0.25,23.0,4.19,Canada,Boreal,Boreal forests/taiga,North America,Canada site 24
CAN-0176,CAN-0176-T09,1992,,0,29.6,Pinus sylvestris,54.29643,-109.40743,0.25,15.3,3.035,Canada,Boreal,Boreal forests/taiga,North America,Canada site 24
CAN-0176,CAN-0176-T09,2002,1992,0,29.9,Pinus sylvestris,54.29643,-109.40743,0.25,15.3,3.035,Canada,Boreal,Boreal forests/taiga,North America,Canada site 24
CAN-0177,CAN-0177-T01,1940,,0,42.8,Juniperus thurifera,51.57984,-97.17409,0.5,28.0,,Canada,Boreal,Boreal forests/taiga,North America,Canada site 25
CAN-0177,CAN-0177-T02,1940,,0,16.6,Dipterocarpus grandiflorus,51.57984,-97.17409,0.5,15.3,,Canada,Boreal,Boreal forests/taiga,North America,Canada site 25
CAN-0177,CAN-0177-T03,1940,,0,27.9,Betula pendula,51.57984,-97.17409,0.5,29.8,,Canada,Boreal,Boreal forests/taiga,North America,Canada site 25
CAN-0177,CAN-0177-T04,1940,,0,13.6,Tsuga canadensis,51.57984,-97.17409,0.5,36.8,,Canada,Boreal,Boreal forests/taiga,North America,Canada site 25
CAN-0177,CAN-0177-T05,1940,,0,55.2,Rhizophora mangle,51.57984,-97.17409,0.5,32.7,,Canada,Boreal,Boreal forests/taiga,North America,Canada site 25
CAN-0177,CAN-0177-T06,1940,,0,29.1,Khaya ivorensis,51.57984,-97.17409,0.5,18.6,,Canada,Boreal,Boreal forests/taiga,North America,Canada site 25
CAN-0177,CAN-0177-T07,1940,,0,54.8,Dipterocarpus grandiflorus,51.57984,-97.17409,0.5,9.3,,Canada,Boreal,Boreal forests/taiga,North America,Canada site 25
CAN-0177,CAN-0177-T08,1940,,0,46.9,Populus tremula,51.57984,-97.17409,0.5,19.1,,Canada,Boreal,Boreal forests/taiga,North America,Canada site 25
CAN-0177,CAN-0177-T09,1940,,0,23.9,Acer saccharum,51.57984,-97.17409,0.5,36.8,,Canada,Boreal,Boreal forests/taiga,North America,Canada site 25
CAN-0178,CAN-0178-T01,1931,,0,33.4,Pinus sylvestris,59.038,-111.72375,0.5,17.2,,Canada,Coniferous,Boreal forests/taiga,North America,Canada site 26
CAN-0178,CAN-0178-T01,1941,1931,0,32.7,Pinus sylvestris,59.038,-111.72375,0.5,17.2,,Canada,Coniferous,Boreal forests/taiga,North America,Canada site 26
CAN-0178,CAN-0178-T02,1931,,0,35.3,Eucalyptus camaldulensis,59.038,-111.72375,0.5,35.5,,Canada,Coniferous,Boreal forests/taiga,North America,Canada site 26
CAN-0178,CAN-0178-T02,1941,1931,0,34.6,Eucalyptus camaldulensis,59.038,-111.72375,0.5,35.5,,Canada,Coniferous,Boreal forests/taiga,North America,Canada site 26
CAN-0178,CAN-0178-T03,1931,,0,36.0,Eucalyptus camaldulensis,59.038,-111.72375,0.5,32.9,,Canada,Coniferous,Boreal forests/taiga,North America,Canada site 26
CAN-0178,CAN-0178-T03,1941,1931,0,34.9,Eucalyptus camaldulensis,59.038,-111.72375,0.5,32.9,,Canada,Coniferous,Boreal forests/taiga,North America,Canada site 26
CAN-0178,CAN-0178-T04,1931,,0,44.4,Fagus sylvatica,59.038,-111.72375,0.5,18.2,,Canada,Coniferous,Boreal forests/taiga,North America,Canada site 26
CAN-0178,CAN-0178-T04,1941,1931,0,44.8,Fagus sylvatica,59.038,-111.72375,0.5,18.2,,Canada,Coniferous,Boreal forests/taiga,North America,Canada site 26
CAN-0178,CAN-0178-T05,1931,,0,57.5,Tsuga canadensis,59.038,-111.72375,0.5,14.3,,Canada,Coniferous,Boreal forests/taiga,North America,Canada site 26
CAN-0178,CAN-0178-T05,1941,1931,0,58.0,Tsuga canadensis,59.038,-111.72375,0.5,14.3,,Canada,Coniferous,Boreal forests/taiga,North America,Canada site 26
CAN-0179,CAN-0179-T01,2006,,0,29.3,Picea abies,56.95597,-79.14455,0.5,14.7,,Canada,Boreal,Boreal forests/taiga,North America,Canada site 27
CAN-0179,CAN-0179-T01,2016,2006,0,29.1,Picea abies,56.95597,-79.14455,0.5,14.7,,Canada,Boreal,Boreal forests/taiga,North America,Canada site 27
CAN-0179,CAN-0179-T02,2006,,0,33.2,Eucalyptus camaldulensis,56.95597,-79.14455,0.5,34.4,,Canada,Boreal,Boreal forests/taiga,North America,Canada site 27
CAN-0179,CAN-0179-T02,2016,2006,0,34.5,Eucalyptus camaldulensis,56.95597,-79.14455,0.5,34.4,,Canada,Boreal,Boreal forests/taiga,North America,Canada site 27
CAN-0179,CAN-0179-T03,2006,,0,42.1,Pinus sylvestris,56.95597,-79.14455,0.5,13.9,,Canada,Boreal,Boreal forests/taiga,North America,Canada site 27
CAN-0179,CAN-0179-T03,2016,2006,0,41.9,Pinus sylvestris,56.95597,-79.14455,0.5,13.9,,Canada,Boreal,Boreal forests/taiga,North America,Canada site 27
CAN-0179,CAN-0179-T04,2006,,0,54.2,Cecropia obtusa,56.95597,-79.14455,0.5,29.7,,Canada,Boreal,Boreal forests/taiga,North America,Canada site 27
CAN-0179,CAN-0179-T04,2016,2006,0,53.5,Cecropia obtusa,56.95597,-79.14455,0.5,29.7,,Canada,Boreal,Boreal forests/taiga,North America,Canada site 27
CAN-0179,CAN-0179-T05,2006,,0,61.5,Eperua falcata,56.95597,-79.14455,0.5,10.9,,Canada,Boreal,Boreal forests/taiga,North America,Canada site 27
CAN-0179,CAN-0179-T05,2016,2006,0,61.2,Eperua falcata,56.95597,-79.14455,0.5,10.9,,Canada,Boreal,Boreal forests/taiga,North America,Canada site 27
CAN-0179,CAN-0179-T06,2006,,0,56.2,Eucalyptus camaldulensis,56.95597,-79.14455,0.5,8.3,,Canada,Boreal,Boreal forests/taiga,North America,Canada site 27
CAN-0179,CAN-0179-T06,2016,2006,1,56.3,Eucalyptus camaldulensis,56.95597,-79.14455,0.5,8.3,,Canada,Boreal,Boreal forests/taiga,North America,Canada site 27
CAN-0179,CAN-0179-T07,2006,,0,26.1,Picea abies,56.95597,-79.14455,0.5,20.5,,Canada,Boreal,Boreal forests/taiga,North America,Canada site 27
CAN-0179,CAN-0179-T07,2016,2006,1,25.5,Picea abies,56.95597,-79.14455,0.5,20.5,,Canada,Boreal,Boreal forests/taiga,North America,Canada site 27
CAN-0180,CAN-0180-T01,1957,,0,33.5,Eperua falcata,55.63291,-89.48404,0.1,29.1,,Canada,Coniferous,Boreal forests/taiga,North America,Canada site 28
CAN-0180,CAN-0180-T01,1962,1957,0,34.4,Eperua falcata,55.63291,-89.48404,0.1,29.1,,Canada,Coniferous,Boreal forests/taiga,North America,Canada site 28
CAN-0180,CAN-0180-T02,1957,,0,57.5,Cecropia obtusa,55.63291,-89.48404,0.1,34.5,,Canada,Coniferous,Boreal forests/taiga,North America,Canada site 28
CAN-0180,CAN-0180-T02,1962,1957,0,57.7,Cecropia obtusa,55.63291,-89.48404,0.1,34.5,,Canada,Coniferous,Boreal forests/taiga,North America,Canada site 28
CAN-0180,CAN-0180-T03,1957,,0,12.1,Fagus sylvatica,55.63291,-89.48404,0.1,26.1,,Canada,Coniferous,Boreal forests/taiga,North America,Canada site 28
CAN-0180,CAN-0180-T03,1962,1957,0,11.6,Fagus sylvatica,55.63291,-89.48404,0.1,26.1,,Canada,Coniferous,Boreal forests/taiga,North America,Canada site 28
CAN-0180,CAN-0180-T04,1957,,0,37.1,Picea abies,55.63291,-89.48404,0.1,14.8,,Canada,Coniferous,Boreal forests/taiga,North America,Canada site 28
CAN-0180,CAN-0180-T04,1962,1957,0,37.5,Picea abies,55.63291,-89.48404,0.1,14.8,,Canada,Coniferous,Boreal forests/taiga,North America,Canada site 28
CAN-0180,CAN-0180-T05,1957,,0,18.5,Cecropia obtusa,55.63291,-89.48404,0.1,32.4,,Canada,Coniferous,Boreal forests/taiga,North America,Canada site 28
CAN-0180,CAN-0180-T05,1962,1957,0,19.0,Cecropia obtusa,55.63291,-89.48404,0.1,32.4,,Canada,Coniferous,Boreal forests/taiga,North America,Canada site 28
CAN-0180,CAN-0180-T06,1957,,0,32.4,Populus tremula,55.63291,-89.48404,0.1,18.1,,Canada,Coniferous,Boreal forests/taiga,North America,Canada site 28
CAN-0180,CAN-0180-T06,1962,1957,0,33.6,Populus tremula,55.63291,-89.48404,0.1,18.1,,Canada,Coniferous,Boreal forests/taiga,North America,Canada site 28
CAN-0180,CAN-0180-T07,1957,,0,15.0,Dipterocarpus grandiflorus,55.63291,-89.48404,0.1,24.1,,Canada,Coniferous,Boreal forests/taiga,North America,Canada site 28
CAN-0180,CAN-0180-T07,1962,1957,1,15.4,Dipterocarpus grandiflorus,55.63291,-89.48404,0.1,24.1,,Canada,Coniferous,Boreal forests/taiga,North America,Canada site 28
CAN-0180,CAN-0180-T08,1957,,0,20.8,Eperua falcata,55.63291,-89.48404,0.1,36.1,,Canada,Coniferous,Boreal forests/taiga,North America,Canada site 28
CAN-0180,CAN-0180-T08,1962,1957,0,20.3,Eperua falcata,55.63291,-89.48404,0.1,36.1,,Canada,Coniferous,Boreal forests/taiga,North America,Canada site 28
CAN-0180,CAN-0180-T09,1957,,0,14.3,Picea abies,55.63291,-89.48404,0.1,11.9,,Canada,Coniferous,Boreal forests/taiga,North America,Canada site 28
CAN-0180,CAN-0180-T09,1962,1957,0,14.3,Picea abies,55.63291,-89.48404,0.1,11.9,,Canada,Coniferous,Boreal forests/taiga,North America,Canada site 28
CAN-0180,CAN-0180-T10,1957,,0,36.1,Fagus sylvatica,55.63291,-89.48404,0.1,14.1,,Canada,Coniferous,Boreal forests/taiga,North America,Canada site 28
CAN-0180,CAN-0180-T10,1962,1957,0,34.7,Fagus sylvatica,55.63291,-89.48404,0.1,14.1,,Canada,Coniferous,Boreal forests/taiga,North America,Canada site 28
CAN-0181,CAN-0181-T01,2013,,0,45.0,Betula pendula,54.29389,-80.44617,0.1,10.2,4.233,Canada,Boreal,Boreal forests/taiga,North America,Canada site 29
CAN-0181,CAN-0181-T01,2018,2013,0,44.6,Betula pendula,54.29389,-80.44617,0.1,10.2,4.233,Canada,Boreal,Boreal forests/taiga,North America,Canada site 29
CAN-0181,CAN-0181-T02,2013,,0,27.2,Eperua falcata,54.29389,-80.44617,0.1,32.5,2.301,Canada,Boreal,Boreal forests/taiga,North America,Canada site 29
CAN-0181,CAN-0181-T02,2018,2013,0,26.9,Eperua falcata,54.29389,-80.44617,0.1,32.5,2.301,Canada,Boreal,Boreal forests/taiga,North America,Canada site 29
CAN-0181,CAN-0181-T03,2013,,0,49.2,Cecropia obtusa,54.29389,-80.44617,0.1,27.3,0.659,Canada,Boreal,Boreal forests/taiga,North America,Canada site 29
CAN-0181,CAN-0181-T03,2018,2013,0,48.7,Cecropia obtusa,54.29389,-80.44617,0.1,27.3,0.659,Canada,Boreal,Boreal forests/taiga,North America,Canada site 29
CAN-0181,CAN-0181-T04,2013,,0,14.3,Fagus sylvatica,54.29389,-80.44617,0.1,17.1,2.504,Canada,Boreal,Boreal forests/taiga,North America,Canada site 29
CAN-0181,CAN-0181-T04,2018,2013,0,13.8,Fagus sylvatica,54.29389,-80.44617,0.1,17.1,2.504,Canada,Boreal,Boreal forests/taiga,North America,Canada site 29
CAN-0181,CAN-0181-T05,2013,,0,33.8,Populus tremula,54.29389,-80.44617,0.1,28.0,2.485,Canada,Boreal,Boreal forests/taiga,North America,Canada site 29
CAN-0181,CAN-0181-T05,2018,2013,0,33.6,Populus tremula,54.29389,-80.44617,0.1,28.0,2.485,Canada,Boreal,Boreal forests/taiga,North America,Canada site 29
CAN-0182,CAN-0182-T01,1966,,0,47.1,Quercus ilex,52.95542,-117.27154,0.1,9.6,3.008,Canada,Coniferous,Boreal forests/taiga,North America,Canada site 30
CAN-0182,CAN-0182-T02,1966,,0,40.7,Quercus robur,52.95542,-117.27154,0.1,9.4,1.67,Canada,Coniferous,Boreal forests/taiga,North America,Canada site 30
CAN-0182,CAN-0182-T03,1966,,1,51.4,Pinus sylvestris,52.95542,-117.27154,0.1,16.6,0.834,Canada,Coniferous,Boreal forests/taiga,North America,Canada site 30
CAN-0182,CAN-0182-T04,1966,,0,61.6,Rhizophora mangle,52.95542,-117.27154,0.1,25.5,0.762,Canada,Coniferous,Boreal forests/taiga,North America,Canada site 30
CAN-0182,CAN-0182-T05,1966,,0,41.7,Juniperus thurifera,52.95542,-117.27154,0.1,26.8,3.454,Canada,Coniferous,Boreal forests/taiga,North America,Canada site 30
CAN-0182,CAN-0182-T06,1966,,0,55.0,Inga edulis,52.95542,-117.27154,0.1,27.7,3.74,Canada,Coniferous,Boreal forests/taiga,North America,Canada site 30
CAN-0182,CAN-0182-T07,1966,,0,48.3,Quercus ilex,52.95542,-117.27154,0.1,28.3,3.43,Canada,Coniferous,Boreal forests/taiga,North America,Canada site 30
CAN-0183,CAN-0183-T01,2004,,0,24.0,Eucalyptus camaldulensis,55.6838,-101.72938,0.1,,,Canada,Boreal,Boreal forests/taiga,North America,Canada site 31
CAN-0183,CAN-0183-T02,2004,,0,39.3,Ocotea aciphylla,55.6838,-101.72938,0.1,,,Canada,Boreal,Boreal forests/taiga,North America,Canada site 31
CAN-0183,CAN-0183-T03,2004,,0,21.4,Juniperus thurifera,55.6838,-101.72938,0.1,,,Canada,Boreal,Boreal forests/taiga,North America,Canada site 31
CAN-0183,CAN-0183-T04,2004,,0,23.9,Picea abies,55.6838,-101.72938,0.1,,,Canada,Boreal,Boreal forests/taiga,North America,Canada site 31
CAN-0183,CAN-0183-T05,2004,,0,38.8,Dipterocarpus grandiflorus,55.6838,-101.72938,0.1,,,Canada,Boreal,Boreal forests/taiga,North America,Canada site 31
CAN-0184,CAN-0184-T01,1981,,0,59.5,Tsuga canadensis,55.01049,-99.2284,0.5,34.7,,Canada,Coniferous,Boreal forests/taiga,North America,Canada site 32
CAN-0184,CAN-0184-T02,1981,,0,23.9,Populus tremula,55.01049,-99.2284,0.5,12.2,,Canada,Coniferous,Boreal forests/taiga,North America,Canada site 32
CAN-0184,CAN-0184-T03,1981,,1,38.5,Inga edulis,55.01049,-99.2284,0.5,36.8,,Canada,Coniferous,Boreal forests/taiga,North America,Canada site 32
CAN-0184,CAN-0184-T04,1981,,0,45.8,Quercus ilex,55.01049,-99.2284,0.5,37.7,,Canada,Coniferous,Boreal forests/taiga,North America,Canada site 32
CAN-0184,CAN-0184-T05,1981,,0,42.6,Inga edulis,55.01049,-99.2284,0.5,21.7,,Canada,Coniferous,Boreal forests/taiga,North America,Canada site 32
CAN-0184,CAN-0184-T06,1981,,0,42.7,Quercus robur,55.01049,-99.2284,0.5,13.2,,Canada,Coniferous,Boreal forests/taiga,North America,Canada site 32
CAN-0184,CAN-0184-T07,1981,,0,58.9,Nothofagus pumilio,55.01049,-99.2284,0.5,29.7,,Canada,Coniferous,Boreal forests/taiga,North America,Canada site 32
CAN-0184,CAN-0184-T08,1981,,0,25.6,Populus tremula,55.01049,-99.2284,0.5,27.9,,Canada,Coniferous,Boreal forests/taiga,North America,Canada site 32
CAN-0184,CAN-0184-T09,1981,,0,21.2,Khaya ivorensis,55.01049,-99.2284,0.5,36.5,,Canada,Coniferous,Boreal forests/taiga,North America,Canada site 32
CAN-0184,CAN-0184-T10,1981,,0,48.9,Nothofagus pumilio,55.01049,-99.2284,0.5,33.1,,Canada,Coniferous,Boreal forests/taiga,North America,Canada site 32
CAN-0184,CAN-0184-T11,1981,,0,56.5,Quercus robur,55.01049,-99.2284,0.5,36.8,,Canada,Coniferous,Boreal forests/taiga,North America,Canada site 32
CHI-0185,CHI-0185-T01,1938,,0,40.9,Juniperus thurifera,-39.37508,-71.13972,0.1,18.2,2.481,Chile,Temperate,Temperate broadleaf & mixed forests,South America,Chile site 1
CHI-0185,CHI-0185-T01,1942,1938,0,41.5,Juniperus thurifera,-39.37508,-71.13972,0.1,18.2,2.481,Chile,Temperate,Temperate broadleaf & mixed forests,South America,Chile site 1
CHI-0185,CHI-0185-T02,1938,,0,15.9,Milicia excelsa,-39.37508,-71.13972,0.1,27.8,0.439,Chile,Temperate,Temperate broadleaf & mixed forests,South America,Chile site 1
CHI-0185,CHI-0185-T02,1942,1938,0,15.4,Milicia excelsa,-39.37508,-71.13972,0.1,27.8,0.439,Chile,Temperate,Temperate broadleaf & mixed forests,South America,Chile site 1
CHI-0185,CHI-0185-T03,1938,,0,8.8,Tsuga canadensis,-39.37508,-71.13972,0.1,22.5,1.928,Chile,Temperate,Temperate broadleaf & mixed forests,South America,Chile site 1
CHI-0185,CHI-0185-T03,1942,1938,0,7.8,Tsuga canadensis,-39.37508,-71.13972,0.1,22.5,1.928,Chile,Temperate,Temperate broadleaf & mixed forests,South America,Chile site 1
CHI-0185,CHI-0185-T04,1938,,0,24.9,Eucalyptus camaldulensis,-39.37508,-71.13972,0.1,18.1,4.159,Chile,Temperate,Temperate broadleaf & mixed forests,South America,Chile site 1
CHI-0185,CHI-0185-T04,1942,1938,0,24.7,Eucalyptus camaldulensis,-39.37508,-71.13972,0.1,18.1,4.159,Chile,Temperate,Temperate broadleaf & mixed forests,South America,Chile site 1
CHI-0185,CHI-0185-T05,1938,,0,21.0,Betula pendula,-39.37508,-71.13972,0.1,31.9,1.412,Chile,Temperate,Temperate broadleaf & mixed forests,South America,Chile site 1
CHI-0185,CHI-0185-T05,1942,1938,1,20.0,Betula pendula,-39.37508,-71.13972,0.1,31.9,1.412,Chile,Temperate,Temperate broadleaf & mixed forests,South America,Chile site 1
CHI-0186,CHI-0186-T01,1936,,0,8.1,Populus tremula,-36.2819,-72.43098,0.25,28.0,2.322,Chile,Temperate,Temperate broadleaf & mixed forests,South America,Chile site 2
CHI-0186,CHI-0186-T01,1941,1936,0,7.1,Populus tremula,-36.2819,-72.43098,0.25,28.0,2.322,Chile,Temperate,Temperate broadleaf & mixed forests,South America,Chile site 2
CHI-0186,CHI-0186-T02,1936,,0,53.0,Picea abies,-36.2819,-72.43098,0.25,30.9,2.277,Chile,Temperate,Temperate broadleaf & mixed forests,South America,Chile site 2
CHI-0186,CHI-0186-T02,1941,1936,0,53.0,Picea abies,-36.2819,-72.43098,0.25,30.9,2.277,Chile,Temperate,Temperate broadleaf & mixed forests,South America,Chile site 2
CHI-0186,CHI-0186-T03,1936,,0,10.6,Quercus robur,-36.2819,-72.43098,0.25,10.0,2.385,Chile,Temperate,Temperate broadleaf & mixed forests,South America,Chile site 2
CHI-0186,CHI-0186-T03,1941,1936,0,10.5,Quercus robur,-36.2819,-72.43098,0.25,10.0,2.385,Chile,Temperate,Temperate broadleaf & mixed forests,South America,Chile site 2
CHI-0186,CHI-0186-T04,1936,,0,10.9,Eperua falcata,-36.2819,-72.43098,0.25,20.2,0.814,Chile,Temperate,Temperate broadleaf & mixed forests,South America,Chile site 2
CHI-0186,CHI-0186-T04,1941,1936,0,11.4,Eperua falcata,-36.2819,-72.43098,0.25,20.2,0.814,Chile,Temperate,Temperate broadleaf & mixed forests,South America,Chile site 2
CHI-0186,CHI-0186-T05,1936,,0,41.9,Cecropia obtusa,-36.2819,-72.43098,0.25,9.5,1.67,Chile,Temperate,Temperate broadleaf & mixed forests,South America,Chile site 2
CHI-0186,CHI-0186-T05,1941,1936,0,42.7,Cecropia obtusa,-36.2819,-72.43098,0.25,9.5,1.67,Chile,Temperate,Temperate broadleaf & mixed forests,South America,Chile site 2
CHI-0186,CHI-0186-T06,1936,,0,23.2,Quercus ilex,-36.2819,-72.43098,0.25,12.9,3.22,Chile,Temperate,Temperate broadleaf & mixed forests,South America,Chile site 2
CHI-0186,CHI-0186-T06,1941,1936,0,23.5,Quercus ilex,-36.2819,-72.43098,0.25,12.9,3.22,Chile,Temperate,Temperate broadleaf & mixed forests,South America,Chile site 2
CHI-0187,CHI-0187-T01,1944,,0,40.2,Betula pendula,-38.93531,-73.83368,1.0,18.3,2.508,Chile,Mixed,Temperate broadleaf & mixed forests,South America,Chile site 3
CHI-0187,CHI-0187-T02,1944,,0,47.1,Avicennia germinans,-38.93531,-73.83368,1.0,32.8,4.154,Chile,Mixed,Temperate broadleaf & mixed forests,South America,Chile site 3
CHI-0187,CHI-0187-T03,1944,,0,38.5,Acer saccharum,-38.93531,-73.83368,1.0,36.0,0.319,Chile,Mixed,Temperate broadleaf & mixed forests,South America,Chile site 3
CHI-0187,CHI-0187-T04,1944,,0,29.5,Quercus robur,-38.93531,-73.83368,1.0,23.7,2.41,Chile,Mixed,Temperate broadleaf & mixed forests,South America,Chile site 3
CHI-0187,CHI-0187-T05,1944,,0,18.7,Tsuga canadensis,-38.93531,-73.83368,1.0,21.6,0.42,Chile,Mixed,Temperate broadleaf & mixed forests,South America,Chile site 3
CHI-0187,CHI-0187-T06,1944,,0,27.3,Eperua falcata,-38.93531,-73.83368,1.0,35.9,0.928,Chile,Mixed,Temperate broadleaf & mixed forests,South America,Chile site 3
CHI-0187,CHI-0187-T07,1944,,1,13.9,Inga edulis,-38.93531,-73.83368,1.0,24.3,0.375,Chile,Mixed,Temperate broadleaf & mixed forests,South America,Chile site 3
CHI-0187,CHI-0187-T08,1944,,0,44.6,Acer saccharum,-38.93531,-73.83368,1.0,10.4,0.752,Chile,Mixed,Temperate broadleaf & mixed forests,South America,Chile site 3
CHI-0187,CHI-0187-T09,1944,,0,48.5,Populus tremula,-38.93531,-73.83368,1.0,15.1,2.32,Chile,Mixed,Temperate broadleaf & mixed forests,South America,Chile site 3
CHI-0187,CHI-0187-T10,1944,,0,33.3,Betula pendula,-38.93531,-73.83368,1.0,24.4,4.394,Chile,Mixed,Temperate broadleaf & mixed forests,South America,Chile site 3
CHI-0188,CHI-0188-T01,1943,,0,32.2,Tsuga canadensis,-41.92627,-73.86206,0.25,34.7,2.462,Chile,Temperate,Temperate broadleaf & mixed forests,South America,Chile site 4
CHI-0188,CHI-0188-T02,1943,,0,10.7,Juniperus thurifera,-41.92627,-73.86206,0.25,36.8,3.893,Chile,Temperate,Temperate broadleaf & mixed forests,South America,Chile site 4
CHI-0188,CHI-0188-T03,1943,,0,54.7,Betula pendula,-41.92627,-73.86206,0.25,16.8,0.213,Chile,Temperate,Temperate broadleaf & mixed forests,South America,Chile site 4
CHI-0188,CHI-0188-T04,1943,,0,22.9,Cecropia obtusa,-41.92627,-73.86206,0.25,37.8,1.08,Chile,Temperate,Temperate broadleaf & mixed forests,South America,Chile site 4
CHI-0188,CHI-0188-T05,1943,,0,52.9,Shorea leprosula,-41.92627,-73.86206,0.25,20.0,2.413,Chile,Temperate,Temperate broadleaf & mixed forests,South America,Chile site 4
CHI-0188,CHI-0188-T06,1943,,0,48.0,Rhizophora mangle,-41.92627,-73.86206,0.25,23.0,2.32,Chile,Temperate,Temperate broadleaf & mixed forests,South America,Chile site 4
CHI-0189,CHI-0189-T01,1983,,0,42.5,Acer saccharum,-41.53268,-72.88158,1.0,34.3,4.026,Chile,Mixed,Temperate broadleaf & mixed forests,South America,Chile site 5
CHI-0189,CHI-0189-T01,1987,1983,0,41.3,Acer saccharum,-41.53268,-72.88158,1.0,34.3,4.026,Chile,Mixed,Temperate broadleaf & mixed forests,South America,Chile site 5
CHI-0189,CHI-0189-T02,1983,,0,58.3,Eucalyptus camaldulensis,-41.53268,-72.88158,1.0,20.6,2.585,Chile,Mixed,Temperate broadleaf & mixed forests,South America,Chile site 5
CHI-0189,CHI-0189-T02,1987,1983,0,58.1,Eucalyptus camaldulensis,-41.53268,-72.88158,1.0,20.6,2.585,Chile,Mixed,Temperate broadleaf & mixed forests,South America,Chile site 5
CHI-0189,CHI-0189-T03,1983,,0,20.6,Rhizophora mangle,-41.53268,-72.88158,1.0,20.8,3.722,Chile,Mixed,Temperate broadleaf & mixed forests,South America,Chile site 5
CHI-0189,CHI-0189-T03,1987,1983,0,20.9,Rhizophora mangle,-41.53268,-72.88158,1.0,20.8,3.722,Chile,Mixed,Temperate broadleaf & mixed forests,South America,Chile site 5
CHI-0189,CHI-0189-T04,1983,,0,37.3,Acer saccharum,-41.53268,-72.88158,1.0,37.9,1.85,Chile,Mixed,Temperate broadleaf & mixed forests,South America,Chile site 5
CHI-0189,CHI-0189-T04,1987,1983,0,37.0,Acer saccharum,-41.53268,-72.88158,1.0,37.9,1.85,Chile,Mixed,Temperate broadleaf & mixed forests,South America,Chile site 5
CHI-0189,CHI-0189-T05,1983,,0,50.4,Avicennia germinans,-41.53268,-72.88158,1.0,25.7,3.242,Chile,Mixed,Temperate broadleaf & mixed forests,South America,Chile site 5
CHI-0189,CHI-0189-T05,1987,1983,0,50.7,Avicennia germinans,-41.53268,-72.88158,1.0,25.7,3.242,Chile,Mixed,Temperate broadleaf & mixed forests,South America,Chile site 5
CHI-0190,CHI-0190-T01,2013,,0,54.5,Inga edulis,-40.79597,-72.30858,0.25,,2.244,Chile,Mixed,Temperate broadleaf & mixed forests,South America,Chile site 6
CHI-0190,CHI-0190-T01,2017,2013,0,54.8,Inga edulis,-40.79597,-72.30858,0.25,,2.244,Chile,Mixed,Temperate broadleaf & mixed forests,South America,Chile site 6
CHI-0190,CHI-0190-T02,2013,,0,27.7,Quercus robur,-40.79597,-72.30858,0.25,,0.03,Chile,Mixed,Temperate broadleaf & mixed forests,South America,Chile site 6
CHI-0190,CHI-0190-T02,2017,2013,0,28.8,Quercus robur,-40.79597,-72.30858,0.25,,0.03,Chile,Mixed,Temperate broadleaf & mixed forests,South America,Chile site 6
CHI-0190,CHI-0190-T03,2013,,0,26.9,Khaya ivorensis,-40.79597,-72.30858,0.25,,3.039,Chile,Mixed,Temperate broadleaf & mixed forests,South America,Chile site 6
CHI-0190,CHI-0190-T03,2017,2013,0,27.5,Khaya ivorensis,-40.79597,-72.30858,0.25,,3.039,Chile,Mixed,Temperate broadleaf & mixed forests,South America,Chile site 6
CHI-0190,CHI-0190-T04,2013,,0,37.1,Eperua falcata,-40.79597,-72.30858,0.25,,2.024,Chile,Mixed,Temperate broadleaf & mixed forests,South America,Chile site 6
CHI-0190,CHI-0190-T04,2017,2013,0,37.5,Eperua falcata,-40.79597,-72.30858,0.25,,2.024,Chile,Mixed,Temperate broadleaf & mixed forests,South America,Chile site 6
CHI-0190,CHI-0190-T05,2013,,0,43.2,Eucalyptus camaldulensis,-40.79597,-72.30858,0.25,,4.218,Chile,Mixed,Temperate broadleaf & mixed forests,South America,Chile site 6
CHI-0190,CHI-0190-T05,2017,2013,0,42.7,Eucalyptus camaldulensis,-40.79597,-72.30858,0.25,,4.218,Chile,Mixed,Temperate broadleaf & mixed forests,South America,Chile site 6
CHI-0190,CHI-0190-T06,2013,,0,48.8,Rhizophora mangle,-40.79597,-72.30858,0.25,,4.298,Chile,Mixed,Temperate broadleaf & mixed forests,South America,Chile site 6
CHI-0190,CHI-0190-T06,2017,2013,0,48.8,Rhizophora mangle,-40.79597,-72.30858,0.25,,4.298,Chile,Mixed,Temperate broadleaf & mixed forests,South America,Chile site 6
CHI-0190,CHI-0190-T07,2013,,0,40.9,Quercus ilex,-40.79597,-72.30858,0.25,,1.314,Chile,Mixed,Temperate broadleaf & mixed forests,South America,Chile site 6
CHI-0190,CHI-0190-T07,2017,2013,0,41.0,Quercus ilex,-40.79597,-72.30858,0.25,,1.314,Chile,Mixed,Temperate broadleaf & mixed forests,South America,Chile site 6
CHI-0190,CHI-0190-T08,2013,,0,53.9,Fagus sylvatica,-40.79597,-72.30858,0.25,,3.597,Chile,Mixed,Temperate broadleaf & mixed forests,South America,Chile site 6
CHI-0190,CHI-0190-T08,2017,2013,0,53.0,Fagus sylvatica,-40.79597,-72.30858,0.25,,3.597,Chile,Mixed,Temperate broadleaf & mixed forests,South America,Chile site 6
CHI-0190,CHI-0190-T09,2013,,0,60.7,Cecropia obtusa,-40.79597,-72.30858,0.25,,2.7,Chile,Mixed,Temperate broadleaf & mixed forests,South America,Chile site 6
CHI-0190,CHI-0190-T09,2017,2013,0,60.2,Cecropia obtusa,-40.79597,-72.30858,0.25,,2.7,Chile,Mixed,Temperate broadleaf & mixed forests,South America,Chile site 6
CHI-0190,CHI-0190-T10,2013,,0,26.2,Quercus ilex,-40.79597,-72.30858,0.25,,3.315,Chile,Mixed,Temperate broadleaf & mixed forests,South America,Chile site 6
CHI-0190,CHI-0190-T10,2017,2013,0,26.1,Quercus ilex,-40.79597,-72.30858,0.25,,3.315,Chile,Mixed,Temperate broadleaf & mixed forests,South America,Chile site 6
CHI-0191,CHI-0191-T01,1950,,0,37.5,Khaya ivorensis,-38.18435,-71.91962,0.04,,2.071,Chile,Temperate,Temperate broadleaf & mixed forests,South America,Chile site 7
CHI-0191,CHI-0191-T02,1950,,0,45.5,Fagus sylvatica,-38.18435,-71.91962,0.04,,1.997,Chile,Temperate,Temperate broadleaf & mixed forests,South America,Chile site 7
CHI-0191,CHI-0191-T03,1950,,0,20.7,Acer saccharum,-38.18435,-71.91962,0.04,,2.457,Chile,Temperate,Temperate broadleaf & mixed forests,South America,Chile site 7
CHI-0191,CHI-0191-T04,1950,,0,18.6,Avicennia germinans,-38.18435,-71.91962,0.04,,3.466,Chile,Temperate,Temperate broadleaf & mixed forests,South America,Chile site 7
CHI-0191,CHI-0191-T05,1950,,0,58.4,Quercus robur,-38.18435,-71.91962,0.04,,2.045,Chile,Temperate,Temperate broadleaf & mixed forests,South America,Chile site 7
CHI-0191,CHI-0191-T06,1950,,0,60.0,Pinus sylvestris,-38.18435,-71.91962,0.04,,0.304,Chile,Temperate,Temperate broadleaf & mixed forests,South America,Chile site 7
CHI-0191,CHI-0191-T07,1950,,0,34.7,Rhizophora mangle,-38.18435,-71.91962,0.04,,2.404,Chile,Temperate,Temperate broadleaf & mixed forests,South America,Chile site 7
CHI-0191,CHI-0191-T08,1950,,0,54.3,Betula pendula,-38.18435,-71.91962,0.04,,2.594,Chile,Temperate,Temperate broadleaf & mixed forests,South America,Chile site 7
CHI-0192,CHI-0192-T01,2013,,0,53.2,Betula pendula,-36.16464,-73.57288,0.25,11.9,,Chile,Temperate,Temperate broadleaf & mixed forests,South America,Chile site 8
CHI-0192,CHI-0192-T02,2013,,0,34.7,Tsuga canadensis,-36.16464,-73.57288,0.25,30.5,,Chile,Temperate,Temperate broadleaf & mixed forests,South America,Chile site 8
CHI-0192,CHI-0192-T03,2013,,0,25.2,Nothofagus pumilio,-36.16464,-73.57288,0.25,23.7,,Chile,Temperate,Temperate broadleaf & mixed forests,South America,Chile site 8
CHI-0192,CHI-0192-T04,2013,,0,44.8,Acer saccharum,-36.16464,-73.57288,0.25,31.8,,Chile,Temperate,Temperate broadleaf & mixed forests,South America,Chile site 8
CHI-0192,CHI-0192-T05,2013,,0,55.7,Shorea leprosula,-36.16464,-73.57288,0.25,27.9,,Chile,Temperate,Temperate broadleaf & mixed forests,South America,Chile site 8
CHI-0192,CHI-0192-T06,2013,,0,28.6,Inga edulis,-36.16464,-73.57288,0.25,26.6,,Chile,Temperate,Temperate broadleaf & mixed forests,South America,Chile site 8
CHI-0192,CHI-0192-T07,2013,,0,10.1,Juniperus thurifera,-36.16464,-73.57288,0.25,28.2,,Chile,Temperate,Temperate broadleaf & mixed forests,South America,Chile site 8
CHI-0192,CHI-0192-T08,2013,,0,17.5,Nothofagus pumilio,-36.16464,-73.57288,0.25,30.4,,Chile,Temperate,Temperate broadleaf & mixed forests,South America,Chile site 8
CHI-0193,CHI-0193-T01,1947,,0,17.9,Shorea leprosula,-38.17671,-72.81695,1.0,23.7,2.084,Chile,Mixed,Temperate broadleaf & mixed forests,South America,Chile site 9
CHI-0193,CHI-0193-T02,1947,,0,27.1,Betula pendula,-38.17671,-72.81695,1.0,32.5,1.338,Chile,Mixed,Temperate broadleaf & mixed forests,South America,Chile site 9
CHI-0193,CHI-0193-T03,1947,,0,59.4,Khaya ivorensis,-38.17671,-72.81695,1.0,28.5,3.332,Chile,Mixed,Temperate broadleaf & mixed forests,South America,Chile site 9
CHI-0193,CHI-0193-T04,1947,,0,52.8,Inga edulis,-38.17671,-72.81695,1.0,14.7,4.234,Chile,Mixed,Temperate broadleaf & mixed forests,South America,Chile site 9
CHI-0193,CHI-0193-T05,1947,,0,58.5,Juniperus thurifera,-38.17671,-72.81695,1.0,18.2,0.757,Chile,Mixed,Temperate broadleaf & mixed forests,South America,Chile site 9
CHI-0193,CHI-0193-T06,1947,,0,57.5,Milicia excelsa,-38.17671,-72.81695,1.0,13.6,3.432,Chile,Mixed,Temperate broadleaf & mixed forests,South America,Chile site 9
CHI-0193,CHI-0193-T07,1947,,0,17.6,Avicennia germinans,-38.17671,-72.81695,1.0,36.4,1.763,Chile,Mixed,Temperate broadleaf & mixed forests,South America,Chile site 9
CHI-0194,CHI-0194-T01,2005,,0,20.0,Juniperus thurifera,-41.55188,-73.39186,1.0,28.8,1.558,Chile,Mixed,Temperate broadleaf & mixed forests,South America,Chile site 10
CHI-0194,CHI-0194-T01,2010,2005,0,19.0,Juniperus thurifera,-41.55188,-73.39186,1.0,28.8,1.558,Chile,Mixed,Temperate broadleaf & mixed forests,South America,Chile site 10
CHI-0194,CHI-0194-T02,2005,,1,13.7,Eucalyptus camaldulensis,-41.55188,-73.39186,1.0,29.3,1.674,Chile,Mixed,Temperate broadleaf & mixed forests,South America,Chile site 10
CHI-0194,CHI-0194-T02,2010,2005,0,13.4,Eucalyptus camaldulensis,-41.55188,-73.39186,1.0,29.3,1.674,Chile,Mixed,Temperate broadleaf & mixed forests,South America,Chile site 10
CHI-0194,CHI-0194-T03,2005,,0,25.5,Nothofagus pumilio,-41.55188,-73.39186,1.0,26.3,3.407,Chile,Mixed,Temperate broadleaf & mixed forests,South America,Chile site 10
CHI-0194,CHI-0194-T03,2010,2005,1,25.3,Nothofagus pumilio,-41.55188,-73.39186,1.0,26.3,3.407,Chile,Mixed,Temperate broadleaf & mixed forests,South America,Chile site 10
CHI-0194,CHI-0194-T04,2005,,0,41.9,Dipterocarpus grandiflorus,-41.55188,-73.39186,1.0,11.6,3.046,Chile,Mixed,Temperate broadleaf & mixed forests,South America,Chile site 10
CHI-0194,CHI-0194-T04,2010,2005,0,42.3,Dipterocarpus grandiflorus,-41.55188,-73.39186,1.0,11.6,3.046,Chile,Mixed,Temperate broadleaf & mixed forests,South America,Chile site 10
CHI-0194,CHI-0194-T05,2005,,0,40.3,Avicennia germinans,-41.55188,-73.39186,1.0,12.9,0.912,Chile,Mixed,Temperate broadleaf & mixed forests,South America,Chile site 10
CHI-0194,CHI-0194-T05,2010,2005,0,40.1,Avicennia germinans,-41.55188,-73.39186,1.0,12.9,0.912,Chile,Mixed,Temperate broadleaf & mixed forests,South America,Chile site 10
CHI-0194,CHI-0194-T06,2005,,0,53.3,Pinus sylvestris,-41.55188,-73.39186,1.0,14.3,1.398,Chile,Mixed,Temperate broadleaf & mixed forests,South America,Chile site 10
CHI-0194,CHI-0194-T06,2010,2005,0,53.0,Pinus sylvestris,-41.55188,-73.39186,1.0,14.3,1.398,Chile,Mixed,Temperate broadleaf & mixed forests,South America,Chile site 10
CHI-0195,CHI-0195-T01,1940,,0,27.8,Acer saccharum,-37.88367,-71.52084,1.0,34.6,,Chile,Mixed,Temperate broadleaf & mixed forests,South America,Chile site 11
CHI-0195,CHI-0195-T01,1944,1940,0,28.2,Acer saccharum,-37.88367,-71.52084,1.0,34.6,,Chile,Mixed,Temperate broadleaf & mixed forests,South America,Chile site 11
CHI-0195,CHI-0195-T02,1940,,0,51.1,Populus tremula,-37.88367,-71.52084,1.0,21.4,,Chile,Mixed,Temperate broadleaf & mixed forests,South America,Chile site 11
CHI-0195,CHI-0195-T02,1944,1940,0,51.9,Populus tremula,-37.88367,-71.52084,1.0,21.4,,Chile,Mixed,Temperate broadleaf & mixed forests,South America,Chile site 11
CHI-0195,CHI-0195-T03,1940,,0,45.6,Betula pendula,-37.88367,-71.52084,1.0,27.3,,Chile,Mixed,Temperate broadleaf & mixed forests,South America,Chile site 11
CHI-0195,CHI-0195-T03,1944,1940,1,45.2,Betula pendula,-37.88367,-71.52084,1.0,27.3,,Chile,Mixed,Temperate broadleaf & mixed forests,South America,Chile site 11
CHI-0195,CHI-0195-T04,1940,,0,17.6,Ocotea aciphylla,-37.88367,-71.52084,1.0,19.5,,Chile,Mixed,Temperate broadleaf & mixed forests,South America,Chile site 11
CHI-0195,CHI-0195-T04,1944,1940,0,16.9,Ocotea aciphylla,-37.88367,-71.52084,1.0,19.5,,Chile,Mixed,Temperate broadleaf & mixed forests,South America,Chile site 11
CHI-0195,CHI-0195-T05,1940,,0,11.2,Nothofagus pumilio,-37.88367,-71.52084,1.0,30.0,,Chile,Mixed,Temperate broadleaf & mixed forests,South America,Chile site 11
CHI-0195,CHI-0195-T05,1944,1940,0,10.7,Nothofagus pumilio,-37.88367,-71.52084,1.0,30.0,,Chile,Mixed,Temperate broadleaf & mixed forests,South America,Chile site 11
CHI-0196,CHI-0196-T01,2000,,0,36.4,Eucalyptus camaldulensis,-38.66428,-72.34964,0.04,33.7,,Chile,Mixed,Temperate broadleaf & mixed forests,South America,Chile site 12
CHI-0196,CHI-0196-T02,2000,,0,56.1,Acer saccharum,-38.66428,-72.34964,0.04,36.1,,Chile,Mixed,Temperate broadleaf & mixed forests,South America,Chile site 12
CHI-0196,CHI-0196-T03,2000,,0,30.5,Cecropia obtusa,-38.66428,-72.34964,0.04,36.7,,Chile,Mixed,Temperate broadleaf & mixed forests,South America,Chile site 12
CHI-0196,CHI-0196-T04,2000,,0,35.3,Juniperus thurifera,-38.66428,-72.34964,0.04,31.8,,Chile,Mixed,Temperate broadleaf & mixed forests,South America,Chile site 12
CHI-0196,CHI-0196-T05,2000,,0,23.1,Rhizophora mangle,-38.66428,-72.34964,0.04,33.9,,Chile,Mixed,Temperate broadleaf & mixed forests,South America,Chile site 12
CHI-0196,CHI-0196-T06,2000,,0,35.6,Eperua falcata,-38.66428,-72.34964,0.04,37.5,,Chile,Mixed,Temperate broadleaf & mixed forests,South America,Chile site 12
CHI-0196,CHI-0196-T07,2000,,0,37.2,Shorea leprosula,-38.66428,-72.34964,0.04,18.2,,Chile,Mixed,Temperate broadleaf & mixed forests,South America,Chile site 12
CHI-0196,CHI-0196-T08,2000,,0,51.0,Ocotea aciphylla,-38.66428,-72.34964,0.04,17.5,,Chile,Mixed,Temperate broadleaf & mixed forests,South America,Chile site 12
CHI-0196,CHI-0196-T09,2000,,0,23.6,Quercus ilex,-38.66428,-72.34964,0.04,23.1,,Chile,Mixed,Temperate broadleaf & mixed forests,South America,Chile site 12
CHI-0196,CHI-0196-T10,2000,,0,57.2,Quercus ilex,-38.66428,-72.34964,0.04,37.0,,Chile,Mixed,Temperate broadleaf & mixed forests,South America,Chile site 12
CHI-0196,CHI-0196-T11,2000,,0,61.2,Cecropia obtusa,-38.66428,-72.34964,0.04,8.8,,Chile,Mixed,Temperate broadleaf & mixed forests,South America,Chile site 12
CHI-0197,CHI-0197-T01,1942,,0,10.3,Fagus sylvatica,-40.44708,-71.56176,0.04,,3.611,Chile,Temperate,Temperate broadleaf & mixed forests,South America,Chile site 13
CHI-0197,CHI-0197-T02,1942,,0,39.7,Populus tremula,-40.44708,-71.56176,0.04,,3.955,Chile,Temperate,Temperate broadleaf & mixed forests,South America,Chile site 13
CHI-0197,CHI-0197-T03,1942,,0,15.1,Populus tremula,-40.44708,-71.56176,0.04,,3.951,Chile,Temperate,Temperate broadleaf & mixed forests,South America,Chile site 13
CHI-0197,CHI-0197-T04,1942,,0,51.2,Picea abies,-40.44708,-71.56176,0.04,,3.911,Chile,Temperate,Temperate broadleaf & mixed forests,South America,Chile site 13
CHI-0197,CHI-0197-T05,1942,,0,25.5,Quercus robur,-40.44708,-71.56176,0.04,,2.173,Chile,Temperate,Temperate broadleaf & mixed forests,South America,Chile site 13
CHI-0198,CHI-0198-T01,1951,,0,31.0,Khaya ivorensis,-39.40106,-71.82671,0.5,30.1,,Chile,Mixed,Temperate broadleaf & mixed forests,South America,Chile site 14
CHI-0198,CHI-0198-T02,1951,,0,24.4,Dipterocarpus grandiflorus,-39.40106,-71.82671,0.5,33.5,,Chile,Mixed,Temperate broadleaf & mixed forests,South America,Chile site 14
CHI-0198,CHI-0198-T03,1951,,0,28.8,Inga edulis,-39.40106,-71.82671,0.5,26.6,,Chile,Mixed,Temperate broadleaf & mixed forests,South America,Chile site 14
CHI-0198,CHI-0198-T04,1951,,0,35.0,Betula pendula,-39.40106,-71.82671,0.5,33.5,,Chile,Mixed,Temperate broadleaf & mixed forests,South America,Chile site 14
CHI-0198,CHI-0198-T05,1951,,0,30.8,Populus tremula,-39.40106,-71.82671,0.5,35.0,,Chile,Mixed,Temperate broadleaf & mixed forests,South America,Chile site 14
CHI-0198,CHI-0198-T06,1951,,1,42.7,Dipterocarpus grandiflorus,-39.40106,-71.82671,0.5,12.5,,Chile,Mixed,Temperate broadleaf & mixed forests,South America,Chile site 14
CHI-0198,CHI-0198-T07,1951,,0,53.7,Ocotea aciphylla,-39.40106,-71.82671,0.5,37.5,,Chile,Mixed,Temperate broadleaf & mixed forests,South America,Chile site 14
CHI-0198,CHI-0198-T08,1951,,0,23.5,Ocotea aciphylla,-39.40106,-71.82671,0.5,36.5,,Chile,Mixed,Temperate broadleaf & mixed forests,South America,Chile site 14
CHI-0198,CHI-0198-T09,1951,,0,51.5,Tsuga canadensis,-39.40106,-71.82671,0.5,13.2,,Chile,Mixed,Temperate broadleaf & mixed forests,South America,Chile site 14
CHI-0198,CHI-0198-T10,1951,,0,47.8,Picea abies,-39.40106,-71.82671,0.5,13.7,,Chile,Mixed,Temperate broadleaf & mixed forests,South America,Chile site 14
CHI-0199,CHI-0199-T01,1978,,0,15.7,Quercus ilex,-39.00665,-71.35166,0.5,33.2,0.052,Chile,Mixed,Temperate broadleaf & mixed forests,South America,Chile site 15
CHI-0199,CHI-0199-T02,1978,,0,11.2,Pinus sylvestris,-39.00665,-71.35166,0.5,30.1,3.987,Chile,Mixed,Temperate broadleaf & mixed forests,South America,Chile site 15
CHI-0199,CHI-0199-T03,1978,,0,22.2,Cecropia obtusa,-39.00665,-71.35166,0.5,12.8,3.235,Chile,Mixed,Temperate broadleaf & mixed forests,South America,Chile site 15
CHI-0199,CHI-0199-T04,1978,,0,36.8,Quercus robur,-39.00665,-71.35166,0.5,31.0,1.83,Chile,Mixed,Temperate broadleaf & mixed forests,South America,Chile site 15
CHI-0199,CHI-0199-T05,1978,,0,32.6,Milicia excelsa,-39.00665,-71.35166,0.5,31.6,4.051,Chile,Mixed,Temperate broadleaf & mixed forests,South America,Chile site 15
CHI-0199,CHI-0199-T06,1978,,0,22.1,Eperua falcata,-39.00665,-71.35166,0.5,37.2,2.538,Chile,Mixed,Temperate broadleaf & mixed forests,South America,Chile site 15
CHI-0200,CHI-0200-T01,1980,,0,16.4,Inga edulis,-37.31139,-72.9679,1.0,25.1,0.166,Chile,Temperate,Temperate broadleaf & mixed forests,South America,Chile site 16
CHI-0200,CHI-0200-T02,1980,,0,35.6,Pinus sylvestris,-37.31139,-72.9679,1.0,31.3,3.021,Chile,Temperate,Temperate broadleaf & mixed forests,South America,Chile site 16
CHI-0200,CHI-0200-T03,1980,,0,37.9,Milicia excelsa,-37.31139,-72.9679,1.0,29.9,1.778,Chile,Temperate,Temperate broadleaf & mixed forests,South America,Chile site 16
CHI-0200,CHI-0200-T04,1980,,0,46.8,Acer saccharum,-37.31139,-72.9679,1.0,36.8,2.911,Chile,Temperate,Temperate broadleaf & mixed forests,South America,Chile site 16
CHI-0200,CHI-0200-T05,1980,,0,45.1,Rhizophora mangle,-37.31139,-72.9679,1.0,13.9,3.547,Chile,Temperate,Temperate broadleaf & mixed forests,South America,Chile site 16
CHI-0200,CHI-0200-T06,1980,,0,43.4,Juniperus thurifera,-37.31139,-72.9679,1.0,37.0,4.306,Chile,Temperate,Temperate broadleaf & mixed forests,South America,Chile site 16
SPA-0201,SPA-0201-T01,1995,,0,17.3,Acer saccharum,42.99763,1.7398,0.04,25.3,2.56,Spain,Coniferous,Mediterranean forests,Europe,Spain site 1
SPA-0201,SPA-0201-T02,1995,,0,55.6,Cecropia obtusa,42.99763,1.7398,0.04,36.7,3.303,Spain,Coniferous,Mediterranean forests,Europe,Spain site 1
SPA-0201,SPA-0201-T03,1995,,0,54.1,Milicia excelsa,42.99763,1.7398,0.04,10.3,1.378,Spain,Coniferous,Mediterranean forests,Europe,Spain site 1
SPA-0201,SPA-0201-T04,1995,,0,20.8,Betula pendula,42.99763,1.7398,0.04,13.0,2.947,Spain,Coniferous,Mediterranean forests,Europe,Spain site 1
SPA-0201,SPA-0201-T05,1995,,0,50.6,Populus tremula,42.99763,1.7398,0.04,33.7,2.44,Spain,Coniferous,Mediterranean forests,Europe,Spain site 1
SPA-0201,SPA-0201-T06,1995,,0,22.4,Dipterocarpus grandiflorus,42.99763,1.7398,0.04,11.7,3.267,Spain,Coniferous,Mediterranean forests,Europe,Spain site 1
SPA-0201,SPA-0201-T07,1995,,0,19.8,Avicennia germinans,42.99763,1.7398,0.04,32.2,1.318,Spain,Coniferous,Mediterranean forests,Europe,Spain site 1
SPA-0202,SPA-0202-T01,1972,,0,54.7,Shorea leprosula,40.55512,0.0621,0.25,,2.608,Spain,Mediterranean,Mediterranean forests,Europe,Spain site 2
SPA-0202,SPA-0202-T01,1977,1972,0,54.9,Shorea leprosula,40.55512,0.0621,0.25,,2.608,Spain,Mediterranean,Mediterranean forests,Europe,Spain site 2
SPA-0202,SPA-0202-T02,1972,,0,40.6,Rhizophora mangle,40.55512,0.0621,0.25,,3.819,Spain,Mediterranean,Mediterranean forests,Europe,Spain site 2
SPA-0202,SPA-0202-T02,1977,1972,0,41.4,Rhizophora mangle,40.55512,0.0621,0.25,,3.819,Spain,Mediterranean,Mediterranean forests,Europe,Spain site 2
SPA-0202,SPA-0202-T03,1972,,0,11.0,Acer saccharum,40.55512,0.0621,0.25,,1.124,Spain,Mediterranean,Mediterranean forests,Europe,Spain site 2
SPA-0202,SPA-0202-T03,1977,1972,0,11.0,Acer saccharum,40.55512,0.0621,0.25,,1.124,Spain,Mediterranean,Mediterranean forests,Europe,Spain site 2
SPA-0202,SPA-0202-T04,1972,,0,19.6,Picea abies,40.55512,0.0621,0.25,,3.191,Spain,Mediterranean,Mediterranean forests,Europe,Spain site 2
SPA-0202,SPA-0202-T04,1977,1972,0,20.7,Picea abies,40.55512,0.0621,0.25,,3.191,Spain,Mediterranean,Mediterranean forests,Europe,Spain site 2
SPA-0202,SPA-0202-T05,1972,,0,21.1,Eucalyptus camaldulensis,40.55512,0.0621,0.25,,0.689,Spain,Mediterranean,Mediterranean forests,Europe,Spain site 2
SPA-0202,SPA-0202-T05,1977,1972,0,19.9,Eucalyptus camaldulensis,40.55512,0.0621,0.25,,0.689,Spain,Mediterranean,Mediterranean forests,Europe,Spain site 2
SPA-0202,SPA-0202-T06,1972,,1,47.4,Inga edulis,40.55512,0.0621,0.25,,3.273,Spain,Mediterranean,Mediterranean forests,Europe,Spain site 2
SPA-0202,SPA-0202-T06,1977,1972,1,47.1,Inga edulis,40.55512,0.0621,0.25,,3.273,Spain,Mediterranean,Mediterranean forests,Europe,Spain site 2
SPA-0202,SPA-0202-T07,1972,,0,34.4,Nothofagus pumilio,40.55512,0.0621,0.25,,3.653,Spain,Mediterranean,Mediterranean forests,Europe,Spain site 2
SPA-0202,SPA-0202-T07,1977,1972,0,34.4,Nothofagus pumilio,40.55512,0.0621,0.25,,3.653,Spain,Mediterranean,Mediterranean forests,Europe,Spain site 2
SPA-0202,SPA-0202-T08,1972,,0,26.9,Rhizophora mangle,40.55512,0.0621,0.25,,0.963,Spain,Mediterranean,Mediterranean forests,Europe,Spain site 2
SPA-0202,SPA-0202-T08,1977,1972,0,26.3,Rhizophora mangle,40.55512,0.0621,0.25,,0.963,Spain,Mediterranean,Mediterranean forests,Europe,Spain site 2
SPA-0202,SPA-0202-T09,1972,,0,20.8,Acer saccharum,40.55512,0.0621,0.25,,2.417,Spain,Mediterranean,Mediterranean forests,Europe,Spain site 2
SPA-0202,SPA-0202-T09,1977,1972,0,20.8,Acer saccharum,40.55512,0.0621,0.25,,2.417,Spain,Mediterranean,Mediterranean forests,Europe,Spain site 2
SPA-0203,SPA-0203-T01,1944,,0,8.9,Tsuga canadensis,38.39574,-5.81191,1.0,37.3,1.079,Spain,Coniferous,Mediterranean forests,Europe,Spain site 3
SPA-0203,SPA-0203-T01,1948,1944,0,9.6,Tsuga canadensis,38.39574,-5.81191,1.0,37.3,1.079,Spain,Coniferous,Mediterranean forests,Europe,Spain site 3
SPA-0203,SPA-0203-T02,1944,,0,13.9,Eperua falcata,38.39574,-5.81191,1.0,10.0,3.762,Spain,Coniferous,Mediterranean forests,Europe,Spain site 3
SPA-0203,SPA-0203-T02,1948,1944,0,14.6,Eperua falcata,38.39574,-5.81191,1.0,10.0,3.762,Spain,Coniferous,Mediterranean forests,Europe,Spain site 3
SPA-0203,SPA-0203-T03,1944,,0,9.2,Pinus sylvestris,38.39574,-5.81191,1.0,12.5,2.606,Spain,Coniferous,Mediterranean forests,Europe,Spain site 3
SPA-0203,SPA-0203-T03,1948,1944,0,8.8,Pinus sylvestris,38.39574,-5.81191,1.0,12.5,2.606,Spain,Coniferous,Mediterranean forests,Europe,Spain site 3
SPA-0203,SPA-0203-T04,1944,,0,13.0,Quercus robur,38.39574,-5.81191,1.0,14.0,1.262,Spain,Coniferous,Mediterranean forests,Europe,Spain site 3
SPA-0203,SPA-0203-T04,1948,1944,0,12.2,Quercus robur,38.39574,-5.81191,1.0,14.0,1.262,Spain,Coniferous,Mediterranean forests,Europe,Spain site 3
SPA-0203,SPA-0203-T05,1944,,0,39.1,Quercus robur,38.39574,-5.81191,1.0,37.8,0.39,Spain,Coniferous,Mediterranean forests,Europe,Spain site 3
SPA-0203,SPA-0203-T05,1948,1944,0,39.1,Quercus robur,38.39574,-5.81191,1.0,37.8,0.39,Spain,Coniferous,Mediterranean forests,Europe,Spain site 3
SPA-0203,SPA-0203-T06,1944,,0,10.6,Inga edulis,38.39574,-5.81191,1.0,12.5,0.7,Spain,Coniferous,Mediterranean forests,Europe,Spain site 3
SPA-0203,SPA-0203-T06,1948,1944,0,11.3,Inga edulis,38.39574,-5.81191,1.0,12.5,0.7,Spain,Coniferous,Mediterranean forests,Europe,Spain site 3
SPA-0203,SPA-0203-T07,1944,,0,30.1,Rhizophora mangle,38.39574,-5.81191,1.0,30.6,0.646,Spain,Coniferous,Mediterranean forests,Europe,Spain site 3
SPA-0203,SPA-0203-T07,1948,1944,0,29.8,Rhizophora mangle,38.39574,-5.81191,1.0,30.6,0.646,Spain,Coniferous,Mediterranean forests,Europe,Spain site 3
SPA-0203,SPA-0203-T08,1944,,0,29.7,Inga edulis,38.39574,-5.81191,1.0,11.9,0.83,Spain,Coniferous,Mediterranean forests,Europe,Spain site 3
SPA-0203,SPA-0203-T08,1948,1944,0,29.1,Inga edulis,38.39574,-5.81191,1.0,11.9,0.83,Spain,Coniferous,Mediterranean forests,Europe,Spain site 3
SPA-0203,SPA-0203-T09,1944,,0,48.1,Milicia excelsa,38.39574,-5.81191,1.0,23.9,1.981,Spain,Coniferous,Mediterranean forests,Europe,Spain site 3
SPA-0203,SPA-0203-T09,1948,1944,0,47.6,Milicia excelsa,38.39574,-5.81191,1.0,23.9,1.981,Spain,Coniferous,Mediterranean forests,Europe,Spain site 3
SPA-0203,SPA-0203-T10,1944,,0,38.9,Dipterocarpus grandiflorus,38.39574,-5.81191,1.0,20.9,1.531,Spain,Coniferous,Mediterranean forests,Europe,Spain site 3
SPA-0203,SPA-0203-T10,1948,1944,0,38.4,Dipterocarpus grandiflorus,38.39574,-5.81191,1.0,20.9,1.531,Spain,Coniferous,Mediterranean forests,Europe,Spain site 3
SPA-0203,SPA-0203-T11,1944,,0,49.9,Dipterocarpus grandiflorus,38.39574,-5.81191,1.0,11.1,3.444,Spain,Coniferous,Mediterranean forests,Europe,Spain site 3
SPA-0203,SPA-0203-T11,1948,1944,0,50.0,Dipterocarpus grandiflorus,38.39574,-5.81191,1.0,11.1,3.444,Spain,Coniferous,Mediterranean forests,Europe,Spain site 3
SPA-0204,SPA-0204-T01,1950,,0,41.8,Inga edulis,42.07889,0.60669,0.04,12.2,,Spain,Coniferous,Mediterranean forests,Europe,Spain site 4
SPA-0204,SPA-0204-T02,1950,,0,39.1,Quercus robur,42.07889,0.60669,0.04,17.8,,Spain,Coniferous,Mediterranean forests,Europe,Spain site 4
SPA-0204,SPA-0204-T03,1950,,0,23.5,Quercus ilex,42.07889,0.60669,0.04,11.9,,Spain,Coniferous,Mediterranean forests,Europe,Spain site 4
SPA-0204,SPA-0204-T04,1950,,0,18.5,Juniperus thurifera,42.07889,0.60669,0.04,33.4,,Spain,Coniferous,Mediterranean forests,Europe,Spain site 4
SPA-0204,SPA-0204-T05,1950,,0,47.0,Ocotea aciphylla,42.07889,0.60669,0.04,33.2,,Spain,Coniferous,Mediterranean forests,Europe,Spain site 4
SPA-0204,SPA-0204-T06,1950,,0,8.1,Khaya ivorensis,42.07889,0.60669,0.04,35.9,,Spain,Coniferous,Mediterranean forests,Europe,Spain site 4
SPA-0204,SPA-0204-T07,1950,,0,40.2,Juniperus thurifera,42.07889,0.60669,0.04,11.8,,Spain,Coniferous,Mediterranean forests,Europe,Spain site 4
SPA-0204,SPA-0204-T08,1950,,0,52.5,Avicennia germinans,42.07889,0.60669,0.04,31.3,,Spain,Coniferous,Mediterranean forests,Europe,Spain site 4
SPA-0204,SPA-0204-T09,1950,,0,14.4,Rhizophora mangle,42.07889,0.60669,0.04,16.3,,Spain,Coniferous,Mediterranean forests,Europe,Spain site 4
SPA-0204,SPA-0204-T10,1950,,0,37.7,Ocotea aciphylla,42.07889,0.60669,0.04,24.2,,Spain,Coniferous,Mediterranean forests,Europe,Spain site 4
SPA-0205,SPA-0205-T01,2020,,0,19.4,Betula pendula,38.04522,1.68743,1.0,,0.141,Spain,Mediterranean,Mediterranean forests,Europe,Spain site 5
SPA-0205,SPA-0205-T02,2020,,0,9.4,Betula pendula,38.04522,1.68743,1.0,,4.456,Spain,Mediterranean,Mediterranean forests,Europe,Spain site 5
SPA-0205,SPA-0205-T03,2020,,0,14.6,Cecropia obtusa,38.04522,1.68743,1.0,,2.772,Spain,Mediterranean,Mediterranean forests,Europe,Spain site 5
SPA-0205,SPA-0205-T04,2020,,0,34.7,Nothofagus pumilio,38.04522,1.68743,1.0,,0.29,Spain,Mediterranean,Mediterranean forests,Europe,Spain site 5
SPA-0205,SPA-0205-T05,2020,,0,31.9,Fagus sylvatica,38.04522,1.68743,1.0,,3.253,Spain,Mediterranean,Mediterranean forests,Europe,Spain site 5
SPA-0205,SPA-0205-T06,2020,,0,54.5,Cecropia obtusa,38.04522,1.68743,1.0,,0.12,Spain,Mediterranean,Mediterranean forests,Europe,Spain site 5
SPA-0205,SPA-0205-T07,2020,,0,54.4,Betula pendula,38.04522,1.68743,1.0,,2.399,Spain,Mediterranean,Mediterranean forests,Europe,Spain site 5
SPA-0205,SPA-0205-T08,2020,,0,26.5,Picea abies,38.04522,1.68743,1.0,,1.19,Spain,Mediterranean,Mediterranean forests,Europe,Spain site 5
SPA-0205,SPA-0205-T09,2020,,0,42.1,Milicia excelsa,38.04522,1.68743,1.0,,0.054,Spain,Mediterranean,Mediterranean forests,Europe,Spain site 5
SPA-0205,SPA-0205-T10,2020,,1,9.7,Dipterocarpus grandiflorus,38.04522,1.68743,1.0,,0.283,Spain,Mediterranean,Mediterranean forests,Europe,Spain site 5
SPA-0205,SPA-0205-T11,2020,,0,57.0,Ocotea aciphylla,38.04522,1.68743,1.0,,1.837,Spain,Mediterranean,Mediterranean forests,Europe,Spain site 5
SPA-0206,SPA-0206-T01,2022,,0,32.4,Khaya ivorensis,41.62498,-2.32517,0.1,20.7,,Spain,Coniferous,Mediterranean forests,Europe,Spain site 6
SPA-0206,SPA-0206-T02,2022,,0,11.5,Quercus ilex,41.62498,-2.32517,0.1,21.3,,Spain,Coniferous,Mediterranean forests,Europe,Spain site 6
SPA-0206,SPA-0206-T03,2022,,0,28.1,Ocotea aciphylla,41.62498,-2.32517,0.1,20.8,,Spain,Coniferous,Mediterranean forests,Europe,Spain site 6
SPA-0206,SPA-0206-T04,2022,,0,21.6,Populus tremula,41.62498,-2.32517,0.1,33.2,,Spain,Coniferous,Mediterranean forests,Europe,Spain site 6
SPA-0206,SPA-0206-T05,2022,,1,32.9,Shorea leprosula,41.62498,-2.32517,0.1,8.1,,Spain,Coniferous,Mediterranean forests,Europe,Spain site 6
SPA-0206,SPA-0206-T06,2022,,0,49.5,Fagus sylvatica,41.62498,-2.32517,0.1,31.9,,Spain,Coniferous,Mediterranean forests,Europe,Spain site 6
SPA-0206,SPA-0206-T07,2022,,0,19.2,Fagus sylvatica,41.62498,-2.32517,0.1,32.2,,Spain,Coniferous,Mediterranean forests,Europe,Spain site 6
SPA-0206,SPA-0206-T08,2022,,0,37.9,Cecropia obtusa,41.62498,-2.32517,0.1,11.0,,Spain,Coniferous,Mediterranean forests,Europe,Spain site 6
SPA-0206,SPA-0206-T09,2022,,1,34.4,Pinus sylvestris,41.62498,-2.32517,0.1,20.7,,Spain,Coniferous,Mediterranean forests,Europe,Spain site 6
SPA-0206,SPA-0206-T10,2022,,0,35.9,Quercus robur,41.62498,-2.32517,0.1,32.4,,Spain,Coniferous,Mediterranean forests,Europe,Spain site 6
SPA-0206,SPA-0206-T11,2022,,0,13.8,Rhizophora mangle,41.62498,-2.32517,0.1,25.8,,Spain,Coniferous,Mediterranean forests,Europe,Spain site 6
SPA-0207,SPA-0207-T01,1982,,0,46.0,Eperua falcata,38.00732,0.8532,0.04,,,Spain,Coniferous,Mediterranean forests,Europe,Spain site 7
SPA-0207,SPA-0207-T02,1982,,0,35.5,Tsuga canadensis,38.00732,0.8532,0.04,,,Spain,Coniferous,Mediterranean forests,Europe,Spain site 7
SPA-0207,SPA-0207-T03,1982,,0,21.3,Picea abies,38.00732,0.8532,0.04,,,Spain,Coniferous,Mediterranean forests,Europe,Spain site 7
SPA-0207,SPA-0207-T04,1982,,0,25.9,Populus tremula,38.00732,0.8532,0.04,,,Spain,Coniferous,Mediterranean forests,Europe,Spain site 7
SPA-0207,SPA-0207-T05,1982,,0,27.5,Dipterocarpus grandiflorus,38.00732,0.8532,0.04,,,Spain,Coniferous,Mediterranean forests,Europe,Spain site 7
SPA-0208,SPA-0208-T01,1982,,0,24.2,Avicennia germinans,41.32248,-7.51853,0.5,,,Spain,Mediterranean,Mediterranean forests,Europe,Spain site 8
SPA-0208,SPA-0208-T02,1982,,0,14.2,Acer saccharum,41.32248,-7.51853,0.5,,,Spain,Mediterranean,Mediterranean forests,Europe,Spain site 8
SPA-0208,SPA-0208-T03,1982,,0,38.5,Quercus robur,41.32248,-7.51853,0.5,,,Spain,Mediterranean,Mediterranean forests,Europe,Spain site 8
SPA-0208,SPA-0208-T04,1982,,0,54.4,Nothofagus pumilio,41.32248,-7.51853,0.5,,,Spain,Mediterranean,Mediterranean forests,Europe,Spain site 8
SPA-0208,SPA-0208-T05,1982,,0,31.0,Rhizophora mangle,41.32248,-7.51853,0.5,,,Spain,Mediterranean,Mediterranean forests,Europe,Spain site 8
SPA-0208,SPA-0208-T06,1982,,0,34.8,Shorea leprosula,41.32248,-7.51853,0.5,,,Spain,Mediterranean,Mediterranean forests,Europe,Spain site 8
SPA-0208,SPA-0208-T07,1982,,0,8.3,Nothofagus pumilio,41.32248,-7.51853,0.5,,,Spain,Mediterranean,Mediterranean forests,Europe,Spain site 8
SPA-0209,SPA-0209-T01,1972,,0,29.7,Quercus ilex,37.44226,0.45762,0.25,32.7,4.139,Spain,Coniferous,Mediterranean forests,Europe,Spain site 9
SPA-0209,SPA-0209-T01,1976,1972,0,29.9,Quercus ilex,37.44226,0.45762,0.25,32.7,4.139,Spain,Coniferous,Mediterranean forests,Europe,Spain site 9
SPA-0209,SPA-0209-T02,1972,,0,12.3,Betula pendula,37.44226,0.45762,0.25,25.6,2.37,Spain,Coniferous,Mediterranean forests,Europe,Spain site 9
SPA-0209,SPA-0209-T02,1976,1972,1,11.8,Betula pendula,37.44226,0.45762,0.25,25.6,2.37,Spain,Coniferous,Mediterranean forests,Europe,Spain site 9
SPA-0209,SPA-0209-T03,1972,,0,29.8,Shorea leprosula,37.44226,0.45762,0.25,20.8,1.411,Spain,Coniferous,Mediterranean forests,Europe,Spain site 9
SPA-0209,SPA-0209-T03,1976,1972,0,29.9,Shorea leprosula,37.44226,0.45762,0.25,20.8,1.411,Spain,Coniferous,Mediterranean forests,Europe,Spain site 9
SPA-0209,SPA-0209-T04,1972,,0,32.1,Fagus sylvatica,37.44226,0.45762,0.25,22.6,2.114,Spain,Coniferous,Mediterranean forests,Europe,Spain site 9
SPA-0209,SPA-0209-T04,1976,1972,0,33.0,Fagus sylvatica,37.44226,0.45762,0.25,22.6,2.114,Spain,Coniferous,Mediterranean forests,Europe,Spain site 9
SPA-0209,SPA-0209-T05,1972,,0,37.4,Populus tremula,37.44226,0.45762,0.25,36.2,0.324,Spain,Coniferous,Mediterranean forests,Europe,Spain site 9
SPA-0209,SPA-0209-T05,1976,1972,0,37.4,Populus tremula,37.44226,0.45762,0.25,36.2,0.324,Spain,Coniferous,Mediterranean forests,Europe,Spain site 9
SPA-0209,SPA-0209-T06,1972,,0,39.0,Shorea leprosula,37.44226,0.45762,0.25,17.5,3.011,Spain,Coniferous,Mediterranean forests,Europe,Spain site 9
SPA-0209,SPA-0209-T06,1976,1972,0,38.7,Shorea leprosula,37.44226,0.45762,0.25,17.5,3.011,Spain,Coniferous,Mediterranean forests,Europe,Spain site 9
SPA-0209,SPA-0209-T07,1972,,0,35.1,Quercus ilex,37.44226,0.45762,0.25,32.2,1.353,Spain,Coniferous,Mediterranean forests,Europe,Spain site 9
SPA-0209,SPA-0209-T07,1976,1972,0,35.1,Quercus ilex,37.44226,0.45762,0.25,32.2,1.353,Spain,Coniferous,Mediterranean forests,Europe,Spain site 9
SPA-0209,SPA-0209-T08,1972,,0,36.6,Quercus ilex,37.44226,0.45762,0.25,22.8,1.022,Spain,Coniferous,Mediterranean forests,Europe,Spain site 9
SPA-0209,SPA-0209-T08,1976,1972,0,36.5,Quercus ilex,37.44226,0.45762,0.25,22.8,1.022,Spain,Coniferous,Mediterranean forests,Europe,Spain site 9
SPA-0209,SPA-0209-T09,1972,,0,28.6,Cecropia obtusa,37.44226,0.45762,0.25,24.7,1.331,Spain,Coniferous,Mediterranean forests,Europe,Spain site 9
SPA-0209,SPA-0209-T09,1976,1972,0,28.0,Cecropia obtusa,37.44226,0.45762,0.25,24.7,1.331,Spain,Coniferous,Mediterranean forests,Europe,Spain site 9
SPA-0209,SPA-0209-T10,1972,,0,59.4,Dipterocarpus grandiflorus,37.44226,0.45762,0.25,22.6,2.578,Spain,Coniferous,Mediterranean forests,Europe,Spain site 9
SPA-0209,SPA-0209-T10,1976,1972,0,59.1,Dipterocarpus grandiflorus,37.44226,0.45762,0.25,22.6,2.578,Spain,Coniferous,Mediterranean forests,Europe,Spain site 9
SPA-0210,SPA-0210-T01,1945,,0,44.2,Eucalyptus camaldulensis,40.92181,-1.92682,0.5,25.9,2.631,Spain,Mediterranean,Mediterranean forests,Europe,Spain site 10
SPA-0210,SPA-0210-T02,1945,,0,32.1,Quercus ilex,40.92181,-1.92682,0.5,8.4,3.207,Spain,Mediterranean,Mediterranean forests,Europe,Spain site 10
SPA-0210,SPA-0210-T03,1945,,0,55.7,Acer saccharum,40.92181,-1.92682,0.5,33.4,4.302,Spain,Mediterranean,Mediterranean forests,Europe,Spain site 10
SPA-0210,SPA-0210-T04,1945,,0,33.2,Tsuga canadensis,40.92181,-1.92682,0.5,23.5,3.693,Spain,Mediterranean,Mediterranean forests,Europe,Spain site 10
SPA-0210,SPA-0210-T05,1945,,0,13.7,Acer saccharum,40.92181,-1.92682,0.5,20.3,3.788,Spain,Mediterranean,Mediterranean forests,Europe,Spain site 10
SPA-0210,SPA-0210-T06,1945,,0,9.5,Milicia excelsa,40.92181,-1.92682,0.5,32.1,2.832,Spain,Mediterranean,Mediterranean forests,Europe,Spain site 10
SPA-0211,SPA-0211-T01,1944,,0,20.7,Pinus sylvestris,40.29798,-3.09052,0.04,28.5,3.384,Spain,Coniferous,Mediterranean forests,Europe,Spain site 11
SPA-0211,SPA-0211-T02,1944,,0,35.2,Quercus ilex,40.29798,-3.09052,0.04,37.8,2.64,Spain,Coniferous,Mediterranean forests,Europe,Spain site 11
SPA-0211,SPA-0211-T03,1944,,0,12.5,Picea abies,40.29798,-3.09052,0.04,21.3,0.12,Spain,Coniferous,Mediterranean forests,Europe,Spain site 11
SPA-0211,SPA-0211-T04,1944,,0,41.8,Eucalyptus camaldulensis,40.29798,-3.09052,0.04,36.9,4.177,Spain,Coniferous,Mediterranean forests,Europe,Spain site 11
SPA-0211,SPA-0211-T05,1944,,0,60.4,Pinus sylvestris,40.29798,-3.09052,0.04,35.8,4.026,Spain,Coniferous,Mediterranean forests,Europe,Spain site 11
SPA-0211,SPA-0211-T06,1944,,0,16.7,Betula pendula,40.29798,-3.09052,0.04,11.6,4.262,Spain,Coniferous,Mediterranean forests,Europe,Spain site 11
SPA-0211,SPA-0211-T07,1944,,0,35.7,Eucalyptus camaldulensis,40.29798,-3.09052,0.04,35.8,2.578,Spain,Coniferous,Mediterranean forests,Europe,Spain site 11
SPA-0211,SPA-0211-T08,1944,,0,28.2,Eucalyptus camaldulensis,40.29798,-3.09052,0.04,36.0,2.435,Spain,Coniferous,Mediterranean forests,Europe,Spain site 11
SPA-0211,SPA-0211-T09,1944,,0,22.0,Quercus robur,40.29798,-3.09052,0.04,9.4,2.145,Spain,Coniferous,Mediterranean forests,Europe,Spain site 11
SPA-0212,SPA-0212-T01,1986,,0,53.5,Acer saccharum,39.84142,-6.84491,0.5,19.4,,Spain,Mediterranean,Mediterranean forests,Europe,Spain site 12
SPA-0212,SPA-0212-T02,1986,,0,29.8,Quercus ilex,39.84142,-6.84491,0.5,30.9,,Spain,Mediterranean,Mediterranean forests,Europe,Spain site 12
SPA-0212,SPA-0212-T03,1986,,0,35.6,Acer saccharum,39.84142,-6.84491,0.5,23.0,,Spain,Mediterranean,Mediterranean forests,Europe,Spain site 12
SPA-0212,SPA-0212-T04,1986,,0,50.7,Shorea leprosula,39.84142,-6.84491,0.5,26.0,,Spain,Mediterranean,Mediterranean forests,Europe,Spain site 12
SPA-0212,SPA-0212-T05,1986,,0,16.1,Eucalyptus camaldulensis,39.84142,-6.84491,0.5,29.8,,Spain,Mediterranean,Mediterranean forests,Europe,Spain site 12
SPA-0213,SPA-0213-T01,1941,,0,42.3,Milicia excelsa,39.79035,-5.73758,0.25,16.0,2.658,Spain,Coniferous,Mediterranean forests,Europe,Spain site 13
SPA-0213,SPA-0213-T01,1946,1941,0,43.4,Milicia excelsa,39.79035,-5.73758,0.25,16.0,2.658,Spain,Coniferous,Mediterranean forests,Europe,Spain site 13
SPA-0213,SPA-0213-T02,1941,,0,30.9,Juniperus thurifera,39.79035,-5.73758,0.25,18.6,0.217,Spain,Coniferous,Mediterranean forests,Europe,Spain site 13
SPA-0213,SPA-0213-T02,1946,1941,0,30.1,Juniperus thurifera,39.79035,-5.73758,0.25,18.6,0.217,Spain,Coniferous,Mediterranean forests,Europe,Spain site 13
SPA-0213,SPA-0213-T03,1941,,0,38.1,Nothofagus pumilio,39.79035,-5.73758,0.25,18.0,1.711,Spain,Coniferous,Mediterranean forests,Europe,Spain site 13
SPA-0213,SPA-0213-T03,1946,1941,0,37.4,Nothofagus pumilio,39.79035,-5.73758,0.25,18.0,1.711,Spain,Coniferous,Mediterranean forests,Europe,Spain site 13
SPA-0213,SPA-0213-T04,1941,,1,44.2,Milicia excelsa,39.79035,-5.73758,0.25,19.9,1.332,Spain,Coniferous,Mediterranean forests,Europe,Spain site 13
SPA-0213,SPA-0213-T04,1946,1941,0,43.7,Milicia excelsa,39.79035,-5.73758,0.25,19.9,1.332,Spain,Coniferous,Mediterranean forests,Europe,Spain site 13
SPA-0213,SPA-0213-T05,1941,,0,28.3,Quercus ilex,39.79035,-5.73758,0.25,24.4,3.247,Spain,Coniferous,Mediterranean forests,Europe,Spain site 13
SPA-0213,SPA-0213-T05,1946,1941,0,27.9,Quercus ilex,39.79035,-5.73758,0.25,24.4,3.247,Spain,Coniferous,Mediterranean forests,Europe,Spain site 13
SPA-0213,SPA-0213-T06,1941,,0,11.5,Betula pendula,39.79035,-5.73758,0.25,8.3,2.533,Spain,Coniferous,Mediterranean forests,Europe,Spain site 13
SPA-0213,SPA-0213-T06,1946,1941,0,12.7,Betula pendula,39.79035,-5.73758,0.25,8.3,2.533,Spain,Coniferous,Mediterranean forests,Europe,Spain site 13
SPA-0213,SPA-0213-T07,1941,,0,52.6,Populus tremula,39.79035,-5.73758,0.25,20.2,2.451,Spain,Coniferous,Mediterranean forests,Europe,Spain site 13
SPA-0213,SPA-0213-T07,1946,1941,0,52.6,Populus tremula,39.79035,-5.73758,0.25,20.2,2.451,Spain,Coniferous,Mediterranean forests,Europe,Spain site 13
SPA-0213,SPA-0213-T08,1941,,0,22.4,Populus tremula,39.79035,-5.73758,0.25,20.0,3.141,Spain,Coniferous,Mediterranean forests,Europe,Spain site 13
SPA-0213,SPA-0213-T08,1946,1941,0,22.9,Populus tremula,39.79035,-5.73758,0.25,20.0,3.141,Spain,Coniferous,Mediterranean forests,Europe,Spain site 13
SPA-0213,SPA-0213-T09,1941,,0,33.9,Inga edulis,39.79035,-5.73758,0.25,37.7,3.393,Spain,Coniferous,Mediterranean forests,Europe,Spain site 13
SPA-0213,SPA-0213-T09,1946,1941,0,33.5,Inga edulis,39.79035,-5.73758,0.25,37.7,3.393,Spain,Coniferous,Mediterranean forests,Europe,Spain site 13
SPA-0213,SPA-0213-T10,1941,,0,12.8,Pinus sylvestris,39.79035,-5.73758,0.25,10.2,4.494,Spain,Coniferous,Mediterranean forests,Europe,Spain site 13
SPA-0213,SPA-0213-T10,1946,1941,0,12.8,Pinus sylvestris,39.79035,-5.73758,0.25,10.2,4.494,Spain,Coniferous,Mediterranean forests,Europe,Spain site 13
SPA-0214,SPA-0214-T01,2016,,0,42.6,Quercus ilex,41.12241,1.36361,1.0,,,Spain,Mediterranean,Mediterranean forests,Europe,Spain site 14
SPA-0214,SPA-0214-T02,2016,,0,46.6,Tsuga canadensis,41.12241,1.36361,1.0,,,Spain,Mediterranean,Mediterranean forests,Europe,Spain site 14
SPA-0214,SPA-0214-T03,2016,,0,33.7,Tsuga canadensis,41.12241,1.36361,1.0,,,Spain,Mediterranean,Mediterranean forests,Europe,Spain site 14
SPA-0214,SPA-0214-T04,2016,,0,26.5,Quercus robur,41.12241,1.36361,1.0,,,Spain,Mediterranean,Mediterranean forests,Europe,Spain site 14
SPA-0214,SPA-0214-T05,2016,,0,57.6,Fagus sylvatica,41.12241,1.36361,1.0,,,Spain,Mediterranean,Mediterranean forests,Europe,Spain site 14
SPA-0214,SPA-0214-T06,2016,,0,13.1,Eucalyptus camaldulensis,41.12241,1.36361,1.0,,,Spain,Mediterranean,Mediterranean forests,Europe,Spain site 14
SPA-0214,SPA-0214-T07,2016,,0,57.1,Quercus robur,41.12241,1.36361,1.0,,,Spain,Mediterranean,Mediterranean forests,Europe,Spain site 14
SPA-0214,SPA-0214-T08,2016,,0,48.5,Shorea leprosula,41.12241,1.36361,1.0,,,Spain,Mediterranean,Mediterranean forests,Europe,Spain site 14
SPA-0214,SPA-0214-T09,2016,,0,14.7,Shorea leprosula,41.12241,1.36361,1.0,,,Spain,Mediterranean,Mediterranean forests,Europe,Spain site 14
SPA-0214,SPA-0214-T10,2016,,0,43.1,Eperua falcata,41.12241,1.36361,1.0,,,Spain,Mediterranean,Mediterranean forests,Europe,Spain site 14
SPA-0215,SPA-0215-T01,1974,,0,22.8,Dipterocarpus grandiflorus,41.85076,-6.73814,0.5,31.6,,Spain,Mediterranean,Mediterranean forests,Europe,Spain site 15
SPA-0215,SPA-0215-T02,1974,,0,33.4,Pinus sylvestris,41.85076,-6.73814,0.5,30.2,,Spain,Mediterranean,Mediterranean forests,Europe,Spain site 15
SPA-0215,SPA-0215-T03,1974,,0,49.7,Pinus sylvestris,41.85076,-6.73814,0.5,11.8,,Spain,Mediterranean,Mediterranean forests,Europe,Spain site 15
SPA-0215,SPA-0215-T04,1974,,1,39.0,Nothofagus pumilio,41.85076,-6.73814,0.5,24.4,,Spain,Mediterranean,Mediterranean forests,Europe,Spain site 15
SPA-0215,SPA-0215-T05,1974,,0,59.6,Nothofagus pumilio,41.85076,-6.73814,0.5,29.9,,Spain,Mediterranean,Mediterranean forests,Europe,Spain site 15
SPA-0215,SPA-0215-T06,1974,,0,53.0,Rhizophora mangle,41.85076,-6.73814,0.5,12.4,,Spain,Mediterranean,Mediterranean forests,Europe,Spain site 15
SPA-0215,SPA-0215-T07,1974,,0,22.6,Rhizophora mangle,41.85076,-6.73814,0.5,23.5,,Spain,Mediterranean,Mediterranean forests,Europe,Spain site 15
SPA-0215,SPA-0215-T08,1974,,0,53.3,Populus tremula,41.85076,-6.73814,0.5,26.7,,Spain,Mediterranean,Mediterranean forests,Europe,Spain site 15
SPA-0215,SPA-0215-T09,1974,,0,28.3,Khaya ivorensis,41.85076,-6.73814,0.5,16.0,,Spain,Mediterranean,Mediterranean forests,Europe,Spain site 15
SPA-0215,SPA-0215-T10,1974,,0,37.1,Milicia excelsa,41.85076,-6.73814,0.5,32.1,,Spain,Mediterranean,Mediterranean forests,Europe,Spain site 15
SPA-0216,SPA-0216-T01,2002,,0,45.6,Inga edulis,40.31233,0.56624,1.0,24.5,,Spain,Coniferous,Mediterranean forests,Europe,Spain site 16
SPA-0216,SPA-0216-T02,2002,,0,28.6,Eucalyptus camaldulensis,40.31233,0.56624,1.0,17.4,,Spain,Coniferous,Mediterranean forests,Europe,Spain site 16
SPA-0216,SPA-0216-T03,2002,,0,25.7,Pinus sylvestris,40.31233,0.56624,1.0,25.7,,Spain,Coniferous,Mediterranean forests,Europe,Spain site 16
SPA-0216,SPA-0216-T04,2002,,0,10.7,Milicia excelsa,40.31233,0.56624,1.0,11.7,,Spain,Coniferous,Mediterranean forests,Europe,Spain site 16
SPA-0216,SPA-0216-T05,2002,,0,44.7,Quercus ilex,40.31233,0.56624,1.0,9.8,,Spain,Coniferous,Mediterranean forests,Europe,Spain site 16
SPA-0216,SPA-0216-T06,2002,,0,61.7,Avicennia germinans,40.31233,0.56624,1.0,15.4,,Spain,Coniferous,Mediterranean forests,Europe,Spain site 16
SPA-0216,SPA-0216-T07,2002,,0,27.0,Fagus sylvatica,40.31233,0.56624,1.0,10.1,,Spain,Coniferous,Mediterranean forests,Europe,Spain site 16
SPA-0216,SPA-0216-T08,2002,,0,47.3,Milicia excelsa,40.31233,0.56624,1.0,14.8,,Spain,Coniferous,Mediterranean forests,Europe,Spain site 16
SPA-0216,SPA-0216-T09,2002,,0,51.6,Nothofagus pumilio,40.31233,0.56624,1.0,14.2,,Spain,Coniferous,Mediterranean forests,Europe,Spain site 16
SPA-0217,SPA-0217-T01,1941,,0,14.8,Khaya ivorensis,40.3761,-6.9901,0.25,,,Spain,Coniferous,Mediterranean forests,Europe,Spain site 17
SPA-0217,SPA-0217-T02,1941,,0,25.7,Shorea leprosula,40.3761,-6.9901,0.25,,,Spain,Coniferous,Mediterranean forests,Europe,Spain site 17
SPA-0217,SPA-0217-T03,1941,,1,34.2,Inga edulis,40.3761,-6.9901,0.25,,,Spain,Coniferous,Mediterranean forests,Europe,Spain site 17
SPA-0217,SPA-0217-T04,1941,,0,43.4,Quercus ilex,40.3761,-6.9901,0.25,,,Spain,Coniferous,Mediterranean forests,Europe,Spain site 17
SPA-0217,SPA-0217-T05,1941,,0,24.1,Betula pendula,40.3761,-6.9901,0.25,,,Spain,Coniferous,Mediterranean forests,Europe,Spain site 17
SPA-0217,SPA-0217-T06,1941,,0,17.7,Shorea leprosula,40.3761,-6.9901,0.25,,,Spain,Coniferous,Mediterranean forests,Europe,Spain site 17
SPA-0217,SPA-0217-T07,1941,,0,61.9,Inga edulis,40.3761,-6.9901,0.25,,,Spain,Coniferous,Mediterranean forests,Europe,Spain site 17
SPA-0217,SPA-0217-T08,1941,,0,50.4,Shorea leprosula,40.3761,-6.9901,0.25,,,Spain,Coniferous,Mediterranean forests,Europe,Spain site 17
SPA-0218,SPA-0218-T01,1955,,1,31.5,Quercus ilex,41.08488,-3.9828,0.5,,2.249,Spain,Coniferous,Mediterranean forests,Europe,Spain site 18
SPA-0218,SPA-0218-T02,1955,,0,22.2,Cecropia obtusa,41.08488,-3.9828,0.5,,0.084,Spain,Coniferous,Mediterranean forests,Europe,Spain site 18
SPA-0218,SPA-0218-T03,1955,,0,25.0,Dipterocarpus grandiflorus,41.08488,-3.9828,0.5,,3.896,Spain,Coniferous,Mediterranean forests,Europe,Spain site 18
SPA-0218,SPA-0218-T04,1955,,0,26.4,Rhizophora mangle,41.08488,-3.9828,0.5,,4.018,Spain,Coniferous,Mediterranean forests,Europe,Spain site 18
SPA-0218,SPA-0218-T05,1955,,0,49.5,Dipterocarpus grandiflorus,41.08488,-3.9828,0.5,,4.342,Spain,Coniferous,Mediterranean forests,Europe,Spain site 18
SPA-0218,SPA-0218-T06,1955,,0,51.5,Eucalyptus camaldulensis,41.08488,-3.9828,0.5,,0.149,Spain,Coniferous,Mediterranean forests,Europe,Spain site 18
SPA-0218,SPA-0218-T07,1955,,0,21.9,Ocotea aciphylla,41.08488,-3.9828,0.5,,1.832,Spain,Coniferous,Mediterranean forests,Europe,Spain site 18
SPA-0218,SPA-0218-T08,1955,,0,54.1,Betula pendula,41.08488,-3.9828,0.5,,0.846,Spain,Coniferous,Mediterranean forests,Europe,Spain site 18
SPA-0218,SPA-0218-T09,1955,,0,10.9,Dipterocarpus grandiflorus,41.08488,-3.9828,0.5,,1.796,Spain,Coniferous,Mediterranean forests,Europe,Spain site 18
SPA-0219,SPA-0219-T01,1989,,0,20.4,Ocotea aciphylla,42.14941,-1.15148,0.1,9.6,,Spain,Coniferous,Mediterranean forests,Europe,Spain site 19
SPA-0219,SPA-0219-T02,1989,,0,31.0,Milicia excelsa,42.14941,-1.15148,0.1,33.7,,Spain,Coniferous,Mediterranean forests,Europe,Spain site 19
SPA-0219,SPA-0219-T03,1989,,0,23.9,Betula pendula,42.14941,-1.15148,0.1,36.9,,Spain,Coniferous,Mediterranean forests,Europe,Spain site 19
SPA-0219,SPA-0219-T04,1989,,0,60.1,Cecropia obtusa,42.14941,-1.15148,0.1,22.4,,Spain,Coniferous,Mediterranean forests,Europe,Spain site 19
SPA-0219,SPA-0219-T05,1989,,0,29.7,Dipterocarpus grandiflorus,42.14941,-1.15148,0.1,30.9,,Spain,Coniferous,Mediterranean forests,Europe,Spain site 19
SPA-0219,SPA-0219-T06,1989,,0,9.5,Inga edulis,42.14941,-1.15148,0.1,10.4,,Spain,Coniferous,Mediterranean forests,Europe,Spain site 19
SPA-0219,SPA-0219-T07,1989,,0,13.0,Picea abies,42.14941,-1.15148,0.1,35.3,,Spain,Coniferous,Mediterranean forests,Europe,Spain site 19
SPA-0219,SPA-0219-T08,1989,,0,36.8,Shorea leprosula,42.14941,-1.15148,0.1,23.5,,Spain,Coniferous,Mediterranean forests,Europe,Spain site 19
SPA-0219,SPA-0219-T09,1989,,0,8.3,Fagus sylvatica,42.14941,-1.15148,0.1,35.1,,Spain,Coniferous,Mediterranean forests,Europe,Spain site 19
SPA-0220,SPA-0220-T01,2001,,0,35.9,Juniperus thurifera,41.94382,-0.59055,1.0,,,Spain,Coniferous,Mediterranean forests,Europe,Spain site 20
SPA-0220,SPA-0220-T01,2006,2001,0,36.2,Juniperus thurifera,41.94382,-0.59055,1.0,,,Spain,Coniferous,Mediterranean forests,Europe,Spain site 20
SPA-0220,SPA-0220-T02,2001,,0,17.3,Pinus sylvestris,41.94382,-0.59055,1.0,,,Spain,Coniferous,Mediterranean forests,Europe,Spain site 20
SPA-0220,SPA-0220-T02,2006,2001,0,16.4,Pinus sylvestris,41.94382,-0.59055,1.0,,,Spain,Coniferous,Mediterranean forests,Europe,Spain site 20
SPA-0220,SPA-0220-T03,2001,,0,58.3,Quercus robur,41.94382,-0.59055,1.0,,,Spain,Coniferous,Mediterranean forests,Europe,Spain site 20
SPA-0220,SPA-0220-T03,2006,2001,0,59.1,Quercus robur,41.94382,-0.59055,1.0,,,Spain,Coniferous,Mediterranean forests,Europe,Spain site 20
SPA-0220,SPA-0220-T04,2001,,0,42.5,Acer saccharum,41.94382,-0.59055,1.0,,,Spain,Coniferous,Mediterranean forests,Europe,Spain site 20
SPA-0220,SPA-0220-T04,2006,2001,0,42.4,Acer saccharum,41.94382,-0.59055,1.0,,,Spain,Coniferous,Mediterranean forests,Europe,Spain site 20
SPA-0220,SPA-0220-T05,2001,,0,36.6,Tsuga canadensis,41.94382,-0.59055,1.0,,,Spain,Coniferous,Mediterranean forests,Europe,Spain site 20
SPA-0220,SPA-0220-T05,2006,2001,0,36.0,Tsuga canadensis,41.94382,-0.59055,1.0,,,Spain,Coniferous,Mediterranean forests,Europe,Spain site 20
FRA-0221,FRA-0221-T01,1950,,0,47.4,Juniperus thurifera,45.49694,2.65159,0.25,34.0,2.405,France,Mixed,Temperate broadleaf & mixed forests,Europe,France site 1
FRA-0221,FRA-0221-T02,1950,,0,60.6,Ocotea aciphylla,45.49694,2.65159,0.25,27.1,1.671,France,Mixed,Temperate broadleaf & mixed forests,Europe,France site 1
FRA-0221,FRA-0221-T03,1950,,0,17.4,Eucalyptus camaldulensis,45.49694,2.65159,0.25,11.8,3.029,France,Mixed,Temperate broadleaf & mixed forests,Europe,France site 1
FRA-0221,FRA-0221-T04,1950,,0,35.2,Populus tremula,45.49694,2.65159,0.25,34.4,1.642,France,Mixed,Temperate broadleaf & mixed forests,Europe,France site 1
FRA-0221,FRA-0221-T05,1950,,0,10.5,Shorea leprosula,45.49694,2.65159,0.25,28.3,1.943,France,Mixed,Temperate broadleaf & mixed forests,Europe,France site 1
FRA-0221,FRA-0221-T06,1950,,0,23.4,Ocotea aciphylla,45.49694,2.65159,0.25,22.0,3.334,France,Mixed,Temperate broadleaf & mixed forests,Europe,France site 1
FRA-0221,FRA-0221-T07,1950,,0,14.0,Pinus sylvestris,45.49694,2.65159,0.25,36.3,0.711,France,Mixed,Temperate broadleaf & mixed forests,Europe,France site 1
FRA-0222,FRA-0222-T01,2010,,0,41.2,Nothofagus pumilio,49.22288,3.69504,0.25,30.1,,France,Temperate,Temperate broadleaf & mixed forests,Europe,France site 2
FRA-0222,FRA-0222-T01,2015,2010,0,40.9,Nothofagus pumilio,49.22288,3.69504,0.25,30.1,,France,Temperate,Temperate broadleaf & mixed forests,Europe,France site 2
FRA-0222,FRA-0222-T02,2010,,0,32.3,Pinus sylvestris,49.22288,3.69504,0.25,35.0,,France,Temperate,Temperate broadleaf & mixed forests,Europe,France site 2
FRA-0222,FRA-0222-T02,2015,2010,0,32.9,Pinus sylvestris,49.22288,3.69504,0.25,35.0,,France,Temperate,Temperate broadleaf & mixed forests,Europe,France site 2
FRA-0222,FRA-0222-T03,2010,,1,48.1,Milicia excelsa,49.22288,3.69504,0.25,22.7,,France,Temperate,Temperate broadleaf & mixed forests,Europe,France site 2
FRA-0222,FRA-0222-T03,2015,2010,0,47.4,Milicia excelsa,49.22288,3.69504,0.25,22.7,,France,Temperate,Temperate broadleaf & mixed forests,Europe,France site 2
FRA-0222,FRA-0222-T04,2010,,0,52.3,Acer saccharum,49.22288,3.69504,0.25,34.9,,France,Temperate,Temperate broadleaf & mixed forests,Europe,France site 2
FRA-0222,FRA-0222-T04,2015,2010,0,53.0,Acer saccharum,49.22288,3.69504,0.25,34.9,,France,Temperate,Temperate broadleaf & mixed forests,Europe,France site 2
FRA-0222,FRA-0222-T05,2010,,0,40.8,Pinus sylvestris,49.22288,3.69504,0.25,19.6,,France,Temperate,Temperate broadleaf & mixed forests,Europe,France site 2
FRA-0222,FRA-0222-T05,2015,2010,0,41.1,Pinus sylvestris,49.22288,3.69504,0.25,19.6,,France,Temperate,Temperate broadleaf & mixed forests,Europe,France site 2
FRA-0222,FRA-0222-T06,2010,,0,28.9,Fagus sylvatica,49.22288,3.69504,0.25,37.8,,France,Temperate,Temperate broadleaf & mixed forests,Europe,France site 2
FRA-0222,FRA-0222-T06,2015,2010,0,29.1,Fagus sylvatica,49.22288,3.69504,0.25,37.8,,France,Temperate,Temperate broadleaf & mixed forests,Europe,France site 2
FRA-0222,FRA-0222-T07,2010,,0,41.7,Shorea leprosula,49.22288,3.69504,0.25,14.9,,France,Temperate,Temperate broadleaf & mixed forests,Europe,France site 2
FRA-0222,FRA-0222-T07,2015,2010,0,40.2,Shorea leprosula,49.22288,3.69504,0.25,14.9,,France,Temperate,Temperate broadleaf & mixed forests,Europe,France site 2
FRA-0222,FRA-0222-T08,2010,,0,48.0,Khaya ivorensis,49.22288,3.69504,0.25,23.4,,France,Temperate,Temperate broadleaf & mixed forests,Europe,France site 2
FRA-0222,FRA-0222-T08,2015,2010,0,48.0,Khaya ivorensis,49.22288,3.69504,0.25,23.4,,France,Temperate,Temperate broadleaf & mixed forests,Europe,France site 2
FRA-0223,FRA-0223-T01,1977,,0,26.6,Cecropia obtusa,45.6145,2.27606,0.04,,,France,Mixed,Temperate broadleaf & mixed forests,Europe,France site 3
FRA-0223,FRA-0223-T02,1977,,0,21.7,Shorea leprosula,45.6145,2.27606,0.04,,,France,Mixed,Temperate broadleaf & mixed forests,Europe,France site 3
FRA-0223,FRA-0223-T03,1977,,0,22.1,Ocotea aciphylla,45.6145,2.27606,0.04,,,France,Mixed,Temperate broadleaf & mixed forests,Europe,France site 3
FRA-0223,FRA-0223-T04,1977,,0,19.4,Nothofagus pumilio,45.6145,2.27606,0.04,,,France,Mixed,Temperate broadleaf & mixed forests,Europe,France site 3
FRA-0223,FRA-0223-T05,1977,,0,45.2,Ocotea aciphylla,45.6145,2.27606,0.04,,,France,Mixed,Temperate broadleaf & mixed forests,Europe,France site 3
FRA-0224,FRA-0224-T01,1980,,0,32.3,Tsuga canadensis,49.65803,4.70192,0.25,31.5,0.5,France,Temperate,Temperate broadleaf & mixed forests,Europe,France site 4
FRA-0224,FRA-0224-T02,1980,,0,48.8,Khaya ivorensis,49.65803,4.70192,0.25,32.0,3.019,France,Temperate,Temperate broadleaf & mixed forests,Europe,France site 4
FRA-0224,FRA-0224-T03,1980,,0,14.7,Quercus ilex,49.65803,4.70192,0.25,24.1,4.322,France,Temperate,Temperate broadleaf & mixed forests,Europe,France site 4
FRA-0224,FRA-0224-T04,1980,,0,55.2,Shorea leprosula,49.65803,4.70192,0.25,30.1,3.621,France,Temperate,Temperate broadleaf & mixed forests,Europe,France site 4
FRA-0224,FRA-0224-T05,1980,,0,61.4,Cecropia obtusa,49.65803,4.70192,0.25,23.8,3.498,France,Temperate,Temperate broadleaf & mixed forests,Europe,France site 4
FRA-0224,FRA-0224-T06,1980,,0,11.3,Quercus ilex,49.65803,4.70192,0.25,37.8,1.429,France,Temperate,Temperate broadleaf & mixed forests,Europe,France site 4
FRA-0224,FRA-0224-T07,1980,,0,53.2,Betula pendula,49.65803,4.70192,0.25,11.1,3.782,France,Temperate,Temperate broadleaf & mixed forests,Europe,France site 4
FRA-0224,FRA-0224-T08,1980,,0,28.3,Shorea leprosula,49.65803,4.70192,0.25,9.1,0.421,France,Temperate,Temperate broadleaf & mixed forests,Europe,France site 4
FRA-0224,FRA-0224-T09,1980,,0,37.2,Quercus ilex,49.65803,4.70192,0.25,36.9,3.203,France,Temperate,Temperate broadleaf & mixed forests,Europe,France site 4
FRA-0225,FRA-0225-T01,1944,,0,43.0,Nothofagus pumilio,49.99658,6.73188,0.25,25.8,,France,Mixed,Temperate broadleaf & mixed forests,Europe,France site 5
FRA-0225,FRA-0225-T01,1948,1944,0,43.4,Nothofagus pumilio,49.99658,6.73188,0.25,25.8,,France,Mixed,Temperate broadleaf & mixed forests,Europe,France site 5
FRA-0225,FRA-0225-T02,1944,,0,61.2,Picea abies,49.99658,6.73188,0.25,27.8,,France,Mixed,Temperate broadleaf & mixed forests,Europe,France site 5
FRA-0225,FRA-0225-T02,1948,1944,0,61.7,Picea abies,49.99658,6.73188,0.25,27.8,,France,Mixed,Temperate broadleaf & mixed forests,Europe,France site 5
FRA-0225,FRA-0225-T03,1944,,0,19.3,Juniperus thurifera,49.99658,6.73188,0.25,13.2,,France,Mixed,Temperate broadleaf & mixed forests,Europe,France site 5
FRA-0225,FRA-0225-T03,1948,1944,0,18.8,Juniperus thurifera,49.99658,6.73188,0.25,13.2,,France,Mixed,Temperate broadleaf & mixed forests,Europe,France site 5
FRA-0225,FRA-0225-T04,1944,,0,17.1,Tsuga canadensis,49.99658,6.73188,0.25,11.6,,France,Mixed,Temperate broadleaf & mixed forests,Europe,France site 5
FRA-0225,FRA-0225-T04,1948,1944,0,17.3,Tsuga canadensis,49.99658,6.73188,0.25,11.6,,France,Mixed,Temperate broadleaf & mixed forests,Europe,France site 5
FRA-0225,FRA-0225-T05,1944,,0,11.4,Quercus robur,49.99658,6.73188,0.25,23.7,,France,Mixed,Temperate broadleaf & mixed forests,Europe,France site 5
FRA-0225,FRA-0225-T05,1948,1944,1,10.8,Quercus robur,49.99658,6.73188,0.25,23.7,,France,Mixed,Temperate broadleaf & mixed forests,Europe,France site 5
FRA-0225,FRA-0225-T06,1944,,0,40.2,Khaya ivorensis,49.99658,6.73188,0.25,34.0,,France,Mixed,Temperate broadleaf & mixed forests,Europe,France site 5
FRA-0225,FRA-0225-T06,1948,1944,0,40.1,Khaya ivorensis,49.99658,6.73188,0.25,34.0,,France,Mixed,Temperate broadleaf & mixed forests,Europe,France site 5
FRA-0226,FRA-0226-T01,1958,,0,52.2,Pinus sylvestris,45.44181,-0.5458,1.0,13.7,1.739,France,Deciduous,Temperate broadleaf & mixed forests,Europe,France site 6
FRA-0226,FRA-0226-T02,1958,,0,57.5,Fagus sylvatica,45.44181,-0.5458,1.0,15.1,2.498,France,Deciduous,Temperate broadleaf & mixed forests,Europe,France site 6
FRA-0226,FRA-0226-T03,1958,,0,21.2,Khaya ivorensis,45.44181,-0.5458,1.0,36.3,2.662,France,Deciduous,Temperate broadleaf & mixed forests,Europe,France site 6
FRA-0226,FRA-0226-T04,1958,,0,22.9,Avicennia germinans,45.44181,-0.5458,1.0,31.5,3.454,France,Deciduous,Temperate broadleaf & mixed forests,Europe,France site 6
FRA-0226,FRA-0226-T05,1958,,0,18.5,Betula pendula,45.44181,-0.5458,1.0,17.3,3.901,France,Deciduous,Temperate broadleaf & mixed forests,Europe,France site 6
FRA-0226,FRA-0226-T06,1958,,0,50.7,Milicia excelsa,45.44181,-0.5458,1.0,9.0,0.91,France,Deciduous,Temperate broadleaf & mixed forests,Europe,France site 6
FRA-0226,FRA-0226-T07,1958,,1,32.7,Quercus robur,45.44181,-0.5458,1.0,30.5,4.124,France,Deciduous,Temperate broadleaf & mixed forests,Europe,France site 6
FRA-0226,FRA-0226-T08,1958,,0,58.9,Shorea leprosula,45.44181,-0.5458,1.0,36.6,2.656,France,Deciduous,Temperate broadleaf & mixed forests,Europe,France site 6
FRA-0226,FRA-0226-T09,1958,,0,25.9,Pinus sylvestris,45.44181,-0.5458,1.0,35.1,0.226,France,Deciduous,Temperate broadleaf & mixed forests,Europe,France site 6
FRA-0227,FRA-0227-T01,2012,,1,30.8,Inga edulis,47.49814,6.95803,0.1,10.8,,France,Deciduous,Temperate broadleaf & mixed forests,Europe,France site 7
FRA-0227,FRA-0227-T02,2012,,0,29.2,Khaya ivorensis,47.49814,6.95803,0.1,19.1,,France,Deciduous,Temperate broadleaf & mixed forests,Europe,France site 7
FRA-0227,FRA-0227-T03,2012,,0,46.0,Pinus sylvestris,47.49814,6.95803,0.1,34.8,,France,Deciduous,Temperate broadleaf & mixed forests,Europe,France site 7
FRA-0227,FRA-0227-T04,2012,,0,8.1,Dipterocarpus grandiflorus,47.49814,6.95803,0.1,21.4,,France,Deciduous,Temperate broadleaf & mixed forests,Europe,France site 7
FRA-0227,FRA-0227-T05,2012,,0,41.2,Inga edulis,47.49814,6.95803,0.1,35.7,,France,Deciduous,Temperate broadleaf & mixed forests,Europe,France site 7
FRA-0227,FRA-0227-T06,2012,,1,33.3,Quercus ilex,47.49814,6.95803,0.1,23.7,,France,Deciduous,Temperate broadleaf & mixed forests,Europe,France site 7
FRA-0227,FRA-0227-T07,2012,,0,49.1,Nothofagus pumilio,47.49814,6.95803,0.1,20.9,,France,Deciduous,Temperate broadleaf & mixed forests,Europe,France site 7
FRA-0227,FRA-0227-T08,2012,,0,37.9,Dipterocarpus grandiflorus,47.49814,6.95803,0.1,19.3,,France,Deciduous,Temperate broadleaf & mixed forests,Europe,France site 7
FRA-0227,FRA-0227-T09,2012,,0,41.6,Juniperus thurifera,47.49814,6.95803,0.1,12.8,,France,Deciduous,Temperate broadleaf & mixed forests,Europe,France site 7
FRA-0227,FRA-0227-T10,2012,,0,36.5,Quercus robur,47.49814,6.95803,0.1,24.2,,France,Deciduous,Temperate broadleaf & mixed forests,Europe,France site 7
FRA-0228,FRA-0228-T01,1956,,0,14.4,Juniperus thurifera,46.82469,4.92735,1.0,,2.391,France,Mixed,Temperate broadleaf & mixed forests,Europe,France site 8
FRA-0228,FRA-0228-T01,1966,1956,0,14.5,Juniperus thurifera,46.82469,4.92735,1.0,,2.391,France,Mixed,Temperate broadleaf & mixed forests,Europe,France site 8
FRA-0228,FRA-0228-T02,1956,,0,28.0,Quercus robur,46.82469,4.92735,1.0,,2.669,France,Mixed,Temperate broadleaf & mixed forests,Europe,France site 8
FRA-0228,FRA-0228-T02,1966,1956,0,27.3,Quercus robur,46.82469,4.92735,1.0,,2.669,France,Mixed,Temperate broadleaf & mixed forests,Europe,France site 8
FRA-0228,FRA-0228-T03,1956,,0,9.3,Inga edulis,46.82469,4.92735,1.0,,2.684,France,Mixed,Temperate broadleaf & mixed forests,Europe,France site 8
FRA-0228,FRA-0228-T03,1966,1956,0,7.9,Inga edulis,46.82469,4.92735,1.0,,2.684,France,Mixed,Temperate broadleaf & mixed forests,Europe,France site 8
FRA-0228,FRA-0228-T04,1956,,0,32.5,Ocotea aciphylla,46.82469,4.92735,1.0,,4.336,France,Mixed,Temperate broadleaf & mixed forests,Europe,France site 8
FRA-0228,FRA-0228-T04,1966,1956,0,32.8,Ocotea aciphylla,46.82469,4.92735,1.0,,4.336,France,Mixed,Temperate broadleaf & mixed forests,Europe,France site 8
FRA-0228,FRA-0228-T05,1956,,1,60.8,Dipterocarpus grandiflorus,46.82469,4.92735,1.0,,2.499,France,Mixed,Temperate broadleaf & mixed forests,Europe,France site 8
FRA-0228,FRA-0228-T05,1966,1956,0,60.5,Dipterocarpus grandiflorus,46.82469,4.92735,1.0,,2.499,France,Mixed,Temperate broadleaf & mixed forests,Europe,France site 8
FRA-0228,FRA-0228-T06,1956,,0,58.8,Betula pendula,46.82469,4.92735,1.0,,3.532,France,Mixed,Temperate broadleaf & mixed forests,Europe,France site 8
FRA-0228,FRA-0228-T06,1966,1956,0,59.4,Betula pendula,46.82469,4.92735,1.0,,3.532,France,Mixed,Temperate broadleaf & mixed forests,Europe,France site 8
FRA-0228,FRA-0228-T07,1956,,0,32.7,Avicennia germinans,46.82469,4.92735,1.0,,3.183,France,Mixed,Temperate broadleaf & mixed forests,Europe,France site 8
FRA-0228,FRA-0228-T07,1966,1956,0,32.8,Avicennia germinans,46.82469,4.92735,1.0,,3.183,France,Mixed,Temperate broadleaf & mixed forests,Europe,France site 8
FRA-0228,FRA-0228-T08,1956,,0,13.2,Pinus sylvestris,46.82469,4.92735,1.0,,3.035,France,Mixed,Temperate broadleaf & mixed forests,Europe,France site 8
FRA-0228,FRA-0228-T08,1966,1956,0,12.6,Pinus sylvestris,46.82469,4.92735,1.0,,3.035,France,Mixed,Temperate broadleaf & mixed forests,Europe,France site 8
FRA-0228,FRA-0228-T09,1956,,0,29.8,Juniperus thurifera,46.82469,4.92735,1.0,,0.637,France,Mixed,Temperate broadleaf & mixed forests,Europe,France site 8
FRA-0228,FRA-0228-T09,1966,1956,0,30.3,Juniperus thurifera,46.82469,4.92735,1.0,,0.637,France,Mixed,Temperate broadleaf & mixed forests,Europe,France site 8
FRA-0229,FRA-0229-T01,1990,,1,12.0,Juniperus thurifera,46.78256,-0.05775,0.04,,,France,Deciduous,Temperate broadleaf & mixed forests,Europe,France site 9
FRA-0229,FRA-0229-T02,1990,,0,46.9,Shorea leprosula,46.78256,-0.05775,0.04,,,France,Deciduous,Temperate broadleaf & mixed forests,Europe,France site 9
FRA-0229,FRA-0229-T03,1990,,0,13.7,Betula pendula,46.78256,-0.05775,0.04,,,France,Deciduous,Temperate broadleaf & mixed forests,Europe,France site 9
FRA-0229,FRA-0229-T04,1990,,0,23.9,Milicia excelsa,46.78256,-0.05775,0.04,,,France,Deciduous,Temperate broadleaf & mixed forests,Europe,France site 9
FRA-0229,FRA-0229-T05,1990,,0,25.2,Fagus sylvatica,46.78256,-0.05775,0.04,,,France,Deciduous,Temperate broadleaf & mixed forests,Europe,France site 9
FRA-0229,FRA-0229-T06,1990,,0,8.2,Betula pendula,46.78256,-0.05775,0.04,,,France,Deciduous,Temperate broadleaf & mixed forests,Europe,France site 9
FRA-0229,FRA-0229-T07,1990,,0,53.6,Betula pendula,46.78256,-0.05775,0.04,,,France,Deciduous,Temperate broadleaf & mixed forests,Europe,France site 9
FRA-0229,FRA-0229-T08,1990,,1,46.4,Quercus robur,46.78256,-0.05775,0.04,,,France,Deciduous,Temperate broadleaf & mixed forests,Europe,France site 9
FRA-0229,FRA-0229-T09,1990,,0,11.4,Fagus sylvatica,46.78256,-0.05775,0.04,,,France,Deciduous,Temperate broadleaf & mixed forests,Europe,France site 9
FRA-0230,FRA-0230-T01,1992,,0,30.1,Eperua falcata,49.22509,0.20623,0.1,36.5,,France,Mixed,Temperate broadleaf & mixed forests,Europe,France site 10
FRA-0230,FRA-0230-T02,1992,,0,52.7,Tsuga canadensis,49.22509,0.20623,0.1,16.4,,France,Mixed,Temperate broadleaf & mixed forests,Europe,France site 10
FRA-0230,FRA-0230-T03,1992,,0,35.2,Acer saccharum,49.22509,0.20623,0.1,35.6,,France,Mixed,Temperate broadleaf & mixed forests,Europe,France site 10
FRA-0230,FRA-0230-T04,1992,,0,8.3,Shorea leprosula,49.22509,0.20623,0.1,10.7,,France,Mixed,Temperate broadleaf & mixed forests,Europe,France site 10
FRA-0230,FRA-0230-T05,1992,,0,17.9,Eucalyptus camaldulensis,49.22509,0.20623,0.1,28.7,,France,Mixed,Temperate broadleaf & mixed forests,Europe,France site 10
FRA-0230,FRA-0230-T06,1992,,0,12.9,Populus tremula,49.22509,0.20623,0.1,37.8,,France,Mixed,Temperate broadleaf & mixed forests,Europe,France site 10
FRA-0230,FRA-0230-T07,1992,,0,57.9,Nothofagus pumilio,49.22509,0.20623,0.1,31.8,,France,Mixed,Temperate broadleaf & mixed forests,Europe,France site 10
FRA-0230,FRA-0230-T08,1992,,0,11.6,Avicennia germinans,49.22509,0.20623,0.1,31.6,,France,Mixed,Temperate broadleaf & mixed forests,Europe,France site 10
FRA-0230,FRA-0230-T09,1992,,0,45.7,Khaya ivorensis,49.22509,0.20623,0.1,36.5,,France,Mixed,Temperate broadleaf & mixed forests,Europe,France site 10
FRA-0230,FRA-0230-T10,1992,,0,28.1,Juniperus thurifera,49.22509,0.20623,0.1,8.0,,France,Mixed,Temperate broadleaf & mixed forests,Europe,France site 10
FRA-0231,FRA-0231-T01,1982,,0,61.0,Picea abies,45.06095,4.07599,0.04,27.7,1.431,France,Mixed,Temperate broadleaf & mixed forests,Europe,France site 11
FRA-0231,FRA-0231-T02,1982,,0,48.2,Fagus sylvatica,45.06095,4.07599,0.04,14.8,3.68,France,Mixed,Temperate broadleaf & mixed forests,Europe,France site 11
FRA-0231,FRA-0231-T03,1982,,0,52.3,Fagus sylvatica,45.06095,4.07599,0.04,12.1,0.216,France,Mixed,Temperate broadleaf & mixed forests,Europe,France site 11
FRA-0231,FRA-0231-T04,1982,,0,40.1,Cecropia obtusa,45.06095,4.07599,0.04,28.4,0.041,France,Mixed,Temperate broadleaf & mixed forests,Europe,France site 11
FRA-0231,FRA-0231-T05,1982,,0,12.7,Khaya ivorensis,45.06095,4.07599,0.04,23.1,3.538,France,Mixed,Temperate broadleaf & mixed forests,Europe,France site 11
FRA-0231,FRA-0231-T06,1982,,0,45.8,Eperua falcata,45.06095,4.07599,0.04,14.8,2.913,France,Mixed,Temperate broadleaf & mixed forests,Europe,France site 11
FRA-0231,FRA-0231-T07,1982,,0,33.3,Eucalyptus camaldulensis,45.06095,4.07599,0.04,25.8,2.587,France,Mixed,Temperate broadleaf & mixed forests,Europe,France site 11
FRA-0231,FRA-0231-T08,1982,,0,26.6,Cecropia obtusa,45.06095,4.07599,0.04,25.9,1.27,France,Mixed,Temperate broadleaf & mixed forests,Europe,France site 11
FRA-0232,FRA-0232-T01,2020,,0,53.2,Cecropia obtusa,49.79197,2.06653,0.04,10.6,,France,Temperate,Temperate broadleaf & mixed forests,Europe,France site 12
FRA-0232,FRA-0232-T02,2020,,0,58.0,Eucalyptus camaldulensis,49.79197,2.06653,0.04,37.3,,France,Temperate,Temperate broadleaf & mixed forests,Europe,France site 12
FRA-0232,FRA-0232-T03,2020,,0,51.8,Dipterocarpus grandiflorus,49.79197,2.06653,0.04,10.5,,France,Temperate,Temperate broadleaf & mixed forests,Europe,France site 12
FRA-0232,FRA-0232-T04,2020,,0,9.9,Pinus sylvestris,49.79197,2.06653,0.04,18.0,,France,Temperate,Temperate broadleaf & mixed forests,Europe,France site 12
FRA-0232,FRA-0232-T05,2020,,0,43.9,Nothofagus pumilio,49.79197,2.06653,0.04,20.1,,France,Temperate,Temperate broadleaf & mixed forests,Europe,France site 12
FRA-0233,FRA-0233-T01,1945,,0,19.5,Dipterocarpus grandiflorus,49.26191,1.49674,0.04,34.4,,France,Mixed,Temperate broadleaf & mixed forests,Europe,France site 13
FRA-0233,FRA-0233-T01,1950,1945,0,19.2,Dipterocarpus grandiflorus,49.26191,1.49674,0.04,34.4,,France,Mixed,Temperate broadleaf & mixed forests,Europe,France site 13
FRA-0233,FRA-0233-T02,1945,,0,26.2,Populus tremula,49.26191,1.49674,0.04,35.6,,France,Mixed,Temperate broadleaf & mixed forests,Europe,France site 13
FRA-0233,FRA-0233-T02,1950,1945,0,27.3,Populus tremula,49.26191,1.49674,0.04,35.6,,France,Mixed,Temperate broadleaf & mixed forests,Europe,France site 13
FRA-0233,FRA-0233-T03,1945,,0,10.1,Cecropia obtusa,49.26191,1.49674,0.04,20.9,,France,Mixed,Temperate broadleaf & mixed forests,Europe,France site 13
FRA-0233,FRA-0233-T03,1950,1945,0,10.6,Cecropia obtusa,49.26191,1.49674,0.04,20.9,,France,Mixed,Temperate broadleaf & mixed forests,Europe,France site 13
FRA-0233,FRA-0233-T04,1945,,0,58.3,Dipterocarpus grandiflorus,49.26191,1.49674,0.04,23.1,,France,Mixed,Temperate broadleaf & mixed forests,Europe,France site 13
FRA-0233,FRA-0233-T04,1950,1945,0,57.2,Dipterocarpus grandiflorus,49.26191,1.49674,0.04,23.1,,France,Mixed,Temperate broadleaf & mixed forests,Europe,France site 13
FRA-0233,FRA-0233-T05,1945,,0,60.3,Khaya ivorensis,49.26191,1.49674,0.04,16.9,,France,Mixed,Temperate broadleaf & mixed forests,Europe,France site 13
FRA-0233,FRA-0233-T05,1950,1945,1,59.8,Khaya ivorensis,49.26191,1.49674,0.04,16.9,,France,Mixed,Temperate broadleaf & mixed forests,Europe,France site 13
FRA-0234,FRA-0234-T01,1955,,0,46.1,Shorea leprosula,49.4083,1.87401,0.1,19.8,,France,Mixed,Temperate broadleaf & mixed forests,Europe,France site 14
FRA-0234,FRA-0234-T01,1960,1955,0,45.6,Shorea leprosula,49.4083,1.87401,0.1,19.8,,France,Mixed,Temperate broadleaf & mixed forests,Europe,France site 14
FRA-0234,FRA-0234-T02,1955,,0,19.1,Acer saccharum,49.4083,1.87401,0.1,13.5,,France,Mixed,Temperate broadleaf & mixed forests,Europe,France site 14
FRA-0234,FRA-0234-T02,1960,1955,0,18.8,Acer saccharum,49.4083,1.87401,0.1,13.5,,France,Mixed,Temperate broadleaf & mixed forests,Europe,France site 14
FRA-0234,FRA-0234-T03,1955,,0,13.8,Eperua falcata,49.4083,1.87401,0.1,22.8,,France,Mixed,Temperate broadleaf & mixed forests,Europe,France site 14
FRA-0234,FRA-0234-T03,1960,1955,0,13.5,Eperua falcata,49.4083,1.87401,0.1,22.8,,France,Mixed,Temperate broadleaf & mixed forests,Europe,France site 14
FRA-0234,FRA-0234-T04,1955,,0,13.4,Populus tremula,49.4083,1.87401,0.1,10.5,,France,Mixed,Temperate broadleaf & mixed forests,Europe,France site 14
FRA-0234,FRA-0234-T04,1960,1955,0,13.5,Populus tremula,49.4083,1.87401,0.1,10.5,,France,Mixed,Temperate broadleaf & mixed forests,Europe,France site 14
FRA-0234,FRA-0234-T05,1955,,0,9.0,Milicia excelsa,49.4083,1.87401,0.1,17.9,,France,Mixed,Temperate broadleaf & mixed forests,Europe,France site 14
FRA-0234,FRA-0234-T05,1960,1955,1,8.4,Milicia excelsa,49.4083,1.87401,0.1,17.9,,France,Mixed,Temperate broadleaf & mixed forests,Europe,France site 14
FRA-0234,FRA-0234-T06,1955,,0,17.1,Acer saccharum,49.4083,1.87401,0.1,8.7,,France,Mixed,Temperate broadleaf & mixed forests,Europe,France site 14
FRA-0234,FRA-0234-T06,1960,1955,0,16.8,Acer saccharum,49.4083,1.87401,0.1,8.7,,France,Mixed,Temperate broadleaf & mixed forests,Europe,France site 14
FRA-0234,FRA-0234-T07,1955,,0,45.7,Shorea leprosula,49.4083,1.87401,0.1,10.5,,France,Mixed,Temperate broadleaf & mixed forests,Europe,France site 14
FRA-0234,FRA-0234-T07,1960,1955,0,45.7,Shorea leprosula,49.4083,1.87401,0.1,10.5,,France,Mixed,Temperate broadleaf & mixed forests,Europe,France site 14
FRA-0234,FRA-0234-T08,1955,,0,56.7,Rhizophora mangle,49.4083,1.87401,0.1,31.5,,France,Mixed,Temperate broadleaf & mixed forests,Europe,France site 14
FRA-0234,FRA-0234-T08,1960,1955,1,57.4,Rhizophora mangle,49.4083,1.87401,0.1,31.5,,France,Mixed,Temperate broadleaf & mixed forests,Europe,France site 14
FRA-0234,FRA-0234-T09,1955,,1,49.0,Cecropia obtusa,49.4083,1.87401,0.1,29.0,,France,Mixed,Temperate broadleaf & mixed forests,Europe,France site 14
FRA-0234,FRA-0234-T09,1960,1955,0,48.9,Cecropia obtusa,49.4083,1.87401,0.1,29.0,,France,Mixed,Temperate broadleaf & mixed forests,Europe,France site 14
FRA-0234,FRA-0234-T10,1955,,0,57.0,Acer saccharum,49.4083,1.87401,0.1,18.4,,France,Mixed,Temperate broadleaf & mixed forests,Europe,France site 14
FRA-0234,FRA-0234-T10,1960,1955,0,56.7,Acer saccharum,49.4083,1.87401,0.1,18.4,,France,Mixed,Temperate broadleaf & mixed forests,Europe,France site 14
FRA-0234,FRA-0234-T11,1955,,1,26.3,Quercus ilex,49.4083,1.87401,0.1,21.1,,France,Mixed,Temperate broadleaf & mixed forests,Europe,France site 14
FRA-0234,FRA-0234-T11,1960,1955,0,25.0,Quercus ilex,49.4083,1.87401,0.1,21.1,,France,Mixed,Temperate broadleaf & mixed forests,Europe,France site 14
FRA-0235,FRA-0235-T01,1985,,0,33.0,Betula pendula,48.75276,2.00154,0.25,,,France,Temperate,Temperate broadleaf & mixed forests,Europe,France site 15
FRA-0235,FRA-0235-T02,1985,,0,46.2,Ocotea aciphylla,48.75276,2.00154,0.25,,,France,Temperate,Temperate broadleaf & mixed forests,Europe,France site 15
FRA-0235,FRA-0235-T03,1985,,0,42.8,Ocotea aciphylla,48.75276,2.00154,0.25,,,France,Temperate,Temperate broadleaf & mixed forests,Europe,France site 15
FRA-0235,FRA-0235-T04,1985,,0,48.6,Milicia excelsa,48.75276,2.00154,0.25,,,France,Temperate,Temperate broadleaf & mixed forests,Europe,France site 15
FRA-0235,FRA-0235-T05,1985,,0,61.1,Quercus robur,48.75276,2.00154,0.25,,,France,Temperate,Temperate broadleaf & mixed forests,Europe,France site 15
FRA-0235,FRA-0235-T06,1985,,0,41.6,Milicia excelsa,48.75276,2.00154,0.25,,,France,Temperate,Temperate broadleaf & mixed forests,Europe,France site 15
FRA-0236,FRA-0236-T01,2013,,0,19.0,Quercus robur,47.28369,2.79517,0.1,34.9,,France,Temperate,Temperate broadleaf & mixed forests,Europe,France site 16
FRA-0236,FRA-0236-T02,2013,,0,26.8,Shorea leprosula,47.28369,2.79517,0.1,36.1,,France,Temperate,Temperate broadleaf & mixed forests,Europe,France site 16
FRA-0236,FRA-0236-T03,2013,,0,10.5,Cecropia obtusa,47.28369,2.79517,0.1,26.3,,France,Temperate,Temperate broadleaf & mixed forests,Europe,France site 16
FRA-0236,FRA-0236-T04,2013,,0,11.5,Dipterocarpus grandiflorus,47.28369,2.79517,0.1,24.3,,France,Temperate,Temperate broadleaf & mixed forests,Europe,France site 16
FRA-0236,FRA-0236-T05,2013,,0,59.6,Picea abies,47.28369,2.79517,0.1,37.7,,France,Temperate,Temperate broadleaf & mixed forests,Europe,France site 16
FRA-0236,FRA-0236-T06,2013,,0,41.3,Quercus ilex,47.28369,2.79517,0.1,13.2,,France,Temperate,Temperate broadleaf & mixed forests,Europe,France site 16
FRA-0236,FRA-0236-T07,2013,,0,49.0,Ocotea aciphylla,47.28369,2.79517,0.1,15.3,,France,Temperate,Temperate broadleaf & mixed forests,Europe,France site 16
FRA-0236,FRA-0236-T08,2013,,0,26.4,Juniperus thurifera,47.28369,2.79517,0.1,9.4,,France,Temperate,Temperate broadleaf & mixed forests,Europe,France site 16
FRA-0236,FRA-0236-T09,2013,,0,11.2,Fagus sylvatica,47.28369,2.79517,0.1,36.9,,France,Temperate,Temperate broadleaf & mixed forests,Europe,France site 16
FRA-0236,FRA-0236-T10,2013,,0,8.7,Juniperus thurifera,47.28369,2.79517,0.1,8.6,,France,Temperate,Temperate broadleaf & mixed forests,Europe,France site 16
FRA-0236,FRA-0236-T11,2013,,0,11.2,Nothofagus pumilio,47.28369,2.79517,0.1,24.4,,France,Temperate,Temperate broadleaf & mixed forests,Europe,France site 16
FRA-0237,FRA-0237-T01,1969,,0,10.4,Shorea leprosula,49.39173,3.09268,1.0,28.9,1.103,France,Mixed,Temperate broadleaf & mixed forests,Europe,France site 17
FRA-0237,FRA-0237-T02,1969,,0,45.5,Shorea leprosula,49.39173,3.09268,1.0,11.8,4.006,France,Mixed,Temperate broadleaf & mixed forests,Europe,France site 17
FRA-0237,FRA-0237-T03,1969,,0,38.8,Tsuga canadensis,49.39173,3.09268,1.0,16.7,2.623,France,Mixed,Temperate broadleaf & mixed forests,Europe,France site 17
FRA-0237,FRA-0237-T04,1969,,0,54.5,Ocotea aciphylla,49.39173,3.09268,1.0,8.6,1.779,France,Mixed,Temperate broadleaf & mixed forests,Europe,France site 17
FRA-0237,FRA-0237-T05,1969,,0,26.0,Acer saccharum,49.39173,3.09268,1.0,8.2,0.74,France,Mixed,Temperate broadleaf & mixed forests,Europe,France site 17
FRA-0237,FRA-0237-T06,1969,,0,11.9,Quercus robur,49.39173,3.09268,1.0,14.4,1.72,France,Mixed,Temperate broadleaf & mixed forests,Europe,France site 17
FRA-0237,FRA-0237-T07,1969,,0,17.9,Inga edulis,49.39173,3.09268,1.0,11.2,2.427,France,Mixed,Temperate broadleaf & mixed forests,Europe,France site 17
FRA-0237,FRA-0237-T08,1969,,0,41.9,Fagus sylvatica,49.39173,3.09268,1.0,27.8,2.586,France,Mixed,Temperate broadleaf & mixed forests,Europe,France site 17
FRA-0238,FRA-0238-T01,2018,,1,25.9,Dipterocarpus grandiflorus,44.23643,2.97084,0.1,10.9,,France,Deciduous,Temperate broadleaf & mixed forests,Europe,France site 18
FRA-0238,FRA-0238-T01,2022,2018,0,25.4,Dipterocarpus grandiflorus,44.23643,2.97084,0.1,10.9,,France,Deciduous,Temperate broadleaf & mixed forests,Europe,France site 18
FRA-0238,FRA-0238-T02,2018,,0,53.3,Cecropia obtusa,44.23643,2.97084,0.1,9.4,,France,Deciduous,Temperate broadleaf & mixed forests,Europe,France site 18
FRA-0238,FRA-0238-T02,2022,2018,0,53.6,Cecropia obtusa,44.23643,2.97084,0.1,9.4,,France,Deciduous,Temperate broadleaf & mixed forests,Europe,France site 18
FRA-0238,FRA-0238-T03,2018,,0,35.6,Cecropia obtusa,44.23643,2.97084,0.1,15.3,,France,Deciduous,Temperate broadleaf & mixed forests,Europe,France site 18
FRA-0238,FRA-0238-T03,2022,2018,0,34.2,Cecropia obtusa,44.23643,2.97084,0.1,15.3,,France,Deciduous,Temperate broadleaf & mixed forests,Europe,France site 18
FRA-0238,FRA-0238-T04,2018,,1,50.9,Populus tremula,44.23643,2.97084,0.1,26.5,,France,Deciduous,Temperate broadleaf & mixed forests,Europe,France site 18
FRA-0238,FRA-0238-T04,2022,2018,0,49.9,Populus tremula,44.23643,2.97084,0.1,26.5,,France,Deciduous,Temperate broadleaf & mixed forests,Europe,France site 18
FRA-0238,FRA-0238-T05,2018,,0,26.0,Rhizophora mangle,44.23643,2.97084,0.1,34.3,,France,Deciduous,Temperate broadleaf & mixed forests,Europe,France site 18
FRA-0238,FRA-0238-T05,2022,2018,0,25.4,Rhizophora mangle,44.23643,2.97084,0.1,34.3,,France,Deciduous,Temperate broadleaf & mixed forests,Europe,France site 18
FRA-0238,FRA-0238-T06,2018,,0,54.5,Juniperus thurifera,44.23643,2.97084,0.1,10.6,,France,Deciduous,Temperate broadleaf & mixed forests,Europe,France site 18
FRA-0238,FRA-0238-T06,2022,2018,0,54.1,Juniperus thurifera,44.23643,2.97084,0.1,10.6,,France,Deciduous,Temperate broadleaf & mixed forests,Europe,France site 18
FRA-0239,FRA-0239-T01,1942,,0,59.5,Populus tremula,47.86602,2.65401,0.25,15.2,3.026,France,Deciduous,Temperate broadleaf & mixed forests,Europe,France site 19
FRA-0239,FRA-0239-T02,1942,,0,55.8,Quercus robur,47.86602,2.65401,0.25,12.2,1.678,France,Deciduous,Temperate broadleaf & mixed forests,Europe,France site 19
FRA-0239,FRA-0239-T03,1942,,0,21.8,Pinus sylvestris,47.86602,2.65401,0.25,37.5,4.007,France,Deciduous,Temperate broadleaf & mixed forests,Europe,France site 19
FRA-0239,FRA-0239-T04,1942,,0,8.1,Betula pendula,47.86602,2.65401,0.25,21.3,0.427,France,Deciduous,Temperate broadleaf & mixed forests,Europe,France site 19
FRA-0239,FRA-0239-T05,1942,,0,20.2,Acer saccharum,47.86602,2.65401,0.25,30.6,0.047,France,Deciduous,Temperate broadleaf & mixed forests,Europe,France site 19
FRA-0240,FRA-0240-T01,1941,,0,42.9,Picea abies,44.83037,4.17759,0.25,26.2,2.978,France,Deciduous,Temperate broadleaf & mixed forests,Europe,France site 20
FRA-0240,FRA-0240-T01,1945,1941,0,42.1,Picea abies,44.83037,4.17759,0.25,26.2,2.978,France,Deciduous,Temperate broadleaf & mixed forests,Europe,France site 20
FRA-0240,FRA-0240-T02,1941,,0,57.1,Juniperus thurifera,44.83037,4.17759,0.25,29.7,3.095,France,Deciduous,Temperate broadleaf & mixed forests,Europe,France site 20
FRA-0240,FRA-0240-T02,1945,1941,0,57.5,Juniperus thurifera,44.83037,4.17759,0.25,29.7,3.095,France,Deciduous,Temperate broadleaf & mixed forests,Europe,France site 20
FRA-0240,FRA-0240-T03,1941,,0,36.9,Tsuga canadensis,44.83037,4.17759,0.25,18.0,2.487,France,Deciduous,Temperate broadleaf & mixed forests,Europe,France site 20
FRA-0240,FRA-0240-T03,1945,1941,0,36.3,Tsuga canadensis,44.83037,4.17759,0.25,18.0,2.487,France,Deciduous,Temperate broadleaf & mixed forests,Europe,France site 20
FRA-0240,FRA-0240-T04,1941,,0,17.0,Avicennia germinans,44.83037,4.17759,0.25,28.7,1.73,France,Deciduous,Temperate broadleaf & mixed forests,Europe,France site 20
FRA-0240,FRA-0240-T04,1945,1941,0,16.9,Avicennia germinans,44.83037,4.17759,0.25,28.7,1.73,France,Deciduous,Temperate broadleaf & mixed forests,Europe,France site 20
FRA-0240,FRA-0240-T05,1941,,0,33.9,Populus tremula,44.83037,4.17759,0.25,31.0,3.153,France,Deciduous,Temperate broadleaf & mixed forests,Europe,France site 20
FRA-0240,FRA-0240-T05,1945,1941,0,35.2,Populus tremula,44.83037,4.17759,0.25,31.0,3.153,France,Deciduous,Temperate broadleaf & mixed forests,Europe,France site 20
FRA-0240,FRA-0240-T06,1941,,0,35.5,Betula pendula,44.83037,4.17759,0.25,25.5,4.048,France,Deciduous,Temperate broadleaf & mixed forests,Europe,France site 20
FRA-0240,FRA-0240-T06,1945,1941,0,36.4,Betula pendula,44.83037,4.17759,0.25,25.5,4.048,France,Deciduous,Temperate broadleaf & mixed forests,Europe,France site 20
FRA-0240,FRA-0240-T07,1941,,0,43.5,Fagus sylvatica,44.83037,4.17759,0.25,37.9,0.639,France,Deciduous,Temperate broadleaf & mixed forests,Europe,France site 20
FRA-0240,FRA-0240-T07,1945,1941,0,42.6,Fagus sylvatica,44.83037,4.17759,0.25,37.9,0.639,France,Deciduous,Temperate broadleaf & mixed forests,Europe,France site 20
FRA-0240,FRA-0240-T08,1941,,0,41.2,Tsuga canadensis,44.83037,4.17759,0.25,24.1,2.821,France,Deciduous,Temperate broadleaf & mixed forests,Europe,France site 20
FRA-0240,FRA-0240-T08,1945,1941,0,41.7,Tsuga canadensis,44.83037,4.17759,0.25,24.1,2.821,France,Deciduous,Temperate broadleaf & mixed forests,Europe,France site 20
FRA-0240,FRA-0240-T09,1941,,0,12.8,Shorea leprosula,44.83037,4.17759,0.25,16.4,4.444,France,Deciduous,Temperate broadleaf & mixed forests,Europe,France site 20
FRA-0240,FRA-0240-T09,1945,1941,0,12.9,Shorea leprosula,44.83037,4.17759,0.25,16.4,4.444,France,Deciduous,Temperate broadleaf & mixed forests,Europe,France site 20
FRA-0240,FRA-0240-T10,1941,,0,11.6,Picea abies,44.83037,4.17759,0.25,37.2,4.305,France,Deciduous,Temperate broadleaf & mixed forests,Europe,France site 20
FRA-0240,FRA-0240-T10,1945,1941,0,11.5,Picea abies,44.83037,4.17759,0.25,37.2,4.305,France,Deciduous,Temperate broadleaf & mixed forests,Europe,France site 20
FRA-0241,FRA-0241-T01,2012,,0,47.7,Khaya ivorensis,47.89308,5.37528,0.04,11.8,,France,Deciduous,Temperate broadleaf & mixed forests,Europe,France site 21
FRA-0241,FRA-0241-T02,2012,,0,23.0,Fagus sylvatica,47.89308,5.37528,0.04,29.4,,France,Deciduous,Temperate broadleaf & mixed forests,Europe,France site 21
FRA-0241,FRA-0241-T03,2012,,0,15.1,Betula pendula,47.89308,5.37528,0.04,21.2,,France,Deciduous,Temperate broadleaf & mixed forests,Europe,France site 21
FRA-0241,FRA-0241-T04,2012,,0,45.6,Betula pendula,47.89308,5.37528,0.04,11.1,,France,Deciduous,Temperate broadleaf & mixed forests,Europe,France site 21
FRA-0241,FRA-0241-T05,2012,,0,10.2,Tsuga canadensis,47.89308,5.37528,0.04,31.3,,France,Deciduous,Temperate broadleaf & mixed forests,Europe,France site 21
FRA-0241,FRA-0241-T06,2012,,0,30.6,Pinus sylvestris,47.89308,5.37528,0.04,34.6,,France,Deciduous,Temperate broadleaf & mixed forests,Europe,France site 21
FRA-0241,FRA-0241-T07,2012,,0,18.6,Inga edulis,47.89308,5.37528,0.04,28.5,,France,Deciduous,Temperate broadleaf & mixed forests,Europe,France site 21
FRA-0241,FRA-0241-T08,2012,,0,46.6,Ocotea aciphylla,47.89308,5.37528,0.04,25.8,,France,Deciduous,Temperate broadleaf & mixed forests,Europe,France site 21
FRA-0241,FRA-0241-T09,2012,,0,32.7,Rhizophora mangle,47.89308,5.37528,0.04,18.7,,France,Deciduous,Temperate broadleaf & mixed forests,Europe,France site 21
FRA-0241,FRA-0241-T10,2012,,0,41.0,Picea abies,47.89308,5.37528,0.04,14.7,,France,Deciduous,Temperate broadleaf & mixed forests,Europe,France site 21
FRA-0242,FRA-0242-T01,2017,,0,16.7,Khaya ivorensis,46.2785,1.86879,0.04,,,France,Mixed,Temperate broadleaf & mixed forests,Europe,France site 22
FRA-0242,FRA-0242-T01,2021,2017,0,17.2,Khaya ivorensis,46.2785,1.86879,0.04,,,France,Mixed,Temperate broadleaf & mixed forests,Europe,France site 22
FRA-0242,FRA-0242-T02,2017,,0,33.4,Pinus sylvestris,46.2785,1.86879,0.04,,,France,Mixed,Temperate broadleaf & mixed forests,Europe,France site 22
FRA-0242,FRA-0242-T02,2021,2017,0,33.6,Pinus sylvestris,46.2785,1.86879,0.04,,,France,Mixed,Temperate broadleaf & mixed forests,Europe,France site 22
FRA-0242,FRA-0242-T03,2017,,0,19.8,Eucalyptus camaldulensis,46.2785,1.86879,0.04,,,France,Mixed,Temperate broadleaf & mixed forests,Europe,France site 22
FRA-0242,FRA-0242-T03,2021,2017,0,20.1,Eucalyptus camaldulensis,46.2785,1.86879,0.04,,,France,Mixed,Temperate broadleaf & mixed forests,Europe,France site 22
FRA-0242,FRA-0242-T04,2017,,0,52.3,Nothofagus pumilio,46.2785,1.86879,0.04,,,France,Mixed,Temperate broadleaf & mixed forests,Europe,France site 22
FRA-0242,FRA-0242-T04,2021,2017,0,51.8,Nothofagus pumilio,46.2785,1.86879,0.04,,,France,Mixed,Temperate broadleaf & mixed forests,Europe,France site 22
FRA-0242,FRA-0242-T05,2017,,0,58.7,Tsuga canadensis,46.2785,1.86879,0.04,,,France,Mixed,Temperate broadleaf & mixed forests,Europe,France site 22
FRA-0242,FRA-0242-T05,2021,2017,0,58.7,Tsuga canadensis,46.2785,1.86879,0.04,,,France,Mixed,Temperate broadleaf & mixed forests,Europe,France site 22
FRA-0242,FRA-0242-T06,2017,,0,60.3,Ocotea aciphylla,46.2785,1.86879,0.04,,,France,Mixed,Temperate broadleaf & mixed forests,Europe,France site 22
FRA-0242,FRA-0242-T06,2021,2017,0,59.2,Ocotea aciphylla,46.2785,1.86879,0.04,,,France,Mixed,Temperate broadleaf & mixed forests,Europe,France site 22
FRA-0242,FRA-0242-T07,2017,,0,28.7,Fagus sylvatica,46.2785,1.86879,0.04,,,France,Mixed,Temperate broadleaf & mixed forests,Europe,France site 22
FRA-0242,FRA-0242-T07,2021,2017,0,27.2,Fagus sylvatica,46.2785,1.86879,0.04,,,France,Mixed,Temperate broadleaf & mixed forests,Europe,France site 22
FRA-0242,FRA-0242-T08,2017,,0,27.6,Inga edulis,46.2785,1.86879,0.04,,,France,Mixed,Temperate broadleaf & mixed forests,Europe,France site 22
FRA-0242,FRA-0242-T08,2021,2017,0,27.8,Inga edulis,46.2785,1.86879,0.04,,,France,Mixed,Temperate broadleaf & mixed forests,Europe,France site 22
FRA-0242,FRA-0242-T09,2017,,0,43.4,Dipterocarpus grandiflorus,46.2785,1.86879,0.04,,,France,Mixed,Temperate broadleaf & mixed forests,Europe,France site 22
FRA-0242,FRA-0242-T09,2021,2017,0,44.1,Dipterocarpus grandiflorus,46.2785,1.86879,0.04,,,France,Mixed,Temperate broadleaf & mixed forests,Europe,France site 22
FRA-0242,FRA-0242-T10,2017,,0,49.6,Quercus ilex,46.2785,1.86879,0.04,,,France,Mixed,Temperate broadleaf & mixed forests,Europe,France site 22
FRA-0242,FRA-0242-T10,2021,2017,0,49.1,Quercus ilex,46.2785,1.86879,0.04,,,France,Mixed,Temperate broadleaf & mixed forests,Europe,France site 22
GER-0243,GER-0243-T01,1983,,0,32.5,Acer saccharum,53.20999,10.67373,1.0,,0.6,Germany,Coniferous,Temperate coniferous forests,Europe,Germany site 1
GER-0243,GER-0243-T01,1988,1983,0,33.5,Acer saccharum,53.20999,10.67373,1.0,,0.6,Germany,Coniferous,Temperate coniferous forests,Europe,Germany site 1
GER-0243,GER-0243-T02,1983,,0,60.3,Dipterocarpus grandiflorus,53.20999,10.67373,1.0,,1.166,Germany,Coniferous,Temperate coniferous forests,Europe,Germany site 1
GER-0243,GER-0243-T02,1988,1983,0,60.5,Dipterocarpus grandiflorus,53.20999,10.67373,1.0,,1.166,Germany,Coniferous,Temperate coniferous forests,Europe,Germany site 1
GER-0243,GER-0243-T03,1983,,0,38.0,Khaya ivorensis,53.20999,10.67373,1.0,,1.456,Germany,Coniferous,Temperate coniferous forests,Europe,Germany site 1
GER-0243,GER-0243-T03,1988,1983,0,38.5,Khaya ivorensis,53.20999,10.67373,1.0,,1.456,Germany,Coniferous,Temperate coniferous forests,Europe,Germany site 1
GER-0243,GER-0243-T04,1983,,0,36.8,Fagus sylvatica,53.20999,10.67373,1.0,,2.229,Germany,Coniferous,Temperate coniferous forests,Europe,Germany site 1
GER-0243,GER-0243-T04,1988,1983,0,36.1,Fagus sylvatica,53.20999,10.67373,1.0,,2.229,Germany,Coniferous,Temperate coniferous forests,Europe,Germany site 1
GER-0243,GER-0243-T05,1983,,0,16.0,Cecropia obtusa,53.20999,10.67373,1.0,,1.096,Germany,Coniferous,Temperate coniferous forests,Europe,Germany site 1
GER-0243,GER-0243-T05,1988,1983,0,14.7,Cecropia obtusa,53.20999,10.67373,1.0,,1.096,Germany,Coniferous,Temperate coniferous forests,Europe,Germany site 1
GER-0243,GER-0243-T06,1983,,0,28.5,Milicia excelsa,53.20999,10.67373,1.0,,1.008,Germany,Coniferous,Temperate coniferous forests,Europe,Germany site 1
GER-0243,GER-0243-T06,1988,1983,0,28.4,Milicia excelsa,53.20999,10.67373,1.0,,1.008,Germany,Coniferous,Temperate coniferous forests,Europe,Germany site 1
GER-0243,GER-0243-T07,1983,,0,59.2,Dipterocarpus grandiflorus,53.20999,10.67373,1.0,,4.384,Germany,Coniferous,Temperate coniferous forests,Europe,Germany site 1
GER-0243,GER-0243-T07,1988,1983,0,58.6,Dipterocarpus grandiflorus,53.20999,10.67373,1.0,,4.384,Germany,Coniferous,Temperate coniferous forests,Europe,Germany site 1
GER-0243,GER-0243-T08,1983,,0,21.3,Populus tremula,53.20999,10.67373,1.0,,4.273,Germany,Coniferous,Temperate coniferous forests,Europe,Germany site 1
GER-0243,GER-0243-T08,1988,1983,0,22.1,Populus tremula,53.20999,10.67373,1.0,,4.273,Germany,Coniferous,Temperate coniferous forests,Europe,Germany site 1
GER-0243,GER-0243-T09,1983,,0,53.8,Ocotea aciphylla,53.20999,10.67373,1.0,,2.39,Germany,Coniferous,Temperate coniferous forests,Europe,Germany site 1
GER-0243,GER-0243-T09,1988,1983,0,54.2,Ocotea aciphylla,53.20999,10.67373,1.0,,2.39,Germany,Coniferous,Temperate coniferous forests,Europe,Germany site 1
GER-0244,GER-0244-T01,2011,,0,57.5,Inga edulis,52.95863,13.24443,1.0,24.9,,Germany,Coniferous,Temperate coniferous forests,Europe,Germany site 2
GER-0244,GER-0244-T01,2021,2011,0,57.6,Inga edulis,52.95863,13.24443,1.0,24.9,,Germany,Coniferous,Temperate coniferous forests,Europe,Germany site 2
GER-0244,GER-0244-T02,2011,,0,47.0,Shorea leprosula,52.95863,13.24443,1.0,36.3,,Germany,Coniferous,Temperate coniferous forests,Europe,Germany site 2
GER-0244,GER-0244-T02,2021,2011,0,46.7,Shorea leprosula,52.95863,13.24443,1.0,36.3,,Germany,Coniferous,Temperate coniferous forests,Europe,Germany site 2
GER-0244,GER-0244-T03,2011,,0,28.0,Cecropia obtusa,52.95863,13.24443,1.0,22.2,,Germany,Coniferous,Temperate coniferous forests,Europe,Germany site 2
GER-0244,GER-0244-T03,2021,2011,0,28.7,Cecropia obtusa,52.95863,13.24443,1.0,22.2,,Germany,Coniferous,Temperate coniferous forests,Europe,Germany site 2
GER-0244,GER-0244-T04,2011,,0,28.6,Eucalyptus camaldulensis,52.95863,13.24443,1.0,32.2,,Germany,Coniferous,Temperate coniferous forests,Europe,Germany site 2
GER-0244,GER-0244-T04,2021,2011,0,27.3,Eucalyptus camaldulensis,52.95863,13.24443,1.0,32.2,,Germany,Coniferous,Temperate coniferous forests,Europe,Germany site 2
GER-0244,GER-0244-T05,2011,,0,28.0,Dipterocarpus grandiflorus,52.95863,13.24443,1.0,24.1,,Germany,Coniferous,Temperate coniferous forests,Europe,Germany site 2
GER-0244,GER-0244-T05,2021,2011,0,28.4,Dipterocarpus grandiflorus,52.95863,13.24443,1.0,24.1,,Germany,Coniferous,Temperate coniferous forests,Europe,Germany site 2
GER-0244,GER-0244-T06,2011,,0,35.4,Dipterocarpus grandiflorus,52.95863,13.24443,1.0,32.4,,Germany,Coniferous,Temperate coniferous forests,Europe,Germany site 2
GER-0244,GER-0244-T06,2021,2011,0,34.9,Dipterocarpus grandiflorus,52.95863,13.24443,1.0,32.4,,Germany,Coniferous,Temperate coniferous forests,Europe,Germany site 2
GER-0244,GER-0244-T07,2011,,0,39.1,Ocotea aciphylla,52.95863,13.24443,1.0,19.9,,Germany,Coniferous,Temperate coniferous forests,Europe,Germany site 2
GER-0244,GER-0244-T07,2021,2011,0,40.0,Ocotea aciphylla,52.95863,13.24443,1.0,19.9,,Germany,Coniferous,Temperate coniferous forests,Europe,Germany site 2
GER-0244,GER-0244-T08,2011,,0,55.0,Rhizophora mangle,52.95863,13.24443,1.0,16.3,,Germany,Coniferous,Temperate coniferous forests,Europe,Germany site 2
GER-0244,GER-0244-T08,2021,2011,0,54.6,Rhizophora mangle,52.95863,13.24443,1.0,16.3,,Germany,Coniferous,Temperate coniferous forests,Europe,Germany site 2
GER-0245,GER-0245-T01,1945,,0,14.6,Inga edulis,51.30297,9.65046,0.1,32.4,0.256,Germany,Coniferous,Temperate coniferous forests,Europe,Germany site 3
GER-0245,GER-0245-T02,1945,,0,43.1,Shorea leprosula,51.30297,9.65046,0.1,25.5,1.13,Germany,Coniferous,Temperate coniferous forests,Europe,Germany site 3
GER-0245,GER-0245-T03,1945,,0,52.1,Cecropia obtusa,51.30297,9.65046,0.1,17.0,1.439,Germany,Coniferous,Temperate coniferous forests,Europe,Germany site 3
GER-0245,GER-0245-T04,1945,,0,32.5,Fagus sylvatica,51.30297,9.65046,0.1,20.4,2.967,Germany,Coniferous,Temperate coniferous forests,Europe,Germany site 3
GER-0245,GER-0245-T05,1945,,0,59.9,Picea abies,51.30297,9.65046,0.1,28.4,0.101,Germany,Coniferous,Temperate coniferous forests,Europe,Germany site 3
GER-0245,GER-0245-T06,1945,,0,47.5,Milicia excelsa,51.30297,9.65046,0.1,22.9,2.398,Germany,Coniferous,Temperate coniferous forests,Europe,Germany site 3
GER-0246,GER-0246-T01,2003,,0,58.3,Betula pendula,51.34279,7.00119,0.04,,,Germany,Coniferous,Temperate coniferous forests,Europe,Germany site 4
GER-0246,GER-0246-T02,2003,,0,32.1,Nothofagus pumilio,51.34279,7.00119,0.04,,,Germany,Coniferous,Temperate coniferous forests,Europe,Germany site 4
GER-0246,GER-0246-T03,2003,,0,23.2,Nothofagus pumilio,51.34279,7.00119,0.04,,,Germany,Coniferous,Temperate coniferous forests,Europe,Germany site 4
GER-0246,GER-0246-T04,2003,,0,52.0,Ocotea aciphylla,51.34279,7.00119,0.04,,,Germany,Coniferous,Temperate coniferous forests,Europe,Germany site 4
GER-0246,GER-0246-T05,2003,,0,31.4,Acer saccharum,51.34279,7.00119,0.04,,,Germany,Coniferous,Temperate coniferous forests,Europe,Germany site 4
GER-0246,GER-0246-T06,2003,,0,22.0,Rhizophora mangle,51.34279,7.00119,0.04,,,Germany,Coniferous,Temperate coniferous forests,Europe,Germany site 4
GER-0247,GER-0247-T01,1960,,0,34.9,Milicia excelsa,49.99184,12.37191,1.0,11.4,,Germany,Mixed,Temperate coniferous forests,Europe,Germany site 5
GER-0247,GER-0247-T02,1960,,0,55.0,Acer saccharum,49.99184,12.37191,1.0,36.0,,Germany,Mixed,Temperate coniferous forests,Europe,Germany site 5
GER-0247,GER-0247-T03,1960,,0,30.2,Eucalyptus camaldulensis,49.99184,12.37191,1.0,18.2,,Germany,Mixed,Temperate coniferous forests,Europe,Germany site 5
GER-0247,GER-0247-T04,1960,,0,20.0,Betula pendula,49.99184,12.37191,1.0,21.3,,Germany,Mixed,Temperate coniferous forests,Europe,Germany site 5
GER-0247,GER-0247-T05,1960,,0,31.2,Juniperus thurifera,49.99184,12.37191,1.0,28.5,,Germany,Mixed,Temperate coniferous forests,Europe,Germany site 5
GER-0247,GER-0247-T06,1960,,0,33.3,Tsuga canadensis,49.99184,12.37191,1.0,11.3,,Germany,Mixed,Temperate coniferous forests,Europe,Germany site 5
GER-0247,GER-0247-T07,1960,,0,52.7,Khaya ivorensis,49.99184,12.37191,1.0,35.8,,Germany,Mixed,Temperate coniferous forests,Europe,Germany site 5
GER-0247,GER-0247-T08,1960,,0,52.0,Ocotea aciphylla,49.99184,12.37191,1.0,32.4,,Germany,Mixed,Temperate coniferous forests,Europe,Germany site 5
GER-0247,GER-0247-T09,1960,,0,9.3,Pinus sylvestris,49.99184,12.37191,1.0,36.1,,Germany,Mixed,Temperate coniferous forests,Europe,Germany site 5
GER-0247,GER-0247-T10,1960,,1,43.5,Eucalyptus camaldulensis,49.99184,12.37191,1.0,9.4,,Germany,Mixed,Temperate coniferous forests,Europe,Germany site 5
GER-0248,GER-0248-T01,1991,,0,54.2,Avicennia germinans,50.24334,7.74426,0.1,13.3,,Germany,Temperate,Temperate coniferous forests,Europe,Germany site 6
GER-0248,GER-0248-T02,1991,,0,18.1,Dipterocarpus grandiflorus,50.24334,7.74426,0.1,21.9,,Germany,Temperate,Temperate coniferous forests,Europe,Germany site 6
GER-0248,GER-0248-T03,1991,,0,14.5,Tsuga canadensis,50.24334,7.74426,0.1,8.8,,Germany,Temperate,Temperate coniferous forests,Europe,Germany site 6
GER-0248,GER-0248-T04,1991,,0,45.4,Juniperus thurifera,50.24334,7.74426,0.1,11.7,,Germany,Temperate,Temperate coniferous forests,Europe,Germany site 6
GER-0248,GER-0248-T05,1991,,0,36.6,Inga edulis,50.24334,7.74426,0.1,26.8,,Germany,Temperate,Temperate coniferous forests,Europe,Germany site 6
GER-0248,GER-0248-T06,1991,,0,57.1,Acer saccharum,50.24334,7.74426,0.1,14.0,,Germany,Temperate,Temperate coniferous forests,Europe,Germany site 6
GER-0249,GER-0249-T01,2006,,0,27.0,Ocotea aciphylla,49.14347,9.36553,0.5,12.6,,Germany,Temperate,Temperate coniferous forests,Europe,Germany site 7
GER-0249,GER-0249-T02,2006,,0,57.0,Acer saccharum,49.14347,9.36553,0.5,8.8,,Germany,Temperate,Temperate coniferous forests,Europe,Germany site 7
GER-0249,GER-0249-T03,2006,,0,47.2,Juniperus thurifera,49.14347,9.36553,0.5,33.7,,Germany,Temperate,Temperate coniferous forests,Europe,Germany site 7
GER-0249,GER-0249-T04,2006,,0,14.9,Ocotea aciphylla,49.14347,9.36553,0.5,19.2,,Germany,Temperate,Temperate coniferous forests,Europe,Germany site 7
GER-0249,GER-0249-T05,2006,,0,44.9,Milicia excelsa,49.14347,9.36553,0.5,35.3,,Germany,Temperate,Temperate coniferous forests,Europe,Germany site 7
GER-0249,GER-0249-T06,2006,,0,42.6,Betula pendula,49.14347,9.36553,0.5,31.1,,Germany,Temperate,Temperate coniferous forests,Europe,Germany site 7
GER-0249,GER-0249-T07,2006,,0,18.3,Quercus ilex,49.14347,9.36553,0.5,23.7,,Germany,Temperate,Temperate coniferous forests,Europe,Germany site 7
GER-0249,GER-0249-T08,2006,,0,23.5,Quercus robur,49.14347,9.36553,0.5,33.6,,Germany,Temperate,Temperate coniferous forests,Europe,Germany site 7
GER-0249,GER-0249-T09,2006,,0,50.2,Populus tremula,49.14347,9.36553,0.5,14.8,,Germany,Temperate,Temperate coniferous forests,Europe,Germany site 7
GER-0250,GER-0250-T01,1949,,0,35.4,Pinus sylvestris,48.29143,13.54716,1.0,37.2,,Germany,Coniferous,Temperate coniferous forests,Europe,Germany site 8
GER-0250,GER-0250-T02,1949,,0,57.0,Pinus sylvestris,48.29143,13.54716,1.0,24.5,,Germany,Coniferous,Temperate coniferous forests,Europe,Germany site 8
GER-0250,GER-0250-T03,1949,,0,18.1,Eucalyptus camaldulensis,48.29143,13.54716,1.0,26.2,,Germany,Coniferous,Temperate coniferous forests,Europe,Germany site 8
GER-0250,GER-0250-T04,1949,,0,49.3,Picea abies,48.29143,13.54716,1.0,32.2,,Germany,Coniferous,Temperate coniferous forests,Europe,Germany site 8
GER-0250,GER-0250-T05,1949,,0,28.6,Tsuga canadensis,48.29143,13.54716,1.0,11.0,,Germany,Coniferous,Temperate coniferous forests,Europe,Germany site 8
GER-0250,GER-0250-T06,1949,,0,29.4,Betula pendula,48.29143,13.54716,1.0,18.6,,Germany,Coniferous,Temperate coniferous forests,Europe,Germany site 8
GER-0250,GER-0250-T07,1949,,0,20.0,Nothofagus pumilio,48.29143,13.54716,1.0,36.9,,Germany,Coniferous,Temperate coniferous forests,Europe,Germany site 8
GER-0250,GER-0250-T08,1949,,0,59.9,Khaya ivorensis,48.29143,13.54716,1.0,29.2,,Germany,Coniferous,Temperate coniferous forests,Europe,Germany site 8
GER-0251,GER-0251-T01,1992,,0,50.9,Milicia excelsa,50.30798,13.85651,0.1,26.9,,Germany,Mixed,Temperate coniferous forests,Europe,Germany site 9
GER-0251,GER-0251-T02,1992,,0,36.8,Shorea leprosula,50.30798,13.85651,0.1,15.7,,Germany,Mixed,Temperate coniferous forests,Europe,Germany site 9
GER-0251,GER-0251-T03,1992,,0,25.5,Tsuga canadensis,50.30798,13.85651,0.1,30.6,,Germany,Mixed,Temperate coniferous forests,Europe,Germany site 9
GER-0251,GER-0251-T04,1992,,0,60.9,Tsuga canadensis,50.30798,13.85651,0.1,36.9,,Germany,Mixed,Temperate coniferous forests,Europe,Germany site 9
GER-0251,GER-0251-T05,1992,,0,15.6,Betula pendula,50.30798,13.85651,0.1,12.8,,Germany,Mixed,Temperate coniferous forests,Europe,Germany site 9
GER-0251,GER-0251-T06,1992,,0,42.3,Quercus robur,50.30798,13.85651,0.1,30.6,,Germany,Mixed,Temperate coniferous forests,Europe,Germany site 9
GER-0251,GER-0251-T07,1992,,0,26.7,Betula pendula,50.30798,13.85651,0.1,37.7,,Germany,Mixed,Temperate coniferous forests,Europe,Germany site 9
GER-0251,GER-0251-T08,1992,,0,16.3,Juniperus thurifera,50.30798,13.85651,0.1,32.5,,Germany,Mixed,Temperate coniferous forests,Europe,Germany site 9
GER-0252,GER-0252-T01,1996,,0,17.6,Acer saccharum,53.61307,11.42808,0.1,36.8,,Germany,Coniferous,Temperate coniferous forests,Europe,Germany site 10
GER-0252,GER-0252-T02,1996,,0,17.9,Inga edulis,53.61307,11.42808,0.1,34.7,,Germany,Coniferous,Temperate coniferous forests,Europe,Germany site 10
GER-0252,GER-0252-T03,1996,,0,19.4,Eperua falcata,53.61307,11.42808,0.1,27.7,,Germany,Coniferous,Temperate coniferous forests,Europe,Germany site 10
GER-0252,GER-0252-T04,1996,,0,53.0,Populus tremula,53.61307,11.42808,0.1,27.1,,Germany,Coniferous,Temperate coniferous forests,Europe,Germany site 10
GER-0252,GER-0252-T05,1996,,0,11.6,Populus tremula,53.61307,11.42808,0.1,27.4,,Germany,Coniferous,Temperate coniferous forests,Europe,Germany site 10
GER-0252,GER-0252-T06,1996,,0,29.4,Shorea leprosula,53.61307,11.42808,0.1,31.8,,Germany,Coniferous,Temperate coniferous forests,Europe,Germany site 10
GER-0252,GER-0252-T07,1996,,0,8.3,Populus tremula,53.61307,11.42808,0.1,28.1,,Germany,Coniferous,Temperate coniferous forests,Europe,Germany site 10
GER-0252,GER-0252-T08,1996,,0,59.3,Nothofagus pumilio,53.61307,11.42808,0.1,31.2,,Germany,Coniferous,Temperate coniferous forests,Europe,Germany site 10
GER-0252,GER-0252-T09,1996,,0,16.0,Eperua falcata,53.61307,11.42808,0.1,34.7,,Germany,Coniferous,Temperate coniferous forests,Europe,Germany site 10
GER-0252,GER-0252-T10,1996,,0,17.4,Inga edulis,53.61307,11.42808,0.1,27.8,,Germany,Coniferous,Temperate coniferous forests,Europe,Germany site 10
GER-0253,GER-0253-T01,1997,,0,29.6,Milicia excelsa,52.56465,10.93596,1.0,25.1,,Germany,Mixed,Temperate coniferous forests,Europe,Germany site 11
GER-0253,GER-0253-T02,1997,,0,27.7,Milicia excelsa,52.56465,10.93596,1.0,9.9,,Germany,Mixed,Temperate coniferous forests,Europe,Germany site 11
GER-0253,GER-0253-T03,1997,,0,10.4,Avicennia germinans,52.56465,10.93596,1.0,17.6,,Germany,Mixed,Temperate coniferous forests,Europe,Germany site 11
GER-0253,GER-0253-T04,1997,,0,58.6,Acer saccharum,52.56465,10.93596,1.0,27.8,,Germany,Mixed,Temperate coniferous forests,Europe,Germany site 11
GER-0253,GER-0253-T05,1997,,0,60.8,Cecropia obtusa,52.56465,10.93596,1.0,16.0,,Germany,Mixed,Temperate coniferous forests,Europe,Germany site 11
GER-0253,GER-0253-T06,1997,,1,26.5,Milicia excelsa,52.56465,10.93596,1.0,20.8,,Germany,Mixed,Temperate coniferous forests,Europe,Germany site 11
GER-0253,GER-0253-T07,1997,,0,12.9,Milicia excelsa,52.56465,10.93596,1.0,29.6,,Germany,Mixed,Temperate coniferous forests,Europe,Germany site 11
GER-0254,GER-0254-T01,1936,,0,32.3,Eperua falcata,48.87196,11.69178,0.1,22.9,,Germany,Coniferous,Temperate coniferous forests,Europe,Germany site 12
GER-0254,GER-0254-T01,1946,1936,0,33.3,Eperua falcata,48.87196,11.69178,0.1,22.9,,Germany,Coniferous,Temperate coniferous forests,Europe,Germany site 12
GER-0254,GER-0254-T02,1936,,0,21.7,Quercus robur,48.87196,11.69178,0.1,21.0,,Germany,Coniferous,Temperate coniferous forests,Europe,Germany site 12
GER-0254,GER-0254-T02,1946,1936,0,22.5,Quercus robur,48.87196,11.69178,0.1,21.0,,Germany,Coniferous,Temperate coniferous forests,Europe,Germany site 12
GER-0254,GER-0254-T03,1936,,0,15.3,Picea abies,48.87196,11.69178,0.1,27.8,,Germany,Coniferous,Temperate coniferous forests,Europe,Germany site 12
GER-0254,GER-0254-T03,1946,1936,0,15.4,Picea abies,48.87196,11.69178,0.1,27.8,,Germany,Coniferous,Temperate coniferous forests,Europe,Germany site 12
GER-0254,GER-0254-T04,1936,,0,56.9,Cecropia obtusa,48.87196,11.69178,0.1,26.6,,Germany,Coniferous,Temperate coniferous forests,Europe,Germany site 12
GER-0254,GER-0254-T04,1946,1936,1,56.6,Cecropia obtusa,48.87196,11.69178,0.1,26.6,,Germany,Coniferous,Temperate coniferous forests,Europe,Germany site 12
GER-0254,GER-0254-T05,1936,,0,33.6,Eucalyptus camaldulensis,48.87196,11.69178,0.1,10.2,,Germany,Coniferous,Temperate coniferous forests,Europe,Germany site 12
GER-0254,GER-0254-T05,1946,1936,0,32.4,Eucalyptus camaldulensis,48.87196,11.69178,0.1,10.2,,Germany,Coniferous,Temperate coniferous forests,Europe,Germany site 12
GER-0254,GER-0254-T06,1936,,0,15.1,Acer saccharum,48.87196,11.69178,0.1,27.6,,Germany,Coniferous,Temperate coniferous forests,Europe,Germany site 12
GER-0254,GER-0254-T06,1946,1936,0,16.4,Acer saccharum,48.87196,11.69178,0.1,27.6,,Germany,Coniferous,Temperate coniferous forests,Europe,Germany site 12
GER-0255,GER-0255-T01,1948,,0,41.6,Nothofagus pumilio,52.05316,10.93319,0.1,,,Germany,Temperate,Temperate coniferous forests,Europe,Germany site 13
GER-0255,GER-0255-T02,1948,,0,27.0,Cecropia obtusa,52.05316,10.93319,0.1,,,Germany,Temperate,Temperate coniferous forests,Europe,Germany site 13
GER-0255,GER-0255-T03,1948,,0,58.8,Tsuga canadensis,52.05316,10.93319,0.1,,,Germany,Temperate,Temperate coniferous forests,Europe,Germany site 13
GER-0255,GER-0255-T04,1948,,0,19.0,Dipterocarpus grandiflorus,52.05316,10.93319,0.1,,,Germany,Temperate,Temperate coniferous forests,Europe,Germany site 13
GER-0255,GER-0255-T05,1948,,0,49.6,Khaya ivorensis,52.05316,10.93319,0.1,,,Germany,Temperate,Temperate coniferous forests,Europe,Germany site 13
GER-0255,GER-0255-T06,1948,,0,9.7,Tsuga canadensis,52.05316,10.93319,0.1,,,Germany,Temperate,Temperate coniferous forests,Europe,Germany site 13
GER-0255,GER-0255-T07,1948,,0,42.4,Juniperus thurifera,52.05316,10.93319,0.1,,,Germany,Temperate,Temperate coniferous forests,Europe,Germany site 13
GER-0255,GER-0255-T08,1948,,0,15.8,Picea abies,52.05316,10.93319,0.1,,,Germany,Temperate,Temperate coniferous forests,Europe,Germany site 13
GER-0255,GER-0255-T09,1948,,0,11.7,Juniperus thurifera,52.05316,10.93319,0.1,,,Germany,Temperate,Temperate coniferous forests,Europe,Germany site 13
GER-0256,GER-0256-T01,2012,,0,34.3,Ocotea aciphylla,53.85494,9.18858,1.0,19.3,,Germany,Coniferous,Temperate coniferous forests,Europe,Germany site 14
GER-0256,GER-0256-T02,2012,,0,42.6,Juniperus thurifera,53.85494,9.18858,1.0,32.0,,Germany,Coniferous,Temperate coniferous forests,Europe,Germany site 14
GER-0256,GER-0256-T03,2012,,0,46.4,Quercus robur,53.85494,9.18858,1.0,8.0,,Germany,Coniferous,Temperate coniferous forests,Europe,Germany site 14
GER-0256,GER-0256-T04,2012,,0,33.1,Nothofagus pumilio,53.85494,9.18858,1.0,17.2,,Germany,Coniferous,Temperate coniferous forests,Europe,Germany site 14
GER-0256,GER-0256-T05,2012,,0,34.8,Cecropia obtusa,53.85494,9.18858,1.0,16.9,,Germany,Coniferous,Temperate coniferous forests,Europe,Germany site 14
GER-0256,GER-0256-T06,2012,,0,57.9,Rhizophora mangle,53.85494,9.18858,1.0,34.5,,Germany,Coniferous,Temperate coniferous forests,Europe,Germany site 14
GER-0256,GER-0256-T07,2012,,0,28.8,Tsuga canadensis,53.85494,9.18858,1.0,18.4,,Germany,Coniferous,Temperate coniferous forests,Europe,Germany site 14
GER-0256,GER-0256-T08,2012,,1,21.9,Fagus sylvatica,53.85494,9.18858,1.0,17.9,,Germany,Coniferous,Temperate coniferous forests,Europe,Germany site 14
GER-0256,GER-0256-T09,2012,,0,27.1,Populus tremula,53.85494,9.18858,1.0,29.0,,Germany,Coniferous,Temperate coniferous forests,Europe,Germany site 14
GER-0256,GER-0256-T10,2012,,0,39.8,Fagus sylvatica,53.85494,9.18858,1.0,19.6,,Germany,Coniferous,Temperate coniferous forests,Europe,Germany site 14
GER-0256,GER-0256-T11,2012,,0,41.3,Cecropia obtusa,53.85494,9.18858,1.0,36.9,,Germany,Coniferous,Temperate coniferous forests,Europe,Germany site 14
GER-0257,GER-0257-T01,1979,,0,38.5,Khaya ivorensis,53.78574,9.05924,0.1,,1.624,Germany,Coniferous,Temperate coniferous forests,Europe,Germany site 15
GER-0257,GER-0257-T02,1979,,0,20.0,Inga edulis,53.78574,9.05924,0.1,,0.942,Germany,Coniferous,Temperate coniferous forests,Europe,Germany site 15
GER-0257,GER-0257-T03,1979,,0,33.2,Juniperus thurifera,53.78574,9.05924,0.1,,0.056,Germany,Coniferous,Temperate coniferous forests,Europe,Germany site 15
GER-0257,GER-0257-T04,1979,,0,16.7,Picea abies,53.78574,9.05924,0.1,,0.742,Germany,Coniferous,Temperate coniferous forests,Europe,Germany site 15
GER-0257,GER-0257-T05,1979,,0,31.0,Tsuga canadensis,53.78574,9.05924,0.1,,1.072,Germany,Coniferous,Temperate coniferous forests,Europe,Germany site 15
GER-0258,GER-0258-T01,1948,,0,57.5,Dipterocarpus grandiflorus,53.07609,7.03952,0.5,26.6,2.527,Germany,Temperate,Temperate coniferous forests,Europe,Germany site 16
GER-0258,GER-0258-T01,1958,1948,0,57.5,Dipterocarpus grandiflorus,53.07609,7.03952,0.5,26.6,2.527,Germany,Temperate,Temperate coniferous forests,Europe,Germany site 16
GER-0258,GER-0258-T02,1948,,0,43.5,Cecropia obtusa,53.07609,7.03952,0.5,15.4,4.376,Germany,Temperate,Temperate coniferous forests,Europe,Germany site 16
GER-0258,GER-0258-T02,1958,1948,0,43.4,Cecropia obtusa,53.07609,7.03952,0.5,15.4,4.376,Germany,Temperate,Temperate coniferous forests,Europe,Germany site 16
GER-0258,GER-0258-T03,1948,,0,24.6,Populus tremula,53.07609,7.03952,0.5,15.7,0.347,Germany,Temperate,Temperate coniferous forests,Europe,Germany site 16
GER-0258,GER-0258-T03,1958,1948,0,24.1,Populus tremula,53.07609,7.03952,0.5,15.7,0.347,Germany,Temperate,Temperate coniferous forests,Europe,Germany site 16
GER-0258,GER-0258-T04,1948,,0,21.2,Juniperus thurifera,53.07609,7.03952,0.5,26.2,3.755,Germany,Temperate,Temperate coniferous forests,Europe,Germany site 16
GER-0258,GER-0258-T04,1958,1948,0,21.6,Juniperus thurifera,53.07609,7.03952,0.5,26.2,3.755,Germany,Temperate,Temperate coniferous forests,Europe,Germany site 16
GER-0258,GER-0258-T05,1948,,0,55.6,Juniperus thurifera,53.07609,7.03952,0.5,34.3,1.202,Germany,Temperate,Temperate coniferous forests,Europe,Germany site 16
GER-0258,GER-0258-T05,1958,1948,0,55.4,Juniperus thurifera,53.07609,7.03952,0.5,34.3,1.202,Germany,Temperate,Temperate coniferous forests,Europe,Germany site 16
GER-0258,GER-0258-T06,1948,,0,20.1,Betula pendula,53.07609,7.03952,0.5,25.8,2.262,Germany,Temperate,Temperate coniferous forests,Europe,Germany site 16
GER-0258,GER-0258-T06,1958,1948,0,19.9,Betula pendula,53.07609,7.03952,0.5,25.8,2.262,Germany,Temperate,Temperate coniferous forests,Europe,Germany site 16
GER-0258,GER-0258-T07,1948,,0,44.1,Juniperus thurifera,53.07609,7.03952,0.5,24.0,3.472,Germany,Temperate,Temperate coniferous forests,Europe,Germany site 16
GER-0258,GER-0258-T07,1958,1948,0,43.0,Juniperus thurifera,53.07609,7.03952,0.5,24.0,3.472,Germany,Temperate,Temperate coniferous forests,Europe,Germany site 16
GER-0259,GER-0259-T01,1994,,0,32.1,Juniperus thurifera,52.24609,10.67777,0.1,9.8,,Germany,Mixed,Temperate coniferous forests,Europe,Germany site 17
GER-0259,GER-0259-T01,1998,1994,0,31.7,Juniperus thurifera,52.24609,10.67777,0.1,9.8,,Germany,Mixed,Temperate coniferous forests,Europe,Germany site 17
GER-0259,GER-0259-T02,1994,,0,56.6,Dipterocarpus grandiflorus,52.24609,10.67777,0.1,23.6,,Germany,Mixed,Temperate coniferous forests,Europe,Germany site 17
GER-0259,GER-0259-T02,1998,1994,0,56.7,Dipterocarpus grandiflorus,52.24609,10.67777,0.1,23.6,,Germany,Mixed,Temperate coniferous forests,Europe,Germany site 17
GER-0259,GER-0259-T03,1994,,0,51.2,Avicennia germinans,52.24609,10.67777,0.1,12.0,,Germany,Mixed,Temperate coniferous forests,Europe,Germany site 17
GER-0259,GER-0259-T03,1998,1994,0,51.0,Avicennia germinans,52.24609,10.67777,0.1,12.0,,Germany,Mixed,Temperate coniferous forests,Europe,Germany site 17
GER-0259,GER-0259-T04,1994,,0,31.4,Juniperus thurifera,52.24609,10.67777,0.1,17.1,,Germany,Mixed,Temperate coniferous forests,Europe,Germany site 17
GER-0259,GER-0259-T04,1998,1994,0,32.0,Juniperus thurifera,52.24609,10.67777,0.1,17.1,,Germany,Mixed,Temperate coniferous forests,Europe,Germany site 17
GER-0259,GER-0259-T05,1994,,0,15.6,Quercus robur,52.24609,10.67777,0.1,30.1,,Germany,Mixed,Temperate coniferous forests,Europe,Germany site 17
GER-0259,GER-0259-T05,1998,1994,0,15.5,Quercus robur,52.24609,10.67777,0.1,30.1,,Germany,Mixed,Temperate coniferous forests,Europe,Germany site 17
GER-0260,GER-0260-T01,1960,,0,54.4,Eperua falcata,51.70968,10.324,1.0,,,Germany,Mixed,Temperate coniferous forests,Europe,Germany site 18
GER-0260,GER-0260-T02,1960,,0,46.2,Eucalyptus camaldulensis,51.70968,10.324,1.0,,,Germany,Mixed,Temperate coniferous forests,Europe,Germany site 18
GER-0260,GER-0260-T03,1960,,0,39.4,Eperua falcata,51.70968,10.324,1.0,,,Germany,Mixed,Temperate coniferous forests,Europe,Germany site 18
GER-0260,GER-0260-T04,1960,,0,60.0,Avicennia germinans,51.70968,10.324,1.0,,,Germany,Mixed,Temperate coniferous forests,Europe,Germany site 18
GER-0260,GER-0260-T05,1960,,0,60.4,Cecropia obtusa,51.70968,10.324,1.0,,,Germany,Mixed,Temperate coniferous forests,Europe,Germany site 18
GER-0260,GER-0260-T06,1960,,0,40.9,Juniperus thurifera,51.70968,10.324,1.0,,,Germany,Mixed,Temperate coniferous forests,Europe,Germany site 18
GER-0260,GER-0260-T07,1960,,0,46.1,Shorea leprosula,51.70968,10.324,1.0,,,Germany,Mixed,Temperate coniferous forests,Europe,Germany site 18
GER-0260,GER-0260-T08,1960,,0,22.0,Tsuga canadensis,51.70968,10.324,1.0,,,Germany,Mixed,Temperate coniferous forests,Europe,Germany site 18
SWE-0261,SWE-0261-T01,1940,,0,12.6,Populus tremula,62.3219,14.26263,1.0,,1.018,Sweden,Boreal,Boreal forests/taiga,Europe,Sweden site 1
SWE-0261,SWE-0261-T02,1940,,0,10.6,Ocotea aciphylla,62.3219,14.26263,1.0,,0.937,Sweden,Boreal,Boreal forests/taiga,Europe,Sweden site 1
SWE-0261,SWE-0261-T03,1940,,0,52.8,Tsuga canadensis,62.3219,14.26263,1.0,,0.726,Sweden,Boreal,Boreal forests/taiga,Europe,Sweden site 1
SWE-0261,SWE-0261-T04,1940,,0,9.8,Betula pendula,62.3219,14.26263,1.0,,1.134,Sweden,Boreal,Boreal forests/taiga,Europe,Sweden site 1
SWE-0261,SWE-0261-T05,1940,,0,17.9,Dipterocarpus grandiflorus,62.3219,14.26263,1.0,,1.841,Sweden,Boreal,Boreal forests/taiga,Europe,Sweden site 1
SWE-0261,SWE-0261-T06,1940,,0,24.3,Quercus robur,62.3219,14.26263,1.0,,2.992,Sweden,Boreal,Boreal forests/taiga,Europe,Sweden site 1
SWE-0261,SWE-0261-T07,1940,,0,35.2,Cecropia obtusa,62.3219,14.26263,1.0,,3.125,Sweden,Boreal,Boreal forests/taiga,Europe,Sweden site 1
SWE-0261,SWE-0261-T08,1940,,1,50.2,Inga edulis,62.3219,14.26263,1.0,,2.44,Sweden,Boreal,Boreal forests/taiga,Europe,Sweden site 1
SWE-0262,SWE-0262-T01,1966,,0,24.9,Khaya ivorensis,64.18655,16.26565,0.04,29.2,,Sweden,Boreal,Boreal forests/taiga,Europe,Sweden site 2
SWE-0262,SWE-0262-T02,1966,,1,28.6,Shorea leprosula,64.18655,16.26565,0.04,25.5,,Sweden,Boreal,Boreal forests/taiga,Europe,Sweden site 2
SWE-0262,SWE-0262-T03,1966,,0,12.8,Khaya ivorensis,64.18655,16.26565,0.04,27.9,,Sweden,Boreal,Boreal forests/taiga,Europe,Sweden site 2
SWE-0262,SWE-0262-T04,1966,,0,11.5,Dipterocarpus grandiflorus,64.18655,16.26565,0.04,15.9,,Sweden,Boreal,Boreal forests/taiga,Europe,Sweden site 2
SWE-0262,SWE-0262-T05,1966,,0,19.2,Dipterocarpus grandiflorus,64.18655,16.26565,0.04,17.6,,Sweden,Boreal,Boreal forests/taiga,Europe,Sweden site 2
SWE-0262,SWE-0262-T06,1966,,0,50.9,Nothofagus pumilio,64.18655,16.26565,0.04,33.0,,Sweden,Boreal,Boreal forests/taiga,Europe,Sweden site 2
SWE-0262,SWE-0262-T07,1966,,0,16.7,Acer saccharum,64.18655,16.26565,0.04,24.8,,Sweden,Boreal,Boreal forests/taiga,Europe,Sweden site 2
SWE-0262,SWE-0262-T08,1966,,0,29.1,Cecropia obtusa,64.18655,16.26565,0.04,13.4,,Sweden,Boreal,Boreal forests/taiga,Europe,Sweden site 2
SWE-0262,SWE-0262-T09,1966,,0,18.7,Acer saccharum,64.18655,16.26565,0.04,12.0,,Sweden,Boreal,Boreal forests/taiga,Europe,Sweden site 2
SWE-0263,SWE-0263-T01,1948,,0,8.5,Populus tremula,59.23004,15.6738,0.25,8.5,1.499,Sweden,Boreal,Boreal forests/taiga,Europe,Sweden site 3
SWE-0263,SWE-0263-T02,1948,,0,19.6,Picea abies,59.23004,15.6738,0.25,34.3,1.049,Sweden,Boreal,Boreal forests/taiga,Europe,Sweden site 3
SWE-0263,SWE-0263-T03,1948,,0,30.0,Shorea leprosula,59.23004,15.6738,0.25,21.2,3.309,Sweden,Boreal,Boreal forests/taiga,Europe,Sweden site 3
SWE-0263,SWE-0263-T04,1948,,0,50.3,Cecropia obtusa,59.23004,15.6738,0.25,19.0,3.675,Sweden,Boreal,Boreal forests/taiga,Europe,Sweden site 3
SWE-0263,SWE-0263-T05,1948,,0,15.7,Cecropia obtusa,59.23004,15.6738,0.25,22.4,2.753,Sweden,Boreal,Boreal forests/taiga,Europe,Sweden site 3
SWE-0263,SWE-0263-T06,1948,,0,21.5,Eperua falcata,59.23004,15.6738,0.25,30.5,0.798,Sweden,Boreal,Boreal forests/taiga,Europe,Sweden site 3
SWE-0263,SWE-0263-T07,1948,,0,11.0,Tsuga canadensis,59.23004,15.6738,0.25,36.2,0.795,Sweden,Boreal,Boreal forests/taiga,Europe,Sweden site 3
SWE-0263,SWE-0263-T08,1948,,0,38.0,Juniperus thurifera,59.23004,15.6738,0.25,15.7,2.205,Sweden,Boreal,Boreal forests/taiga,Europe,Sweden site 3
SWE-0263,SWE-0263-T09,1948,,1,22.6,Tsuga canadensis,59.23004,15.6738,0.25,35.5,3.57,Sweden,Boreal,Boreal forests/taiga,Europe,Sweden site 3
SWE-0264,SWE-0264-T01,2014,,0,32.8,Dipterocarpus grandiflorus,58.13513,17.38639,1.0,36.4,,Sweden,Boreal,Boreal forests/taiga,Europe,Sweden site 4
SWE-0264,SWE-0264-T02,2014,,0,12.9,Quercus robur,58.13513,17.38639,1.0,29.5,,Sweden,Boreal,Boreal forests/taiga,Europe,Sweden site 4
SWE-0264,SWE-0264-T03,2014,,0,51.0,Milicia excelsa,58.13513,17.38639,1.0,16.8,,Sweden,Boreal,Boreal forests/taiga,Europe,Sweden site 4
SWE-0264,SWE-0264-T04,2014,,0,31.7,Fagus sylvatica,58.13513,17.38639,1.0,34.4,,Sweden,Boreal,Boreal forests/taiga,Europe,Sweden site 4
SWE-0264,SWE-0264-T05,2014,,0,43.7,Shorea leprosula,58.13513,17.38639,1.0,24.4,,Sweden,Boreal,Boreal forests/taiga,Europe,Sweden site 4
SWE-0264,SWE-0264-T06,2014,,0,52.9,Picea abies,58.13513,17.38639,1.0,22.3,,Sweden,Boreal,Boreal forests/taiga,Europe,Sweden site 4
SWE-0264,SWE-0264-T07,2014,,0,25.3,Avicennia germinans,58.13513,17.38639,1.0,15.8,,Sweden,Boreal,Boreal forests/taiga,Europe,Sweden site 4
SWE-0264,SWE-0264-T08,2014,,0,58.5,Quercus ilex,58.13513,17.38639,1.0,13.5,,Sweden,Boreal,Boreal forests/taiga,Europe,Sweden site 4
SWE-0264,SWE-0264-T09,2014,,0,27.4,Inga edulis,58.13513,17.38639,1.0,24.2,,Sweden,Boreal,Boreal forests/taiga,Europe,Sweden site 4
SWE-0265,SWE-0265-T01,1996,,0,50.6,Betula pendula,60.41081,12.69204,0.5,22.1,,Sweden,Boreal,Boreal forests/taiga,Europe,Sweden site 5
SWE-0265,SWE-0265-T02,1996,,0,55.1,Eucalyptus camaldulensis,60.41081,12.69204,0.5,9.9,,Sweden,Boreal,Boreal forests/taiga,Europe,Sweden site 5
SWE-0265,SWE-0265-T03,1996,,0,10.2,Quercus ilex,60.41081,12.69204,0.5,36.7,,Sweden,Boreal,Boreal forests/taiga,Europe,Sweden site 5
SWE-0265,SWE-0265-T04,1996,,0,28.8,Eperua falcata,60.41081,12.69204,0.5,30.7,,Sweden,Boreal,Boreal forests/taiga,Europe,Sweden site 5
SWE-0265,SWE-0265-T05,1996,,0,57.4,Shorea leprosula,60.41081,12.69204,0.5,29.7,,Sweden,Boreal,Boreal forests/taiga,Europe,Sweden site 5
SWE-0265,SWE-0265-T06,1996,,0,34.2,Populus tremula,60.41081,12.69204,0.5,26.8,,Sweden,Boreal,Boreal forests/taiga,Europe,Sweden site 5
SWE-0265,SWE-0265-T07,1996,,0,50.9,Pinus sylvestris,60.41081,12.69204,0.5,11.0,,Sweden,Boreal,Boreal forests/taiga,Europe,Sweden site 5
SWE-0265,SWE-0265-T08,1996,,0,14.4,Fagus sylvatica,60.41081,12.69204,0.5,21.7,,Sweden,Boreal,Boreal forests/taiga,Europe,Sweden site 5
SWE-0266,SWE-0266-T01,1984,,0,61.1,Ocotea aciphylla,58.0892,18.99814,0.1,24.6,3.637,Sweden,Coniferous,Boreal forests/taiga,Europe,Sweden site 6
SWE-0266,SWE-0266-T02,1984,,0,44.2,Fagus sylvatica,58.0892,18.99814,0.1,34.7,4.047,Sweden,Coniferous,Boreal forests/taiga,Europe,Sweden site 6
SWE-0266,SWE-0266-T03,1984,,0,54.6,Fagus sylvatica,58.0892,18.99814,0.1,22.5,3.127,Sweden,Coniferous,Boreal forests/taiga,Europe,Sweden site 6
SWE-0266,SWE-0266-T04,1984,,0,40.3,Populus tremula,58.0892,18.99814,0.1,18.6,2.653,Sweden,Coniferous,Boreal forests/taiga,Europe,Sweden site 6
SWE-0266,SWE-0266-T05,1984,,0,45.5,Shorea leprosula,58.0892,18.99814,0.1,13.3,1.446,Sweden,Coniferous,Boreal forests/taiga,Europe,Sweden site 6
SWE-0266,SWE-0266-T06,1984,,0,34.7,Picea abies,58.0892,18.99814,0.1,13.2,0.657,Sweden,Coniferous,Boreal forests/taiga,Europe,Sweden site 6
SWE-0267,SWE-0267-T01,2006,,0,21.5,Shorea leprosula,64.81167,13.13964,0.1,24.7,,Sweden,Coniferous,Boreal forests/taiga,Europe,Sweden site 7
SWE-0267,SWE-0267-T02,2006,,0,27.5,Quercus robur,64.81167,13.13964,0.1,16.7,,Sweden,Coniferous,Boreal forests/taiga,Europe,Sweden site 7
SWE-0267,SWE-0267-T03,2006,,0,17.5,Inga edulis,64.81167,13.13964,0.1,28.4,,Sweden,Coniferous,Boreal forests/taiga,Europe,Sweden site 7
SWE-0267,SWE-0267-T04,2006,,0,39.9,Shorea leprosula,64.81167,13.13964,0.1,27.4,,Sweden,Coniferous,Boreal forests/taiga,Europe,Sweden site 7
SWE-0267,SWE-0267-T05,2006,,1,57.1,Tsuga canadensis,64.81167,13.13964,0.1,30.2,,Sweden,Coniferous,Boreal forests/taiga,Europe,Sweden site 7
SWE-0267,SWE-0267-T06,2006,,0,52.1,Nothofagus pumilio,64.81167,13.13964,0.1,14.1,,Sweden,Coniferous,Boreal forests/taiga,Europe,Sweden site 7
SWE-0267,SWE-0267-T07,2006,,1,31.9,Dipterocarpus grandiflorus,64.81167,13.13964,0.1,35.1,,Sweden,Coniferous,Boreal forests/taiga,Europe,Sweden site 7
SWE-0267,SWE-0267-T08,2006,,0,53.4,Eucalyptus camaldulensis,64.81167,13.13964,0.1,23.0,,Sweden,Coniferous,Boreal forests/taiga,Europe,Sweden site 7
SWE-0268,SWE-0268-T01,1997,,0,22.6,Quercus robur,60.0055,13.57934,1.0,8.6,0.765,Sweden,Boreal,Boreal forests/taiga,Europe,Sweden site 8
SWE-0268,SWE-0268-T02,1997,,0,44.9,Quercus ilex,60.0055,13.57934,1.0,31.0,3.086,Sweden,Boreal,Boreal forests/taiga,Europe,Sweden site 8
SWE-0268,SWE-0268-T03,1997,,0,18.2,Eperua falcata,60.0055,13.57934,1.0,28.5,2.246,Sweden,Boreal,Boreal forests/taiga,Europe,Sweden site 8
SWE-0268,SWE-0268-T04,1997,,0,29.5,Acer saccharum,60.0055,13.57934,1.0,27.0,0.957,Sweden,Boreal,Boreal forests/taiga,Europe,Sweden site 8
SWE-0268,SWE-0268-T05,1997,,0,48.0,Quercus ilex,60.0055,13.57934,1.0,20.4,1.221,Sweden,Boreal,Boreal forests/taiga,Europe,Sweden site 8
SWE-0268,SWE-0268-T06,1997,,0,33.6,Avicennia germinans,60.0055,13.57934,1.0,31.8,0.737,Sweden,Boreal,Boreal forests/taiga,Europe,Sweden site 8
SWE-0268,SWE-0268-T07,1997,,0,8.9,Betula pendula,60.0055,13.57934,1.0,10.4,1.809,Sweden,Boreal,Boreal forests/taiga,Europe,Sweden site 8
SWE-0269,SWE-0269-T01,1995,,0,15.2,Quercus ilex,60.4454,16.67336,1.0,27.6,,Sweden,Boreal,Boreal forests/taiga,Europe,Sweden site 9
SWE-0269,SWE-0269-T02,1995,,0,16.1,Acer saccharum,60.4454,16.67336,1.0,16.6,,Sweden,Boreal,Boreal forests/taiga,Europe,Sweden site 9
SWE-0269,SWE-0269-T03,1995,,0,19.8,Cecropia obtusa,60.4454,16.67336,1.0,12.5,,Sweden,Boreal,Boreal forests/taiga,Europe,Sweden site 9
SWE-0269,SWE-0269-T04,1995,,0,45.9,Milicia excelsa,60.4454,16.67336,1.0,20.1,,Sweden,Boreal,Boreal forests/taiga,Europe,Sweden site 9
SWE-0269,SWE-0269-T05,1995,,0,44.1,Rhizophora mangle,60.4454,16.67336,1.0,32.4,,Sweden,Boreal,Boreal forests/taiga,Europe,Sweden site 9
SWE-0269,SWE-0269-T06,1995,,0,52.6,Acer saccharum,60.4454,16.67336,1.0,29.7,,Sweden,Boreal,Boreal forests/taiga,Europe,Sweden site 9
SWE-0270,SWE-0270-T01,1991,,0,31.3,Fagus sylvatica,61.70279,14.86993,0.25,10.3,2.991,Sweden,Boreal,Boreal forests/taiga,Europe,Sweden site 10
SWE-0270,SWE-0270-T02,1991,,0,42.9,Quercus robur,61.70279,14.86993,0.25,24.5,0.455,Sweden,Boreal,Boreal forests/taiga,Europe,Sweden site 10
SWE-0270,SWE-0270-T03,1991,,1,20.0,Picea abies,61.70279,14.86993,0.25,24.1,3.834,Sweden,Boreal,Boreal forests/taiga,Europe,Sweden site 10
SWE-0270,SWE-0270-T04,1991,,0,36.9,Juniperus thurifera,61.70279,14.86993,0.25,33.5,3.176,Sweden,Boreal,Boreal forests/taiga,Europe,Sweden site 10
SWE-0270,SWE-0270-T05,1991,,0,12.5,Khaya ivorensis,61.70279,14.86993,0.25,33.5,0.443,Sweden,Boreal,Boreal forests/taiga,Europe,Sweden site 10
SWE-0270,SWE-0270-T06,1991,,0,28.1,Pinus sylvestris,61.70279,14.86993,0.25,16.9,2.989,Sweden,Boreal,Boreal forests/taiga,Europe,Sweden site 10
SWE-0271,SWE-0271-T01,1948,,0,37.1,Ocotea aciphylla,65.13684,18.7967,0.04,,,Sweden,Boreal,Boreal forests/taiga,Europe,Sweden site 11
SWE-0271,SWE-0271-T02,1948,,0,30.5,Nothofagus pumilio,65.13684,18.7967,0.04,,,Sweden,Boreal,Boreal forests/taiga,Europe,Sweden site 11
SWE-0271,SWE-0271-T03,1948,,1,24.1,Inga edulis,65.13684,18.7967,0.04,,,Sweden,Boreal,Boreal forests/taiga,Europe,Sweden site 11
SWE-0271,SWE-0271-T04,1948,,0,13.9,Juniperus thurifera,65.13684,18.7967,0.04,,,Sweden,Boreal,Boreal forests/taiga,Europe,Sweden site 11
SWE-0271,SWE-0271-T05,1948,,0,37.0,Nothofagus pumilio,65.13684,18.7967,0.04,,,Sweden,Boreal,Boreal forests/taiga,Europe,Sweden site 11
SWE-0271,SWE-0271-T06,1948,,0,48.5,Dipterocarpus grandiflorus,65.13684,18.7967,0.04,,,Sweden,Boreal,Boreal forests/taiga,Europe,Sweden site 11
SWE-0271,SWE-0271-T07,1948,,0,8.1,Milicia excelsa,65.13684,18.7967,0.04,,,Sweden,Boreal,Boreal forests/taiga,Europe,Sweden site 11
SWE-0271,SWE-0271-T08,1948,,0,38.8,Acer saccharum,65.13684,18.7967,0.04,,,Sweden,Boreal,Boreal forests/taiga,Europe,Sweden site 11
SWE-0271,SWE-0271-T09,1948,,0,31.9,Avicennia germinans,65.13684,18.7967,0.04,,,Sweden,Boreal,Boreal forests/taiga,Europe,Sweden site 11
SWE-0271,SWE-0271-T10,1948,,0,52.9,Populus tremula,65.13684,18.7967,0.04,,,Sweden,Boreal,Boreal forests/taiga,Europe,Sweden site 11
SWE-0272,SWE-0272-T01,1968,,0,42.4,Inga edulis,59.78645,18.17716,0.25,16.5,,Sweden,Coniferous,Boreal forests/taiga,Europe,Sweden site 12
SWE-0272,SWE-0272-T01,1978,1968,0,42.3,Inga edulis,59.78645,18.17716,0.25,16.5,,Sweden,Coniferous,Boreal forests/taiga,Europe,Sweden site 12
SWE-0272,SWE-0272-T02,1968,,0,47.1,Cecropia obtusa,59.78645,18.17716,0.25,14.5,,Sweden,Coniferous,Boreal forests/taiga,Europe,Sweden site 12
SWE-0272,SWE-0272-T02,1978,1968,0,47.0,Cecropia obtusa,59.78645,18.17716,0.25,14.5,,Sweden,Coniferous,Boreal forests/taiga,Europe,Sweden site 12
SWE-0272,SWE-0272-T03,1968,,1,17.7,Betula pendula,59.78645,18.17716,0.25,13.8,,Sweden,Coniferous,Boreal forests/taiga,Europe,Sweden site 12
SWE-0272,SWE-0272-T03,1978,1968,0,16.6,Betula pendula,59.78645,18.17716,0.25,13.8,,Sweden,Coniferous,Boreal forests/taiga,Europe,Sweden site 12
SWE-0272,SWE-0272-T04,1968,,0,36.7,Shorea leprosula,59.78645,18.17716,0.25,31.9,,Sweden,Coniferous,Boreal forests/taiga,Europe,Sweden site 12
SWE-0272,SWE-0272-T04,1978,1968,0,36.8,Shorea leprosula,59.78645,18.17716,0.25,31.9,,Sweden,Coniferous,Boreal forests/taiga,Europe,Sweden site 12
SWE-0272,SWE-0272-T05,1968,,0,49.7,Juniperus thurifera,59.78645,18.17716,0.25,29.0,,Sweden,Coniferous,Boreal forests/taiga,Europe,Sweden site 12
SWE-0272,SWE-0272-T05,1978,1968,0,49.7,Juniperus thurifera,59.78645,18.17716,0.25,29.0,,Sweden,Coniferous,Boreal forests/taiga,Europe,Sweden site 12
SWE-0272,SWE-0272-T06,1968,,0,39.8,Cecropia obtusa,59.78645,18.17716,0.25,25.8,,Sweden,Coniferous,Boreal forests/taiga,Europe,Sweden site 12
SWE-0272,SWE-0272-T06,1978,1968,0,39.6,Cecropia obtusa,59.78645,18.17716,0.25,25.8,,Sweden,Coniferous,Boreal forests/taiga,Europe,Sweden site 12
SWE-0272,SWE-0272-T07,1968,,0,45.7,Eucalyptus camaldulensis,59.78645,18.17716,0.25,11.3,,Sweden,Coniferous,Boreal forests/taiga,Europe,Sweden site 12
SWE-0272,SWE-0272-T07,1978,1968,0,46.8,Eucalyptus camaldulensis,59.78645,18.17716,0.25,11.3,,Sweden,Coniferous,Boreal forests/taiga,Europe,Sweden site 12
SWE-0272,SWE-0272-T08,1968,,0,47.8,Quercus robur,59.78645,18.17716,0.25,30.4,,Sweden,Coniferous,Boreal forests/taiga,Europe,Sweden site 12
SWE-0272,SWE-0272-T08,1978,1968,0,48.1,Quercus robur,59.78645,18.17716,0.25,30.4,,Sweden,Coniferous,Boreal forests/taiga,Europe,Sweden site 12
SWE-0272,SWE-0272-T09,1968,,0,37.1,Acer saccharum,59.78645,18.17716,0.25,13.8,,Sweden,Coniferous,Boreal forests/taiga,Europe,Sweden site 12
SWE-0272,SWE-0272-T09,1978,1968,0,35.6,Acer saccharum,59.78645,18.17716,0.25,13.8,,Sweden,Coniferous,Boreal forests/taiga,Europe,Sweden site 12
SWE-0272,SWE-0272-T10,1968,,0,51.7,Eperua falcata,59.78645,18.17716,0.25,16.1,,Sweden,Coniferous,Boreal forests/taiga,Europe,Sweden site 12
SWE-0272,SWE-0272-T10,1978,1968,1,51.0,Eperua falcata,59.78645,18.17716,0.25,16.1,,Sweden,Coniferous,Boreal forests/taiga,Europe,Sweden site 12
SWE-0272,SWE-0272-T11,1968,,0,37.9,Ocotea aciphylla,59.78645,18.17716,0.25,12.9,,Sweden,Coniferous,Boreal forests/taiga,Europe,Sweden site 12
SWE-0272,SWE-0272-T11,1978,1968,0,36.8,Ocotea aciphylla,59.78645,18.17716,0.25,12.9,,Sweden,Coniferous,Boreal forests/taiga,Europe,Sweden site 12
SWE-0273,SWE-0273-T01,1954,,0,11.4,Quercus ilex,62.5265,18.97756,0.1,,,Sweden,Boreal,Boreal forests/taiga,Europe,Sweden site 13
SWE-0273,SWE-0273-T02,1954,,0,45.7,Nothofagus pumilio,62.5265,18.97756,0.1,,,Sweden,Boreal,Boreal forests/taiga,Europe,Sweden site 13
SWE-0273,SWE-0273-T03,1954,,0,48.8,Rhizophora mangle,62.5265,18.97756,0.1,,,Sweden,Boreal,Boreal forests/taiga,Europe,Sweden site 13
SWE-0273,SWE-0273-T04,1954,,0,17.6,Populus tremula,62.5265,18.97756,0.1,,,Sweden,Boreal,Boreal forests/taiga,Europe,Sweden site 13
SWE-0273,SWE-0273-T05,1954,,0,55.6,Tsuga canadensis,62.5265,18.97756,0.1,,,Sweden,Boreal,Boreal forests/taiga,Europe,Sweden site 13
SWE-0273,SWE-0273-T06,1954,,0,44.4,Inga edulis,62.5265,18.97756,0.1,,,Sweden,Boreal,Boreal forests/taiga,Europe,Sweden site 13
SWE-0273,SWE-0273-T07,1954,,0,19.6,Tsuga canadensis,62.5265,18.97756,0.1,,,Sweden,Boreal,Boreal forests/taiga,Europe,Sweden site 13
SWE-0273,SWE-0273-T08,1954,,0,35.3,Pinus sylvestris,62.5265,18.97756,0.1,,,Sweden,Boreal,Boreal forests/taiga,Europe,Sweden site 13
SWE-0273,SWE-0273-T09,1954,,0,60.0,Khaya ivorensis,62.5265,18.97756,0.1,,,Sweden,Boreal,Boreal forests/taiga,Europe,Sweden site 13
SWE-0273,SWE-0273-T10,1954,,0,17.6,Inga edulis,62.5265,18.97756,0.1,,,Sweden,Boreal,Boreal forests/taiga,Europe,Sweden site 13
SWE-0273,SWE-0273-T11,1954,,0,31.4,Populus tremula,62.5265,18.97756,0.1,,,Sweden,Boreal,Boreal forests/taiga,Europe,Sweden site 13
SWE-0274,SWE-0274-T01,1961,,0,8.0,Picea abies,64.33168,15.10474,0.5,,0.353,Sweden,Boreal,Boreal forests/taiga,Europe,Sweden site 14
SWE-0274,SWE-0274-T02,1961,,0,50.7,Eucalyptus camaldulensis,64.33168,15.10474,0.5,,0.921,Sweden,Boreal,Boreal forests/taiga,Europe,Sweden site 14
SWE-0274,SWE-0274-T03,1961,,0,16.2,Quercus ilex,64.33168,15.10474,0.5,,3.035,Sweden,Boreal,Boreal forests/taiga,Europe,Sweden site 14
SWE-0274,SWE-0274-T04,1961,,0,26.9,Populus tremula,64.33168,15.10474,0.5,,0.857,Sweden,Boreal,Boreal forests/taiga,Europe,Sweden site 14
SWE-0274,SWE-0274-T05,1961,,0,36.5,Pinus sylvestris,64.33168,15.10474,0.5,,1.478,Sweden,Boreal,Boreal forests/taiga,Europe,Sweden site 14
SWE-0274,SWE-0274-T06,1961,,0,29.9,Quercus robur,64.33168,15.10474,0.5,,4.033,Sweden,Boreal,Boreal forests/taiga,Europe,Sweden site 14
SWE-0274,SWE-0274-T07,1961,,0,43.1,Picea abies,64.33168,15.10474,0.5,,1.913,Sweden,Boreal,Boreal forests/taiga,Europe,Sweden site 14
SWE-0274,SWE-0274-T08,1961,,0,52.6,Ocotea aciphylla,64.33168,15.10474,0.5,,0.768,Sweden,Boreal,Boreal forests/taiga,Europe,Sweden site 14
SWE-0274,SWE-0274-T09,1961,,0,36.2,Nothofagus pumilio,64.33168,15.10474,0.5,,3.856,Sweden,Boreal,Boreal forests/taiga,Europe,Sweden site 14
SWE-0274,SWE-0274-T10,1961,,0,49.6,Populus tremula,64.33168,15.10474,0.5,,2.803,Sweden,Boreal,Boreal forests/taiga,Europe,Sweden site 14
SWE-0274,SWE-0274-T11,1961,,0,59.7,Rhizophora mangle,64.33168,15.10474,0.5,,0.543,Sweden,Boreal,Boreal forests/taiga,Europe,Sweden site 14
SWE-0275,SWE-0275-T01,1964,,0,60.4,Ocotea aciphylla,61.02815,16.70143,0.04,20.6,3.842,Sweden,Coniferous,Boreal forests/taiga,Europe,Sweden site 15
SWE-0275,SWE-0275-T01,1968,1964,0,59.8,Ocotea aciphylla,61.02815,16.70143,0.04,20.6,3.842,Sweden,Coniferous,Boreal forests/taiga,Europe,Sweden site 15
SWE-0275,SWE-0275-T02,1964,,0,47.7,Acer saccharum,61.02815,16.70143,0.04,8.5,3.229,Sweden,Coniferous,Boreal forests/taiga,Europe,Sweden site 15
SWE-0275,SWE-0275-T02,1968,1964,0,47.1,Acer saccharum,61.02815,16.70143,0.04,8.5,3.229,Sweden,Coniferous,Boreal forests/taiga,Europe,Sweden site 15
SWE-0275,SWE-0275-T03,1964,,0,36.8,Inga edulis,61.02815,16.70143,0.04,30.9,2.76,Sweden,Coniferous,Boreal forests/taiga,Europe,Sweden site 15
SWE-0275,SWE-0275-T03,1968,1964,0,35.6,Inga edulis,61.02815,16.70143,0.04,30.9,2.76,Sweden,Coniferous,Boreal forests/taiga,Europe,Sweden site 15
SWE-0275,SWE-0275-T04,1964,,0,41.3,Dipterocarpus grandiflorus,61.02815,16.70143,0.04,25.8,4.012,Sweden,Coniferous,Boreal forests/taiga,Europe,Sweden site 15
SWE-0275,SWE-0275-T04,1968,1964,0,41.6,Dipterocarpus grandiflorus,61.02815,16.70143,0.04,25.8,4.012,Sweden,Coniferous,Boreal forests/taiga,Europe,Sweden site 15
SWE-0275,SWE-0275-T05,1964,,0,42.4,Khaya ivorensis,61.02815,16.70143,0.04,30.9,3.327,Sweden,Coniferous,Boreal forests/taiga,Europe,Sweden site 15
SWE-0275,SWE-0275-T05,1968,1964,0,42.3,Khaya ivorensis,61.02815,16.70143,0.04,30.9,3.327,Sweden,Coniferous,Boreal forests/taiga,Europe,Sweden site 15
SWE-0275,SWE-0275-T06,1964,,0,33.7,Khaya ivorensis,61.02815,16.70143,0.04,30.9,1.866,Sweden,Coniferous,Boreal forests/taiga,Europe,Sweden site 15
SWE-0275,SWE-0275-T06,1968,1964,0,32.1,Khaya ivorensis,61.02815,16.70143,0.04,30.9,1.866,Sweden,Coniferous,Boreal forests/taiga,Europe,Sweden site 15
SWE-0275,SWE-0275-T07,1964,,0,29.4,Quercus ilex,61.02815,16.70143,0.04,8.6,0.037,Sweden,Coniferous,Boreal forests/taiga,Europe,Sweden site 15
SWE-0275,SWE-0275-T07,1968,1964,0,29.6,Quercus ilex,61.02815,16.70143,0.04,8.6,0.037,Sweden,Coniferous,Boreal forests/taiga,Europe,Sweden site 15
SWE-0275,SWE-0275-T08,1964,,0,27.0,Nothofagus pumilio,61.02815,16.70143,0.04,26.5,2.578,Sweden,Coniferous,Boreal forests/taiga,Europe,Sweden site 15
SWE-0275,SWE-0275-T08,1968,1964,0,27.6,Nothofagus pumilio,61.02815,16.70143,0.04,26.5,2.578,Sweden,Coniferous,Boreal forests/taiga,Europe,Sweden site 15
SWE-0275,SWE-0275-T09,1964,,0,53.7,Eucalyptus camaldulensis,61.02815,16.70143,0.04,11.4,2.09,Sweden,Coniferous,Boreal forests/taiga,Europe,Sweden site 15
SWE-0275,SWE-0275-T09,1968,1964,0,54.3,Eucalyptus camaldulensis,61.02815,16.70143,0.04,11.4,2.09,Sweden,Coniferous,Boreal forests/taiga,Europe,Sweden site 15
SWE-0275,SWE-0275-T10,1964,,0,47.6,Inga edulis,61.02815,16.70143,0.04,24.1,2.409,Sweden,Coniferous,Boreal forests/taiga,Europe,Sweden site 15
SWE-0275,SWE-0275-T10,1968,1964,1,47.9,Inga edulis,61.02815,16.70143,0.04,24.1,2.409,Sweden,Coniferous,Boreal forests/taiga,Europe,Sweden site 15
SWE-0276,SWE-0276-T01,1999,,0,50.8,Quercus robur,58.61671,17.14782,0.1,13.0,2.887,Sweden,Coniferous,Boreal forests/taiga,Europe,Sweden site 16
SWE-0276,SWE-0276-T01,2004,1999,0,49.8,Quercus robur,58.61671,17.14782,0.1,13.0,2.887,Sweden,Coniferous,Boreal forests/taiga,Europe,Sweden site 16
SWE-0276,SWE-0276-T02,1999,,0,16.9,Fagus sylvatica,58.61671,17.14782,0.1,12.2,2.075,Sweden,Coniferous,Boreal forests/taiga,Europe,Sweden site 16
SWE-0276,SWE-0276-T02,2004,1999,0,17.2,Fagus sylvatica,58.61671,17.14782,0.1,12.2,2.075,Sweden,Coniferous,Boreal forests/taiga,Europe,Sweden site 16
SWE-0276,SWE-0276-T03,1999,,0,17.7,Nothofagus pumilio,58.61671,17.14782,0.1,24.0,1.152,Sweden,Coniferous,Boreal forests/taiga,Europe,Sweden site 16
SWE-0276,SWE-0276-T03,2004,1999,0,16.4,Nothofagus pumilio,58.61671,17.14782,0.1,24.0,1.152,Sweden,Coniferous,Boreal forests/taiga,Europe,Sweden site 16
SWE-0276,SWE-0276-T04,1999,,0,38.0,Juniperus thurifera,58.61671,17.14782,0.1,34.2,3.624,Sweden,Coniferous,Boreal forests/taiga,Europe,Sweden site 16
SWE-0276,SWE-0276-T04,2004,1999,0,38.6,Juniperus thurifera,58.61671,17.14782,0.1,34.2,3.624,Sweden,Coniferous,Boreal forests/taiga,Europe,Sweden site 16
SWE-0276,SWE-0276-T05,1999,,0,40.1,Quercus ilex,58.61671,17.14782,0.1,22.2,3.754,Sweden,Coniferous,Boreal forests/taiga,Europe,Sweden site 16
SWE-0276,SWE-0276-T05,2004,1999,0,40.3,Quercus ilex,58.61671,17.14782,0.1,22.2,3.754,Sweden,Coniferous,Boreal forests/taiga,Europe,Sweden site 16
SWE-0276,SWE-0276-T06,1999,,0,8.8,Populus tremula,58.61671,17.14782,0.1,35.8,2.023,Sweden,Coniferous,Boreal forests/taiga,Europe,Sweden site 16
SWE-0276,SWE-0276-T06,2004,1999,1,8.7,Populus tremula,58.61671,17.14782,0.1,35.8,2.023,Sweden,Coniferous,Boreal forests/taiga,Europe,Sweden site 16
SWE-0276,SWE-0276-T07,1999,,0,46.9,Ocotea aciphylla,58.61671,17.14782,0.1,30.8,1.827,Sweden,Coniferous,Boreal forests/taiga,Europe,Sweden site 16
SWE-0276,SWE-0276-T07,2004,1999,0,46.3,Ocotea aciphylla,58.61671,17.14782,0.1,30.8,1.827,Sweden,Coniferous,Boreal forests/taiga,Europe,Sweden site 16
SWE-0277,SWE-0277-T01,1971,,0,28.9,Ocotea aciphylla,63.17807,15.28719,0.1,10.9,,Sweden,Boreal,Boreal forests/taiga,Europe,Sweden site 17
SWE-0277,SWE-0277-T02,1971,,0,18.3,Juniperus thurifera,63.17807,15.28719,0.1,21.1,,Sweden,Boreal,Boreal forests/taiga,Europe,Sweden site 17
SWE-0277,SWE-0277-T03,1971,,0,31.3,Dipterocarpus grandiflorus,63.17807,15.28719,0.1,25.1,,Sweden,Boreal,Boreal forests/taiga,Europe,Sweden site 17
SWE-0277,SWE-0277-T04,1971,,0,57.4,Avicennia germinans,63.17807,15.28719,0.1,35.4,,Sweden,Boreal,Boreal forests/taiga,Europe,Sweden site 17
SWE-0277,SWE-0277-T05,1971,,0,33.5,Eucalyptus camaldulensis,63.17807,15.28719,0.1,20.4,,Sweden,Boreal,Boreal forests/taiga,Europe,Sweden site 17
SWE-0278,SWE-0278-T01,2005,,0,14.1,Quercus robur,62.50884,12.14896,0.25,,3.381,Sweden,Boreal,Boreal forests/taiga,Europe,Sweden site 18
SWE-0278,SWE-0278-T02,2005,,0,10.6,Picea abies,62.50884,12.14896,0.25,,1.236,Sweden,Boreal,Boreal forests/taiga,Europe,Sweden site 18
SWE-0278,SWE-0278-T03,2005,,1,15.1,Shorea leprosula,62.50884,12.14896,0.25,,2.687,Sweden,Boreal,Boreal forests/taiga,Europe,Sweden site 18
SWE-0278,SWE-0278-T04,2005,,0,22.8,Avicennia germinans,62.50884,12.14896,0.25,,1.556,Sweden,Boreal,Boreal forests/taiga,Europe,Sweden site 18
SWE-0278,SWE-0278-T05,2005,,0,52.2,Inga edulis,62.50884,12.14896,0.25,,1.697,Sweden,Boreal,Boreal forests/taiga,Europe,Sweden site 18
SWE-0279,SWE-0279-T01,1969,,0,15.7,Inga edulis,62.08644,13.34177,0.25,,,Sweden,Boreal,Boreal forests/taiga,Europe,Sweden site 19
SWE-0279,SWE-0279-T02,1969,,0,25.5,Picea abies,62.08644,13.34177,0.25,,,Sweden,Boreal,Boreal forests/taiga,Europe,Sweden site 19
SWE-0279,SWE-0279-T03,1969,,0,31.6,Quercus ilex,62.08644,13.34177,0.25,,,Sweden,Boreal,Boreal forests/taiga,Europe,Sweden site 19
SWE-0279,SWE-0279-T04,1969,,0,58.4,Eperua falcata,62.08644,13.34177,0.25,,,Sweden,Boreal,Boreal forests/taiga,Europe,Sweden site 19
SWE-0279,SWE-0279-T05,1969,,0,58.7,Acer saccharum,62.08644,13.34177,0.25,,,Sweden,Boreal,Boreal forests/taiga,Europe,Sweden site 19
SWE-0280,SWE-0280-T01,2021,,0,25.9,Quercus robur,62.84409,13.41938,1.0,14.5,,Sweden,Boreal,Boreal forests/taiga,Europe,Sweden site 20
SWE-0280,SWE-0280-T02,2021,,0,23.9,Milicia excelsa,62.84409,13.41938,1.0,31.8,,Sweden,Boreal,Boreal forests/taiga,Europe,Sweden site 20
SWE-0280,SWE-0280-T03,2021,,0,33.9,Dipterocarpus grandiflorus,62.84409,13.41938,1.0,19.7,,Sweden,Boreal,Boreal forests/taiga,Europe,Sweden site 20
SWE-0280,SWE-0280-T04,2021,,0,50.4,Milicia excelsa,62.84409,13.41938,1.0,19.2,,Sweden,Boreal,Boreal forests/taiga,Europe,Sweden site 20
SWE-0280,SWE-0280-T05,2021,,0,25.6,Cecropia obtusa,62.84409,13.41938,1.0,10.9,,Sweden,Boreal,Boreal forests/taiga,Europe,Sweden site 20
SWE-0280,SWE-0280-T06,2021,,0,36.9,Populus tremula,62.84409,13.41938,1.0,17.4,,Sweden,Boreal,Boreal forests/taiga,Europe,Sweden site 20
SWE-0280,SWE-0280-T07,2021,,0,60.4,Pinus sylvestris,62.84409,13.41938,1.0,16.6,,Sweden,Boreal,Boreal forests/taiga,Europe,Sweden site 20
SWE-0280,SWE-0280-T08,2021,,0,13.5,Tsuga canadensis,62.84409,13.41938,1.0,29.0,,Sweden,Boreal,Boreal forests/taiga,Europe,Sweden site 20
SWE-0280,SWE-0280-T09,2021,,0,11.0,Quercus ilex,62.84409,13.41938,1.0,30.2,,Sweden,Boreal,Boreal forests/taiga,Europe,Sweden site 20
FIN-0281,FIN-0281-T01,2024,,0,59.1,Acer saccharum,63.59264,22.34751,1.0,35.9,,Finland,Boreal,Boreal forests/taiga,Europe,Finland site 1
FIN-0281,FIN-0281-T02,2024,,0,20.8,Avicennia germinans,63.59264,22.34751,1.0,31.4,,Finland,Boreal,Boreal forests/taiga,Europe,Finland site 1
FIN-0281,FIN-0281-T03,2024,,0,34.7,Rhizophora mangle,63.59264,22.34751,1.0,20.8,,Finland,Boreal,Boreal forests/taiga,Europe,Finland site 1
FIN-0281,FIN-0281-T04,2024,,0,37.5,Khaya ivorensis,63.59264,22.34751,1.0,15.4,,Finland,Boreal,Boreal forests/taiga,Europe,Finland site 1
FIN-0281,FIN-0281-T05,2024,,0,46.5,Eperua falcata,63.59264,22.34751,1.0,17.6,,Finland,Boreal,Boreal forests/taiga,Europe,Finland site 1
FIN-0281,FIN-0281-T06,2024,,0,39.6,Acer saccharum,63.59264,22.34751,1.0,17.2,,Finland,Boreal,Boreal forests/taiga,Europe,Finland site 1
FIN-0281,FIN-0281-T07,2024,,0,15.6,Ocotea aciphylla,63.59264,22.34751,1.0,33.8,,Finland,Boreal,Boreal forests/taiga,Europe,Finland site 1
FIN-0281,FIN-0281-T08,2024,,0,60.8,Picea abies,63.59264,22.34751,1.0,17.8,,Finland,Boreal,Boreal forests/taiga,Europe,Finland site 1
FIN-0281,FIN-0281-T09,2024,,0,32.2,Pinus sylvestris,63.59264,22.34751,1.0,9.6,,Finland,Boreal,Boreal forests/taiga,Europe,Finland site 1
FIN-0281,FIN-0281-T10,2024,,0,54.0,Eucalyptus camaldulensis,63.59264,22.34751,1.0,9.4,,Finland,Boreal,Boreal forests/taiga,Europe,Finland site 1
FIN-0282,FIN-0282-T01,1954,,0,32.2,Shorea leprosula,61.58672,26.78634,1.0,17.2,2.133,Finland,Boreal,Boreal forests/taiga,Europe,Finland site 2
FIN-0282,FIN-0282-T02,1954,,0,19.6,Khaya ivorensis,61.58672,26.78634,1.0,31.2,1.353,Finland,Boreal,Boreal forests/taiga,Europe,Finland site 2
FIN-0282,FIN-0282-T03,1954,,0,14.1,Dipterocarpus grandiflorus,61.58672,26.78634,1.0,31.7,2.086,Finland,Boreal,Boreal forests/taiga,Europe,Finland site 2
FIN-0282,FIN-0282-T04,1954,,0,45.9,Dipterocarpus grandiflorus,61.58672,26.78634,1.0,37.4,2.078,Finland,Boreal,Boreal forests/taiga,Europe,Finland site 2
FIN-0282,FIN-0282-T05,1954,,0,19.0,Quercus ilex,61.58672,26.78634,1.0,18.0,2.208,Finland,Boreal,Boreal forests/taiga,Europe,Finland site 2
FIN-0283,FIN-0283-T01,1950,,0,14.7,Tsuga canadensis,63.21131,24.89816,0.1,14.5,,Finland,Boreal,Boreal forests/taiga,Europe,Finland site 3
FIN-0283,FIN-0283-T02,1950,,0,45.2,Pinus sylvestris,63.21131,24.89816,0.1,15.2,,Finland,Boreal,Boreal forests/taiga,Europe,Finland site 3
FIN-0283,FIN-0283-T03,1950,,1,60.9,Quercus ilex,63.21131,24.89816,0.1,20.8,,Finland,Boreal,Boreal forests/taiga,Europe,Finland site 3
FIN-0283,FIN-0283-T04,1950,,0,35.3,Avicennia germinans,63.21131,24.89816,0.1,34.7,,Finland,Boreal,Boreal forests/taiga,Europe,Finland site 3
FIN-0283,FIN-0283-T05,1950,,0,11.7,Nothofagus pumilio,63.21131,24.89816,0.1,31.8,,Finland,Boreal,Boreal forests/taiga,Europe,Finland site 3
FIN-0283,FIN-0283-T06,1950,,0,18.6,Avicennia germinans,63.21131,24.89816,0.1,16.6,,Finland,Boreal,Boreal forests/taiga,Europe,Finland site 3
FIN-0284,FIN-0284-T01,2008,,0,11.4,Milicia excelsa,64.91366,25.87008,0.25,13.4,,Finland,Coniferous,Boreal forests/taiga,Europe,Finland site 4
FIN-0284,FIN-0284-T01,2013,2008,0,11.3,Milicia excelsa,64.91366,25.87008,0.25,13.4,,Finland,Coniferous,Boreal forests/taiga,Europe,Finland site 4
FIN-0284,FIN-0284-T02,2008,,0,47.4,Eperua falcata,64.91366,25.87008,0.25,22.5,,Finland,Coniferous,Boreal forests/taiga,Europe,Finland site 4
FIN-0284,FIN-0284-T02,2013,2008,0,46.7,Eperua falcata,64.91366,25.87008,0.25,22.5,,Finland,Coniferous,Boreal forests/taiga,Europe,Finland site 4
FIN-0284,FIN-0284-T03,2008,,0,27.2,Picea abies,64.91366,25.87008,0.25,28.6,,Finland,Coniferous,Boreal forests/taiga,Europe,Finland site 4
FIN-0284,FIN-0284-T03,2013,2008,0,27.3,Picea abies,64.91366,25.87008,0.25,28.6,,Finland,Coniferous,Boreal forests/taiga,Europe,Finland site 4
FIN-0284,FIN-0284-T04,2008,,0,31.9,Avicennia germinans,64.91366,25.87008,0.25,19.4,,Finland,Coniferous,Boreal forests/taiga,Europe,Finland site 4
FIN-0284,FIN-0284-T04,2013,2008,0,31.4,Avicennia germinans,64.91366,25.87008,0.25,19.4,,Finland,Coniferous,Boreal forests/taiga,Europe,Finland site 4
FIN-0284,FIN-0284-T05,2008,,0,20.1,Dipterocarpus grandiflorus,64.91366,25.87008,0.25,32.4,,Finland,Coniferous,Boreal forests/taiga,Europe,Finland site 4
FIN-0284,FIN-0284-T05,2013,2008,0,19.4,Dipterocarpus grandiflorus,64.91366,25.87008,0.25,32.4,,Finland,Coniferous,Boreal forests/taiga,Europe,Finland site 4
FIN-0284,FIN-0284-T06,2008,,1,22.1,Cecropia obtusa,64.91366,25.87008,0.25,35.2,,Finland,Coniferous,Boreal forests/taiga,Europe,Finland site 4
FIN-0284,FIN-0284-T06,2013,2008,1,22.0,Cecropia obtusa,64.91366,25.87008,0.25,35.2,,Finland,Coniferous,Boreal forests/taiga,Europe,Finland site 4
FIN-0285,FIN-0285-T01,1996,,0,10.6,Picea abies,65.29818,27.47652,0.04,25.9,,Finland,Boreal,Boreal forests/taiga,Europe,Finland site 5
FIN-0285,FIN-0285-T02,1996,,0,39.2,Populus tremula,65.29818,27.47652,0.04,23.9,,Finland,Boreal,Boreal forests/taiga,Europe,Finland site 5
FIN-0285,FIN-0285-T03,1996,,0,46.3,Milicia excelsa,65.29818,27.47652,0.04,12.9,,Finland,Boreal,Boreal forests/taiga,Europe,Finland site 5
FIN-0285,FIN-0285-T04,1996,,0,40.1,Nothofagus pumilio,65.29818,27.47652,0.04,27.9,,Finland,Boreal,Boreal forests/taiga,Europe,Finland site 5
FIN-0285,FIN-0285-T05,1996,,0,17.2,Dipterocarpus grandiflorus,65.29818,27.47652,0.04,16.8,,Finland,Boreal,Boreal forests/taiga,Europe,Finland site 5
FIN-0286,FIN-0286-T01,1978,,0,41.4,Dipterocarpus grandiflorus,61.26429,25.07461,0.5,36.2,,Finland,Coniferous,Boreal forests/taiga,Europe,Finland site 6
FIN-0286,FIN-0286-T01,1988,1978,0,41.0,Dipterocarpus grandiflorus,61.26429,25.07461,0.5,36.2,,Finland,Coniferous,Boreal forests/taiga,Europe,Finland site 6
FIN-0286,FIN-0286-T02,1978,,0,38.3,Acer saccharum,61.26429,25.07461,0.5,34.3,,Finland,Coniferous,Boreal forests/taiga,Europe,Finland site 6
FIN-0286,FIN-0286-T02,1988,1978,0,37.3,Acer saccharum,61.26429,25.07461,0.5,34.3,,Finland,Coniferous,Boreal forests/taiga,Europe,Finland site 6
FIN-0286,FIN-0286-T03,1978,,0,48.7,Ocotea aciphylla,61.26429,25.07461,0.5,11.8,,Finland,Coniferous,Boreal forests/taiga,Europe,Finland site 6
FIN-0286,FIN-0286-T03,1988,1978,0,49.3,Ocotea aciphylla,61.26429,25.07461,0.5,11.8,,Finland,Coniferous,Boreal forests/taiga,Europe,Finland site 6
FIN-0286,FIN-0286-T04,1978,,0,31.8,Pinus sylvestris,61.26429,25.07461,0.5,25.5,,Finland,Coniferous,Boreal forests/taiga,Europe,Finland site 6
FIN-0286,FIN-0286-T04,1988,1978,0,32.0,Pinus sylvestris,61.26429,25.07461,0.5,25.5,,Finland,Coniferous,Boreal forests/taiga,Europe,Finland site 6
FIN-0286,FIN-0286-T05,1978,,0,52.3,Pinus sylvestris,61.26429,25.07461,0.5,17.0,,Finland,Coniferous,Boreal forests/taiga,Europe,Finland site 6
FIN-0286,FIN-0286-T05,1988,1978,0,52.6,Pinus sylvestris,61.26429,25.07461,0.5,17.0,,Finland,Coniferous,Boreal forests/taiga,Europe,Finland site 6
FIN-0286,FIN-0286-T06,1978,,0,33.0,Pinus sylvestris,61.26429,25.07461,0.5,35.8,,Finland,Coniferous,Boreal forests/taiga,Europe,Finland site 6
FIN-0286,FIN-0286-T06,1988,1978,0,33.5,Pinus sylvestris,61.26429,25.07461,0.5,35.8,,Finland,Coniferous,Boreal forests/taiga,Europe,Finland site 6
FIN-0286,FIN-0286-T07,1978,,0,51.8,Eperua falcata,61.26429,25.07461,0.5,31.7,,Finland,Coniferous,Boreal forests/taiga,Europe,Finland site 6
FIN-0286,FIN-0286-T07,1988,1978,0,52.1,Eperua falcata,61.26429,25.07461,0.5,31.7,,Finland,Coniferous,Boreal forests/taiga,Europe,Finland site 6
FIN-0286,FIN-0286-T08,1978,,0,61.7,Eucalyptus camaldulensis,61.26429,25.07461,0.5,37.5,,Finland,Coniferous,Boreal forests/taiga,Europe,Finland site 6
FIN-0286,FIN-0286-T08,1988,1978,1,61.6,Eucalyptus camaldulensis,61.26429,25.07461,0.5,37.5,,Finland,Coniferous,Boreal forests/taiga,Europe,Finland site 6
FIN-0286,FIN-0286-T09,1978,,0,35.1,Eucalyptus camaldulensis,61.26429,25.07461,0.5,30.6,,Finland,Coniferous,Boreal forests/taiga,Europe,Finland site 6
FIN-0286,FIN-0286-T09,1988,1978,0,34.9,Eucalyptus camaldulensis,61.26429,25.07461,0.5,30.6,,Finland,Coniferous,Boreal forests/taiga,Europe,Finland site 6
FIN-0287,FIN-0287-T01,1946,,0,22.9,Pinus sylvestris,65.1966,26.12651,0.1,35.5,,Finland,Coniferous,Boreal forests/taiga,Europe,Finland site 7
FIN-0287,FIN-0287-T01,1956,1946,0,21.4,Pinus sylvestris,65.1966,26.12651,0.1,35.5,,Finland,Coniferous,Boreal forests/taiga,Europe,Finland site 7
FIN-0287,FIN-0287-T02,1946,,0,57.5,Milicia excelsa,65.1966,26.12651,0.1,37.0,,Finland,Coniferous,Boreal forests/taiga,Europe,Finland site 7
FIN-0287,FIN-0287-T02,1956,1946,0,56.7,Milicia excelsa,65.1966,26.12651,0.1,37.0,,Finland,Coniferous,Boreal forests/taiga,Europe,Finland site 7
FIN-0287,FIN-0287-T03,1946,,0,39.2,Rhizophora mangle,65.1966,26.12651,0.1,19.1,,Finland,Coniferous,Boreal forests/taiga,Europe,Finland site 7
FIN-0287,FIN-0287-T03,1956,1946,0,39.1,Rhizophora mangle,65.1966,26.12651,0.1,19.1,,Finland,Coniferous,Boreal forests/taiga,Europe,Finland site 7
FIN-0287,FIN-0287-T04,1946,,0,52.4,Populus tremula,65.1966,26.12651,0.1,19.2,,Finland,Coniferous,Boreal forests/taiga,Europe,Finland site 7
FIN-0287,FIN-0287-T04,1956,1946,0,52.3,Populus tremula,65.1966,26.12651,0.1,19.2,,Finland,Coniferous,Boreal forests/taiga,Europe,Finland site 7
FIN-0287,FIN-0287-T05,1946,,0,48.7,Quercus robur,65.1966,26.12651,0.1,21.9,,Finland,Coniferous,Boreal forests/taiga,Europe,Finland site 7
FIN-0287,FIN-0287-T05,1956,1946,0,48.4,Quercus robur,65.1966,26.12651,0.1,21.9,,Finland,Coniferous,Boreal forests/taiga,Europe,Finland site 7
FIN-0287,FIN-0287-T06,1946,,0,29.3,Milicia excelsa,65.1966,26.12651,0.1,30.4,,Finland,Coniferous,Boreal forests/taiga,Europe,Finland site 7
FIN-0287,FIN-0287-T06,1956,1946,0,29.5,Milicia excelsa,65.1966,26.12651,0.1,30.4,,Finland,Coniferous,Boreal forests/taiga,Europe,Finland site 7
FIN-0287,FIN-0287-T07,1946,,0,59.8,Populus tremula,65.1966,26.12651,0.1,24.0,,Finland,Coniferous,Boreal forests/taiga,Europe,Finland site 7
FIN-0287,FIN-0287-T07,1956,1946,0,58.6,Populus tremula,65.1966,26.12651,0.1,24.0,,Finland,Coniferous,Boreal forests/taiga,Europe,Finland site 7
FIN-0287,FIN-0287-T08,1946,,0,26.9,Eperua falcata,65.1966,26.12651,0.1,15.3,,Finland,Coniferous,Boreal forests/taiga,Europe,Finland site 7
FIN-0287,FIN-0287-T08,1956,1946,0,26.9,Eperua falcata,65.1966,26.12651,0.1,15.3,,Finland,Coniferous,Boreal forests/taiga,Europe,Finland site 7
FIN-0288,FIN-0288-T01,1971,,1,54.2,Picea abies,66.15848,22.54894,0.04,29.5,,Finland,Coniferous,Boreal forests/taiga,Europe,Finland site 8
FIN-0288,FIN-0288-T02,1971,,0,11.3,Eperua falcata,66.15848,22.54894,0.04,12.1,,Finland,Coniferous,Boreal forests/taiga,Europe,Finland site 8
FIN-0288,FIN-0288-T03,1971,,0,19.2,Rhizophora mangle,66.15848,22.54894,0.04,10.1,,Finland,Coniferous,Boreal forests/taiga,Europe,Finland site 8
FIN-0288,FIN-0288-T04,1971,,0,34.8,Eucalyptus camaldulensis,66.15848,22.54894,0.04,19.4,,Finland,Coniferous,Boreal forests/taiga,Europe,Finland site 8
FIN-0288,FIN-0288-T05,1971,,0,12.3,Rhizophora mangle,66.15848,22.54894,0.04,28.7,,Finland,Coniferous,Boreal forests/taiga,Europe,Finland site 8
FIN-0288,FIN-0288-T06,1971,,0,29.7,Quercus ilex,66.15848,22.54894,0.04,15.4,,Finland,Coniferous,Boreal forests/taiga,Europe,Finland site 8
FIN-0288,FIN-0288-T07,1971,,0,11.3,Quercus ilex,66.15848,22.54894,0.04,8.2,,Finland,Coniferous,Boreal forests/taiga,Europe,Finland site 8
FIN-0288,FIN-0288-T08,1971,,0,60.7,Eperua falcata,66.15848,22.54894,0.04,37.3,,Finland,Coniferous,Boreal forests/taiga,Europe,Finland site 8
FIN-0288,FIN-0288-T09,1971,,0,12.9,Cecropia obtusa,66.15848,22.54894,0.04,27.0,,Finland,Coniferous,Boreal forests/taiga,Europe,Finland site 8
FIN-0289,FIN-0289-T01,2014,,0,12.6,Populus tremula,62.82775,25.25708,0.04,18.0,,Finland,Coniferous,Boreal forests/taiga,Europe,Finland site 9
FIN-0289,FIN-0289-T02,2014,,0,20.9,Inga edulis,62.82775,25.25708,0.04,22.6,,Finland,Coniferous,Boreal forests/taiga,Europe,Finland site 9
FIN-0289,FIN-0289-T03,2014,,0,50.7,Ocotea aciphylla,62.82775,25.25708,0.04,11.5,,Finland,Coniferous,Boreal forests/taiga,Europe,Finland site 9
FIN-0289,FIN-0289-T04,2014,,1,29.2,Populus tremula,62.82775,25.25708,0.04,28.4,,Finland,Coniferous,Boreal forests/taiga,Europe,Finland site 9
FIN-0289,FIN-0289-T05,2014,,0,53.3,Betula pendula,62.82775,25.25708,0.04,35.3,,Finland,Coniferous,Boreal forests/taiga,Europe,Finland site 9
FIN-0289,FIN-0289-T06,2014,,0,32.7,Acer saccharum,62.82775,25.25708,0.04,33.7,,Finland,Coniferous,Boreal forests/taiga,Europe,Finland site 9
FIN-0289,FIN-0289-T07,2014,,0,61.8,Cecropia obtusa,62.82775,25.25708,0.04,27.5,,Finland,Coniferous,Boreal forests/taiga,Europe,Finland site 9
FIN-0289,FIN-0289-T08,2014,,0,57.4,Eperua falcata,62.82775,25.25708,0.04,16.8,,Finland,Coniferous,Boreal forests/taiga,Europe,Finland site 9
FIN-0289,FIN-0289-T09,2014,,0,51.6,Inga edulis,62.82775,25.25708,0.04,15.7,,Finland,Coniferous,Boreal forests/taiga,Europe,Finland site 9
FIN-0289,FIN-0289-T10,2014,,0,30.3,Milicia excelsa,62.82775,25.25708,0.04,9.0,,Finland,Coniferous,Boreal forests/taiga,Europe,Finland site 9
FIN-0290,FIN-0290-T01,2008,,0,59.8,Rhizophora mangle,64.94218,28.15974,0.25,,,Finland,Coniferous,Boreal forests/taiga,Europe,Finland site 10
FIN-0290,FIN-0290-T02,2008,,0,26.1,Tsuga canadensis,64.94218,28.15974,0.25,,,Finland,Coniferous,Boreal forests/taiga,Europe,Finland site 10
FIN-0290,FIN-0290-T03,2008,,0,57.6,Khaya ivorensis,64.94218,28.15974,0.25,,,Finland,Coniferous,Boreal forests/taiga,Europe,Finland site 10
FIN-0290,FIN-0290-T04,2008,,0,10.3,Shorea leprosula,64.94218,28.15974,0.25,,,Finland,Coniferous,Boreal forests/taiga,Europe,Finland site 10
FIN-0290,FIN-0290-T05,2008,,0,10.0,Picea abies,64.94218,28.15974,0.25,,,Finland,Coniferous,Boreal forests/taiga,Europe,Finland site 10
FIN-0290,FIN-0290-T06,2008,,0,8.1,Nothofagus pumilio,64.94218,28.15974,0.25,,,Finland,Coniferous,Boreal forests/taiga,Europe,Finland site 10
FIN-0290,FIN-0290-T07,2008,,0,8.4,Tsuga canadensis,64.94218,28.15974,0.25,,,Finland,Coniferous,Boreal forests/taiga,Europe,Finland site 10
FIN-0290,FIN-0290-T08,2008,,0,19.3,Cecropia obtusa,64.94218,28.15974,0.25,,,Finland,Coniferous,Boreal forests/taiga,Europe,Finland site 10
FIN-0290,FIN-0290-T09,2008,,0,55.1,Eucalyptus camaldulensis,64.94218,28.15974,0.25,,,Finland,Coniferous,Boreal forests/taiga,Europe,Finland site 10
FIN-0290,FIN-0290-T10,2008,,0,44.5,Shorea leprosula,64.94218,28.15974,0.25,,,Finland,Coniferous,Boreal forests/taiga,Europe,Finland site 10
FIN-0291,FIN-0291-T01,1952,,1,20.4,Juniperus thurifera,62.60951,24.52585,0.25,17.5,0.967,Finland,Boreal,Boreal forests/taiga,Europe,Finland site 11
FIN-0291,FIN-0291-T02,1952,,0,39.1,Cecropia obtusa,62.60951,24.52585,0.25,9.3,2.239,Finland,Boreal,Boreal forests/taiga,Europe,Finland site 11
FIN-0291,FIN-0291-T03,1952,,1,54.5,Milicia excelsa,62.60951,24.52585,0.25,26.8,3.12,Finland,Boreal,Boreal forests/taiga,Europe,Finland site 11
FIN-0291,FIN-0291-T04,1952,,0,17.3,Acer saccharum,62.60951,24.52585,0.25,24.1,3.865,Finland,Boreal,Boreal forests/taiga,Europe,Finland site 11
FIN-0291,FIN-0291-T05,1952,,0,32.5,Eucalyptus camaldulensis,62.60951,24.52585,0.25,16.1,1.453,Finland,Boreal,Boreal forests/taiga,Europe,Finland site 11
FIN-0291,FIN-0291-T06,1952,,0,54.2,Picea abies,62.60951,24.52585,0.25,15.1,3.745,Finland,Boreal,Boreal forests/taiga,Europe,Finland site 11
FIN-0291,FIN-0291-T07,1952,,0,15.3,Rhizophora mangle,62.60951,24.52585,0.25,22.7,2.052,Finland,Boreal,Boreal forests/taiga,Europe,Finland site 11
FIN-0291,FIN-0291-T08,1952,,0,42.7,Quercus robur,62.60951,24.52585,0.25,20.7,2.497,Finland,Boreal,Boreal forests/taiga,Europe,Finland site 11
FIN-0291,FIN-0291-T09,1952,,0,50.6,Picea abies,62.60951,24.52585,0.25,30.7,3.779,Finland,Boreal,Boreal forests/taiga,Europe,Finland site 11
FIN-0292,FIN-0292-T01,1975,,0,19.0,Fagus sylvatica,67.26021,24.15261,0.1,36.4,2.666,Finland,Coniferous,Boreal forests/taiga,Europe,Finland site 12
FIN-0292,FIN-0292-T01,1985,1975,0,18.3,Fagus sylvatica,67.26021,24.15261,0.1,36.4,2.666,Finland,Coniferous,Boreal forests/taiga,Europe,Finland site 12
FIN-0292,FIN-0292-T02,1975,,0,31.9,Avicennia germinans,67.26021,24.15261,0.1,30.4,4.329,Finland,Coniferous,Boreal forests/taiga,Europe,Finland site 12
FIN-0292,FIN-0292-T02,1985,1975,0,32.0,Avicennia germinans,67.26021,24.15261,0.1,30.4,4.329,Finland,Coniferous,Boreal forests/taiga,Europe,Finland site 12
FIN-0292,FIN-0292-T03,1975,,1,8.8,Rhizophora mangle,67.26021,24.15261,0.1,15.5,1.062,Finland,Coniferous,Boreal forests/taiga,Europe,Finland site 12
FIN-0292,FIN-0292-T03,1985,1975,0,10.1,Rhizophora mangle,67.26021,24.15261,0.1,15.5,1.062,Finland,Coniferous,Boreal forests/taiga,Europe,Finland site 12
FIN-0292,FIN-0292-T04,1975,,0,18.4,Ocotea aciphylla,67.26021,24.15261,0.1,32.8,3.933,Finland,Coniferous,Boreal forests/taiga,Europe,Finland site 12
FIN-0292,FIN-0292-T04,1985,1975,0,18.2,Ocotea aciphylla,67.26021,24.15261,0.1,32.8,3.933,Finland,Coniferous,Boreal forests/taiga,Europe,Finland site 12
FIN-0292,FIN-0292-T05,1975,,0,50.5,Shorea leprosula,67.26021,24.15261,0.1,37.1,4.159,Finland,Coniferous,Boreal forests/taiga,Europe,Finland site 12
FIN-0292,FIN-0292-T05,1985,1975,0,50.3,Shorea leprosula,67.26021,24.15261,0.1,37.1,4.159,Finland,Coniferous,Boreal forests/taiga,Europe,Finland site 12
FIN-0292,FIN-0292-T06,1975,,0,41.0,Pinus sylvestris,67.26021,24.15261,0.1,29.7,1.615,Finland,Coniferous,Boreal forests/taiga,Europe,Finland site 12
FIN-0292,FIN-0292-T06,1985,1975,0,42.0,Pinus sylvestris,67.26021,24.15261,0.1,29.7,1.615,Finland,Coniferous,Boreal forests/taiga,Europe,Finland site 12
FIN-0292,FIN-0292-T07,1975,,0,46.2,Fagus sylvatica,67.26021,24.15261,0.1,22.8,2.67,Finland,Coniferous,Boreal forests/taiga,Europe,Finland site 12
FIN-0292,FIN-0292-T07,1985,1975,0,46.2,Fagus sylvatica,67.26021,24.15261,0.1,22.8,2.67,Finland,Coniferous,Boreal forests/taiga,Europe,Finland site 12
FIN-0292,FIN-0292-T08,1975,,0,53.4,Populus tremula,67.26021,24.15261,0.1,27.3,0.287,Finland,Coniferous,Boreal forests/taiga,Europe,Finland site 12
FIN-0292,FIN-0292-T08,1985,1975,0,52.4,Populus tremula,67.26021,24.15261,0.1,27.3,0.287,Finland,Coniferous,Boreal forests/taiga,Europe,Finland site 12
FIN-0292,FIN-0292-T09,1975,,1,15.8,Betula pendula,67.26021,24.15261,0.1,16.3,4.285,Finland,Coniferous,Boreal forests/taiga,Europe,Finland site 12
FIN-0292,FIN-0292-T09,1985,1975,0,15.3,Betula pendula,67.26021,24.15261,0.1,16.3,4.285,Finland,Coniferous,Boreal forests/taiga,Europe,Finland site 12
FIN-0292,FIN-0292-T10,1975,,0,61.1,Inga edulis,67.26021,24.15261,0.1,34.0,2.593,Finland,Coniferous,Boreal forests/taiga,Europe,Finland site 12
FIN-0292,FIN-0292-T10,1985,1975,0,60.8,Inga edulis,67.26021,24.15261,0.1,34.0,2.593,Finland,Coniferous,Boreal forests/taiga,Europe,Finland site 12
FIN-0292,FIN-0292-T11,1975,,0,50.8,Dipterocarpus grandiflorus,67.26021,24.15261,0.1,13.6,0.083,Finland,Coniferous,Boreal forests/taiga,Europe,Finland site 12
FIN-0292,FIN-0292-T11,1985,1975,0,50.6,Dipterocarpus grandiflorus,67.26021,24.15261,0.1,13.6,0.083,Finland,Coniferous,Boreal forests/taiga,Europe,Finland site 12
FIN-0293,FIN-0293-T01,1942,,0,36.8,Picea abies,65.64397,26.91062,1.0,,,Finland,Coniferous,Boreal forests/taiga,Europe,Finland site 13
FIN-0293,FIN-0293-T02,1942,,0,18.4,Fagus sylvatica,65.64397,26.91062,1.0,,,Finland,Coniferous,Boreal forests/taiga,Europe,Finland site 13
FIN-0293,FIN-0293-T03,1942,,0,13.4,Cecropia obtusa,65.64397,26.91062,1.0,,,Finland,Coniferous,Boreal forests/taiga,Europe,Finland site 13
FIN-0293,FIN-0293-T04,1942,,0,33.6,Fagus sylvatica,65.64397,26.91062,1.0,,,Finland,Coniferous,Boreal forests/taiga,Europe,Finland site 13
FIN-0293,FIN-0293-T05,1942,,0,32.2,Inga edulis,65.64397,26.91062,1.0,,,Finland,Coniferous,Boreal forests/taiga,Europe,Finland site 13
FIN-0294,FIN-0294-T01,2004,,0,9.7,Fagus sylvatica,65.03666,22.43319,0.5,18.1,,Finland,Coniferous,Boreal forests/taiga,Europe,Finland site 14
FIN-0294,FIN-0294-T01,2008,2004,0,10.2,Fagus sylvatica,65.03666,22.43319,0.5,18.1,,Finland,Coniferous,Boreal forests/taiga,Europe,Finland site 14
FIN-0294,FIN-0294-T02,2004,,0,38.8,Pinus sylvestris,65.03666,22.43319,0.5,13.9,,Finland,Coniferous,Boreal forests/taiga,Europe,Finland site 14
FIN-0294,FIN-0294-T02,2008,2004,0,37.8,Pinus sylvestris,65.03666,22.43319,0.5,13.9,,Finland,Coniferous,Boreal forests/taiga,Europe,Finland site 14
FIN-0294,FIN-0294-T03,2004,,0,24.9,Quercus ilex,65.03666,22.43319,0.5,9.8,,Finland,Coniferous,Boreal forests/taiga,Europe,Finland site 14
FIN-0294,FIN-0294-T03,2008,2004,0,26.0,Quercus ilex,65.03666,22.43319,0.5,9.8,,Finland,Coniferous,Boreal forests/taiga,Europe,Finland site 14
FIN-0294,FIN-0294-T04,2004,,0,9.4,Quercus robur,65.03666,22.43319,0.5,21.8,,Finland,Coniferous,Boreal forests/taiga,Europe,Finland site 14
FIN-0294,FIN-0294-T04,2008,2004,1,10.3,Quercus robur,65.03666,22.43319,0.5,21.8,,Finland,Coniferous,Boreal forests/taiga,Europe,Finland site 14
FIN-0294,FIN-0294-T05,2004,,0,17.3,Rhizophora mangle,65.03666,22.43319,0.5,10.8,,Finland,Coniferous,Boreal forests/taiga,Europe,Finland site 14
FIN-0294,FIN-0294-T05,2008,2004,0,16.7,Rhizophora mangle,65.03666,22.43319,0.5,10.8,,Finland,Coniferous,Boreal forests/taiga,Europe,Finland site 14
FIN-0295,FIN-0295-T01,1968,,0,29.1,Khaya ivorensis,61.70523,24.89282,0.25,12.3,0.557,Finland,Coniferous,Boreal forests/taiga,Europe,Finland site 15
FIN-0295,FIN-0295-T01,1972,1968,0,29.9,Khaya ivorensis,61.70523,24.89282,0.25,12.3,0.557,Finland,Coniferous,Boreal forests/taiga,Europe,Finland site 15
FIN-0295,FIN-0295-T02,1968,,0,48.1,Shorea leprosula,61.70523,24.89282,0.25,31.8,4.495,Finland,Coniferous,Boreal forests/taiga,Europe,Finland site 15
FIN-0295,FIN-0295-T02,1972,1968,0,48.9,Shorea leprosula,61.70523,24.89282,0.25,31.8,4.495,Finland,Coniferous,Boreal forests/taiga,Europe,Finland site 15
FIN-0295,FIN-0295-T03,1968,,0,53.0,Avicennia germinans,61.70523,24.89282,0.25,21.6,1.393,Finland,Coniferous,Boreal forests/taiga,Europe,Finland site 15
FIN-0295,FIN-0295-T03,1972,1968,0,51.5,Avicennia germinans,61.70523,24.89282,0.25,21.6,1.393,Finland,Coniferous,Boreal forests/taiga,Europe,Finland site 15
FIN-0295,FIN-0295-T04,1968,,0,23.8,Dipterocarpus grandiflorus,61.70523,24.89282,0.25,31.6,4.063,Finland,Coniferous,Boreal forests/taiga,Europe,Finland site 15
FIN-0295,FIN-0295-T04,1972,1968,1,24.5,Dipterocarpus grandiflorus,61.70523,24.89282,0.25,31.6,4.063,Finland,Coniferous,Boreal forests/taiga,Europe,Finland site 15
FIN-0295,FIN-0295-T05,1968,,0,17.8,Eperua falcata,61.70523,24.89282,0.25,35.3,1.229,Finland,Coniferous,Boreal forests/taiga,Europe,Finland site 15
FIN-0295,FIN-0295-T05,1972,1968,0,17.6,Eperua falcata,61.70523,24.89282,0.25,35.3,1.229,Finland,Coniferous,Boreal forests/taiga,Europe,Finland site 15
FIN-0295,FIN-0295-T06,1968,,0,39.5,Quercus robur,61.70523,24.89282,0.25,17.2,3.708,Finland,Coniferous,Boreal forests/taiga,Europe,Finland site 15
FIN-0295,FIN-0295-T06,1972,1968,0,38.9,Quercus robur,61.70523,24.89282,0.25,17.2,3.708,Finland,Coniferous,Boreal forests/taiga,Europe,Finland site 15
FIN-0295,FIN-0295-T07,1968,,0,44.4,Tsuga canadensis,61.70523,24.89282,0.25,20.6,2.822,Finland,Coniferous,Boreal forests/taiga,Europe,Finland site 15
FIN-0295,FIN-0295-T07,1972,1968,0,44.1,Tsuga canadensis,61.70523,24.89282,0.25,20.6,2.822,Finland,Coniferous,Boreal forests/taiga,Europe,Finland site 15
FIN-0295,FIN-0295-T08,1968,,1,33.1,Khaya ivorensis,61.70523,24.89282,0.25,32.6,3.246,Finland,Coniferous,Boreal forests/taiga,Europe,Finland site 15
FIN-0295,FIN-0295-T08,1972,1968,0,31.6,Khaya ivorensis,61.70523,24.89282,0.25,32.6,3.246,Finland,Coniferous,Boreal forests/taiga,Europe,Finland site 15
FIN-0296,FIN-0296-T01,1998,,0,39.6,Ocotea aciphylla,61.91797,26.60714,0.1,,,Finland,Coniferous,Boreal forests/taiga,Europe,Finland site 16
FIN-0296,FIN-0296-T01,2008,1998,0,39.1,Ocotea aciphylla,61.91797,26.60714,0.1,,,Finland,Coniferous,Boreal forests/taiga,Europe,Finland site 16
FIN-0296,FIN-0296-T02,1998,,0,14.0,Milicia excelsa,61.91797,26.60714,0.1,,,Finland,Coniferous,Boreal forests/taiga,Europe,Finland site 16
FIN-0296,FIN-0296-T02,2008,1998,0,14.4,Milicia excelsa,61.91797,26.60714,0.1,,,Finland,Coniferous,Boreal forests/taiga,Europe,Finland site 16
FIN-0296,FIN-0296-T03,1998,,0,37.2,Cecropia obtusa,61.91797,26.60714,0.1,,,Finland,Coniferous,Boreal forests/taiga,Europe,Finland site 16
FIN-0296,FIN-0296-T03,2008,1998,0,36.3,Cecropia obtusa,61.91797,26.60714,0.1,,,Finland,Coniferous,Boreal forests/taiga,Europe,Finland site 16
FIN-0296,FIN-0296-T04,1998,,0,55.8,Nothofagus pumilio,61.91797,26.60714,0.1,,,Finland,Coniferous,Boreal forests/taiga,Europe,Finland site 16
FIN-0296,FIN-0296-T04,2008,1998,0,56.0,Nothofagus pumilio,61.91797,26.60714,0.1,,,Finland,Coniferous,Boreal forests/taiga,Europe,Finland site 16
FIN-0296,FIN-0296-T05,1998,,0,44.4,Eucalyptus camaldulensis,61.91797,26.60714,0.1,,,Finland,Coniferous,Boreal forests/taiga,Europe,Finland site 16
FIN-0296,FIN-0296-T05,2008,1998,0,45.1,Eucalyptus camaldulensis,61.91797,26.60714,0.1,,,Finland,Coniferous,Boreal forests/taiga,Europe,Finland site 16
FIN-0296,FIN-0296-T06,1998,,0,36.4,Eucalyptus camaldulensis,61.91797,26.60714,0.1,,,Finland,Coniferous,Boreal forests/taiga,Europe,Finland site 16
FIN-0296,FIN-0296-T06,2008,1998,0,36.7,Eucalyptus camaldulensis,61.91797,26.60714,0.1,,,Finland,Coniferous,Boreal forests/taiga,Europe,Finland site 16
FIN-0296,FIN-0296-T07,1998,,0,38.1,Milicia excelsa,61.91797,26.60714,0.1,,,Finland,Coniferous,Boreal forests/taiga,Europe,Finland site 16
FIN-0296,FIN-0296-T07,2008,1998,0,38.0,Milicia excelsa,61.91797,26.60714,0.1,,,Finland,Coniferous,Boreal forests/taiga,Europe,Finland site 16
FIN-0296,FIN-0296-T08,1998,,0,53.7,Quercus ilex,61.91797,26.60714,0.1,,,Finland,Coniferous,Boreal forests/taiga,Europe,Finland site 16
FIN-0296,FIN-0296-T08,2008,1998,0,53.0,Quercus ilex,61.91797,26.60714,0.1,,,Finland,Coniferous,Boreal forests/taiga,Europe,Finland site 16
FIN-0296,FIN-0296-T09,1998,,0,58.4,Eucalyptus camaldulensis,61.91797,26.60714,0.1,,,Finland,Coniferous,Boreal forests/taiga,Europe,Finland site 16
FIN-0296,FIN-0296-T09,2008,1998,0,57.1,Eucalyptus camaldulensis,61.91797,26.60714,0.1,,,Finland,Coniferous,Boreal forests/taiga,Europe,Finland site 16
FIN-0296,FIN-0296-T10,1998,,0,14.9,Khaya ivorensis,61.91797,26.60714,0.1,,,Finland,Coniferous,Boreal forests/taiga,Europe,Finland site 16
FIN-0296,FIN-0296-T10,2008,1998,0,14.6,Khaya ivorensis,61.91797,26.60714,0.1,,,Finland,Coniferous,Boreal forests/taiga,Europe,Finland site 16
FIN-0296,FIN-0296-T11,1998,,0,31.6,Eucalyptus camaldulensis,61.91797,26.60714,0.1,,,Finland,Coniferous,Boreal forests/taiga,Europe,Finland site 16
FIN-0296,FIN-0296-T11,2008,1998,0,30.8,Eucalyptus camaldulensis,61.91797,26.60714,0.1,,,Finland,Coniferous,Boreal forests/taiga,Europe,Finland site 16
UNI-0297,UNI-0297-T01,2005,,0,30.2,Eucalyptus camaldulensis,56.97337,-0.75305,1.0,16.2,0.86,United Kingdom,Temperate,Temperate broadleaf & mixed forests,Europe,United Kingdom site 1
UNI-0297,UNI-0297-T02,2005,,0,17.1,Quercus robur,56.97337,-0.75305,1.0,37.9,0.913,United Kingdom,Temperate,Temperate broadleaf & mixed forests,Europe,United Kingdom site 1
UNI-0297,UNI-0297-T03,2005,,0,58.7,Milicia excelsa,56.97337,-0.75305,1.0,12.5,0.085,United Kingdom,Temperate,Temperate broadleaf & mixed forests,Europe,United Kingdom site 1
UNI-0297,UNI-0297-T04,2005,,1,55.4,Quercus robur,56.97337,-0.75305,1.0,30.8,0.029,United Kingdom,Temperate,Temperate broadleaf & mixed forests,Europe,United Kingdom site 1
UNI-0297,UNI-0297-T05,2005,,0,36.0,Nothofagus pumilio,56.97337,-0.75305,1.0,15.5,1.327,United Kingdom,Temperate,Temperate broadleaf & mixed forests,Europe,United Kingdom site 1
UNI-0297,UNI-0297-T06,2005,,1,32.5,Inga edulis,56.97337,-0.75305,1.0,25.8,2.763,United Kingdom,Temperate,Temperate broadleaf & mixed forests,Europe,United Kingdom site 1
UNI-0297,UNI-0297-T07,2005,,0,38.9,Eucalyptus camaldulensis,56.97337,-0.75305,1.0,31.3,4.497,United Kingdom,Temperate,Temperate broadleaf & mixed forests,Europe,United Kingdom site 1
UNI-0297,UNI-0297-T08,2005,,0,29.9,Picea abies,56.97337,-0.75305,1.0,8.1,2.617,United Kingdom,Temperate,Temperate broadleaf & mixed forests,Europe,United Kingdom site 1
UNI-0297,UNI-0297-T09,2005,,0,28.8,Pinus sylvestris,56.97337,-0.75305,1.0,30.6,2.832,United Kingdom,Temperate,Temperate broadleaf & mixed forests,Europe,United Kingdom site 1
UNI-0298,UNI-0298-T01,1953,,0,34.7,Milicia excelsa,53.85924,-1.85069,0.5,,4.204,United Kingdom,Temperate,Temperate broadleaf & mixed forests,Europe,United Kingdom site 2
UNI-0298,UNI-0298-T02,1953,,0,44.4,Juniperus thurifera,53.85924,-1.85069,0.5,,4.254,United Kingdom,Temperate,Temperate broadleaf & mixed forests,Europe,United Kingdom site 2
UNI-0298,UNI-0298-T03,1953,,0,48.0,Rhizophora mangle,53.85924,-1.85069,0.5,,2.788,United Kingdom,Temperate,Temperate broadleaf & mixed forests,Europe,United Kingdom site 2
UNI-0298,UNI-0298-T04,1953,,0,50.9,Nothofagus pumilio,53.85924,-1.85069,0.5,,1.529,United Kingdom,Temperate,Temperate broadleaf & mixed forests,Europe,United Kingdom site 2
UNI-0298,UNI-0298-T05,1953,,0,58.9,Pinus sylvestris,53.85924,-1.85069,0.5,,3.902,United Kingdom,Temperate,Temperate broadleaf & mixed forests,Europe,United Kingdom site 2
UNI-0298,UNI-0298-T06,1953,,1,62.0,Avicennia germinans,53.85924,-1.85069,0.5,,1.761,United Kingdom,Temperate,Temperate broadleaf & mixed forests,Europe,United Kingdom site 2
UNI-0299,UNI-0299-T01,1963,,0,52.1,Quercus ilex,54.89919,-2.30781,0.25,37.2,,United Kingdom,Deciduous,Temperate broadleaf & mixed forests,Europe,United Kingdom site 3
UNI-0299,UNI-0299-T02,1963,,0,19.8,Milicia excelsa,54.89919,-2.30781,0.25,21.0,,United Kingdom,Deciduous,Temperate broadleaf & mixed forests,Europe,United Kingdom site 3
UNI-0299,UNI-0299-T03,1963,,0,59.5,Populus tremula,54.89919,-2.30781,0.25,10.5,,United Kingdom,Deciduous,Temperate broadleaf & mixed forests,Europe,United Kingdom site 3
UNI-0299,UNI-0299-T04,1963,,0,25.2,Pinus sylvestris,54.89919,-2.30781,0.25,27.9,,United Kingdom,Deciduous,Temperate broadleaf & mixed forests,Europe,United Kingdom site 3
UNI-0299,UNI-0299-T05,1963,,0,45.5,Ocotea aciphylla,54.89919,-2.30781,0.25,17.9,,United Kingdom,Deciduous,Temperate broadleaf & mixed forests,Europe,United Kingdom site 3
UNI-0300,UNI-0300-T01,1959,,0,16.1,Dipterocarpus grandiflorus,54.84348,-0.35717,0.5,8.5,,United Kingdom,Deciduous,Temperate broadleaf & mixed forests,Europe,United Kingdom site 4
UNI-0300,UNI-0300-T02,1959,,0,8.7,Milicia excelsa,54.84348,-0.35717,0.5,18.9,,United Kingdom,Deciduous,Temperate broadleaf & mixed forests,Europe,United Kingdom site 4
UNI-0300,UNI-0300-T03,1959,,0,23.0,Populus tremula,54.84348,-0.35717,0.5,20.3,,United Kingdom,Deciduous,Temperate broadleaf & mixed forests,Europe,United Kingdom site 4
UNI-0300,UNI-0300-T04,1959,,0,58.9,Inga edulis,54.84348,-0.35717,0.5,26.2,,United Kingdom,Deciduous,Temperate broadleaf & mixed forests,Europe,United Kingdom site 4
UNI-0300,UNI-0300-T05,1959,,0,56.1,Juniperus thurifera,54.84348,-0.35717,0.5,16.2,,United Kingdom,Deciduous,Temperate broadleaf & mixed forests,Europe,United Kingdom site 4
UNI-0300,UNI-0300-T06,1959,,1,16.0,Rhizophora mangle,54.84348,-0.35717,0.5,9.6,,United Kingdom,Deciduous,Temperate broadleaf & mixed forests,Europe,United Kingdom site 4
UNI-0300,UNI-0300-T07,1959,,1,22.4,Betula pendula,54.84348,-0.35717,0.5,27.3,,United Kingdom,Deciduous,Temperate broadleaf & mixed forests,Europe,United Kingdom site 4
UNI-0300,UNI-0300-T08,1959,,0,46.1,Betula pendula,54.84348,-0.35717,0.5,24.2,,United Kingdom,Deciduous,Temperate broadleaf & mixed forests,Europe,United Kingdom site 4
UNI-0300,UNI-0300-T09,1959,,0,16.2,Eucalyptus camaldulensis,54.84348,-0.35717,0.5,12.1,,United Kingdom,Deciduous,Temperate broadleaf & mixed forests,Europe,United Kingdom site 4
UNI-0301,UNI-0301-T01,1989,,0,57.8,Quercus ilex,53.37273,-0.56154,0.25,,,United Kingdom,Temperate,Temperate broadleaf & mixed forests,Europe,United Kingdom site 5
UNI-0301,UNI-0301-T02,1989,,0,16.1,Quercus robur,53.37273,-0.56154,0.25,,,United Kingdom,Temperate,Temperate broadleaf & mixed forests,Europe,United Kingdom site 5
UNI-0301,UNI-0301-T03,1989,,0,9.8,Betula pendula,53.37273,-0.56154,0.25,,,United Kingdom,Temperate,Temperate broadleaf & mixed forests,Europe,United Kingdom site 5
UNI-0301,UNI-0301-T04,1989,,0,34.8,Pinus sylvestris,53.37273,-0.56154,0.25,,,United Kingdom,Temperate,Temperate broadleaf & mixed forests,Europe,United Kingdom site 5
UNI-0301,UNI-0301-T05,1989,,0,33.2,Betula pendula,53.37273,-0.56154,0.25,,,United Kingdom,Temperate,Temperate broadleaf & mixed forests,Europe,United Kingdom site 5
UNI-0301,UNI-0301-T06,1989,,0,42.4,Ocotea aciphylla,53.37273,-0.56154,0.25,,,United Kingdom,Temperate,Temperate broadleaf & mixed forests,Europe,United Kingdom site 5
UNI-0301,UNI-0301-T07,1989,,0,16.6,Dipterocarpus grandiflorus,53.37273,-0.56154,0.25,,,United Kingdom,Temperate,Temperate broadleaf & mixed forests,Europe,United Kingdom site 5
UNI-0301,UNI-0301-T08,1989,,1,61.8,Ocotea aciphylla,53.37273,-0.56154,0.25,,,United Kingdom,Temperate,Temperate broadleaf & mixed forests,Europe,United Kingdom site 5
UNI-0302,UNI-0302-T01,1939,,0,41.5,Acer saccharum,53.38227,-4.52223,0.5,37.8,2.529,United Kingdom,Temperate,Temperate broadleaf & mixed forests,Europe,United Kingdom site 6
UNI-0302,UNI-0302-T01,1943,1939,0,40.5,Acer saccharum,53.38227,-4.52223,0.5,37.8,2.529,United Kingdom,Temperate,Temperate broadleaf & mixed forests,Europe,United Kingdom site 6
UNI-0302,UNI-0302-T02,1939,,0,58.7,Cecropia obtusa,53.38227,-4.52223,0.5,26.9,3.543,United Kingdom,Temperate,Temperate broadleaf & mixed forests,Europe,United Kingdom site 6
UNI-0302,UNI-0302-T02,1943,1939,0,58.0,Cecropia obtusa,53.38227,-4.52223,0.5,26.9,3.543,United Kingdom,Temperate,Temperate broadleaf & mixed forests,Europe,United Kingdom site 6
UNI-0302,UNI-0302-T03,1939,,0,14.2,Inga edulis,53.38227,-4.52223,0.5,9.0,2.102,United Kingdom,Temperate,Temperate broadleaf & mixed forests,Europe,United Kingdom site 6
UNI-0302,UNI-0302-T03,1943,1939,1,14.6,Inga edulis,53.38227,-4.52223,0.5,9.0,2.102,United Kingdom,Temperate,Temperate broadleaf & mixed forests,Europe,United Kingdom site 6
UNI-0302,UNI-0302-T04,1939,,0,14.9,Pinus sylvestris,53.38227,-4.52223,0.5,15.3,0.662,United Kingdom,Temperate,Temperate broadleaf & mixed forests,Europe,United Kingdom site 6
UNI-0302,UNI-0302-T04,1943,1939,0,16.0,Pinus sylvestris,53.38227,-4.52223,0.5,15.3,0.662,United Kingdom,Temperate,Temperate broadleaf & mixed forests,Europe,United Kingdom site 6
UNI-0302,UNI-0302-T05,1939,,0,61.1,Tsuga canadensis,53.38227,-4.52223,0.5,11.8,3.313,United Kingdom,Temperate,Temperate broadleaf & mixed forests,Europe,United Kingdom site 6
UNI-0302,UNI-0302-T05,1943,1939,0,60.8,Tsuga canadensis,53.38227,-4.52223,0.5,11.8,3.313,United Kingdom,Temperate,Temperate broadleaf & mixed forests,Europe,United Kingdom site 6
UNI-0302,UNI-0302-T06,1939,,1,56.8,Khaya ivorensis,53.38227,-4.52223,0.5,36.4,3.225,United Kingdom,Temperate,Temperate broadleaf & mixed forests,Europe,United Kingdom site 6
UNI-0302,UNI-0302-T06,1943,1939,0,56.2,Khaya ivorensis,53.38227,-4.52223,0.5,36.4,3.225,United Kingdom,Temperate,Temperate broadleaf & mixed forests,Europe,United Kingdom site 6
UNI-0302,UNI-0302-T07,1939,,0,24.9,Shorea leprosula,53.38227,-4.52223,0.5,29.8,4.368,United Kingdom,Temperate,Temperate broadleaf & mixed forests,Europe,United Kingdom site 6
UNI-0302,UNI-0302-T07,1943,1939,0,24.7,Shorea leprosula,53.38227,-4.52223,0.5,29.8,4.368,United Kingdom,Temperate,Temperate broadleaf & mixed forests,Europe,United Kingdom site 6
UNI-0303,UNI-0303-T01,1987,,1,24.2,Khaya ivorensis,51.75847,-2.36629,0.1,32.8,,United Kingdom,Deciduous,Temperate broadleaf & mixed forests,Europe,United Kingdom site 7
UNI-0303,UNI-0303-T02,1987,,0,12.8,Quercus ilex,51.75847,-2.36629,0.1,15.1,,United Kingdom,Deciduous,Temperate broadleaf & mixed forests,Europe,United Kingdom site 7
UNI-0303,UNI-0303-T03,1987,,0,61.1,Khaya ivorensis,51.75847,-2.36629,0.1,36.9,,United Kingdom,Deciduous,Temperate broadleaf & mixed forests,Europe,United Kingdom site 7
UNI-0303,UNI-0303-T04,1987,,0,22.0,Betula pendula,51.75847,-2.36629,0.1,18.5,,United Kingdom,Deciduous,Temperate broadleaf & mixed forests,Europe,United Kingdom site 7
UNI-0303,UNI-0303-T05,1987,,0,34.5,Pinus sylvestris,51.75847,-2.36629,0.1,20.3,,United Kingdom,Deciduous,Temperate broadleaf & mixed forests,Europe,United Kingdom site 7
UNI-0303,UNI-0303-T06,1987,,0,48.9,Eperua falcata,51.75847,-2.36629,0.1,30.5,,United Kingdom,Deciduous,Temperate broadleaf & mixed forests,Europe,United Kingdom site 7
UNI-0304,UNI-0304-T01,1964,,0,59.4,Milicia excelsa,53.73926,-1.25544,1.0,19.8,,United Kingdom,Deciduous,Temperate broadleaf & mixed forests,Europe,United Kingdom site 8
UNI-0304,UNI-0304-T02,1964,,0,29.2,Eucalyptus camaldulensis,53.73926,-1.25544,1.0,20.5,,United Kingdom,Deciduous,Temperate broadleaf & mixed forests,Europe,United Kingdom site 8
UNI-0304,UNI-0304-T03,1964,,0,58.3,Ocotea aciphylla,53.73926,-1.25544,1.0,31.5,,United Kingdom,Deciduous,Temperate broadleaf & mixed forests,Europe,United Kingdom site 8
UNI-0304,UNI-0304-T04,1964,,0,22.9,Betula pendula,53.73926,-1.25544,1.0,10.3,,United Kingdom,Deciduous,Temperate broadleaf & mixed forests,Europe,United Kingdom site 8
UNI-0304,UNI-0304-T05,1964,,0,55.7,Rhizophora mangle,53.73926,-1.25544,1.0,20.3,,United Kingdom,Deciduous,Temperate broadleaf & mixed forests,Europe,United Kingdom site 8
UNI-0304,UNI-0304-T06,1964,,0,54.2,Eucalyptus camaldulensis,53.73926,-1.25544,1.0,16.1,,United Kingdom,Deciduous,Temperate broadleaf & mixed forests,Europe,United Kingdom site 8
UNI-0304,UNI-0304-T07,1964,,0,33.2,Avicennia germinans,53.73926,-1.25544,1.0,10.4,,United Kingdom,Deciduous,Temperate broadleaf & mixed forests,Europe,United Kingdom site 8
UNI-0304,UNI-0304-T08,1964,,1,42.5,Fagus sylvatica,53.73926,-1.25544,1.0,18.8,,United Kingdom,Deciduous,Temperate broadleaf & mixed forests,Europe,United Kingdom site 8
UNI-0305,UNI-0305-T01,2001,,0,35.0,Dipterocarpus grandiflorus,52.82144,-4.99954,0.1,22.5,,United Kingdom,Temperate,Temperate broadleaf & mixed forests,Europe,United Kingdom site 9
UNI-0305,UNI-0305-T01,2011,2001,0,35.1,Dipterocarpus grandiflorus,52.82144,-4.99954,0.1,22.5,,United Kingdom,Temperate,Temperate broadleaf & mixed forests,Europe,United Kingdom site 9
UNI-0305,UNI-0305-T02,2001,,0,24.6,Tsuga canadensis,52.82144,-4.99954,0.1,17.2,,United Kingdom,Temperate,Temperate broadleaf & mixed forests,Europe,United Kingdom site 9
UNI-0305,UNI-0305-T02,2011,2001,0,23.9,Tsuga canadensis,52.82144,-4.99954,0.1,17.2,,United Kingdom,Temperate,Temperate broadleaf & mixed forests,Europe,United Kingdom site 9
UNI-0305,UNI-0305-T03,2001,,0,16.1,Picea abies,52.82144,-4.99954,0.1,18.1,,United Kingdom,Temperate,Temperate broadleaf & mixed forests,Europe,United Kingdom site 9
UNI-0305,UNI-0305-T03,2011,2001,0,15.6,Picea abies,52.82144,-4.99954,0.1,18.1,,United Kingdom,Temperate,Temperate broadleaf & mixed forests,Europe,United Kingdom site 9
UNI-0305,UNI-0305-T04,2001,,0,27.3,Acer saccharum,52.82144,-4.99954,0.1,25.2,,United Kingdom,Temperate,Temperate broadleaf & mixed forests,Europe,United Kingdom site 9
UNI-0305,UNI-0305-T04,2011,2001,0,26.6,Acer saccharum,52.82144,-4.99954,0.1,25.2,,United Kingdom,Temperate,Temperate broadleaf & mixed forests,Europe,United Kingdom site 9
UNI-0305,UNI-0305-T05,2001,,0,42.7,Dipterocarpus grandiflorus,52.82144,-4.99954,0.1,10.6,,United Kingdom,Temperate,Temperate broadleaf & mixed forests,Europe,United Kingdom site 9
UNI-0305,UNI-0305-T05,2011,2001,0,42.4,Dipterocarpus grandiflorus,52.82144,-4.99954,0.1,10.6,,United Kingdom,Temperate,Temperate broadleaf & mixed forests,Europe,United Kingdom site 9
UNI-0306,UNI-0306-T01,1977,,1,36.7,Pinus sylvestris,56.29297,-2.81447,0.1,21.9,,United Kingdom,Deciduous,Temperate broadleaf & mixed forests,Europe,United Kingdom site 10
UNI-0306,UNI-0306-T01,1987,1977,0,35.9,Pinus sylvestris,56.29297,-2.81447,0.1,21.9,,United Kingdom,Deciduous,Temperate broadleaf & mixed forests,Europe,United Kingdom site 10
UNI-0306,UNI-0306-T02,1977,,0,39.7,Milicia excelsa,56.29297,-2.81447,0.1,16.6,,United Kingdom,Deciduous,Temperate broadleaf & mixed forests,Europe,United Kingdom site 10
UNI-0306,UNI-0306-T02,1987,1977,0,39.1,Milicia excelsa,56.29297,-2.81447,0.1,16.6,,United Kingdom,Deciduous,Temperate broadleaf & mixed forests,Europe,United Kingdom site 10
UNI-0306,UNI-0306-T03,1977,,0,23.0,Eucalyptus camaldulensis,56.29297,-2.81447,0.1,32.0,,United Kingdom,Deciduous,Temperate broadleaf & mixed forests,Europe,United Kingdom site 10
UNI-0306,UNI-0306-T03,1987,1977,0,21.9,Eucalyptus camaldulensis,56.29297,-2.81447,0.1,32.0,,United Kingdom,Deciduous,Temperate broadleaf & mixed forests,Europe,United Kingdom site 10
UNI-0306,UNI-0306-T04,1977,,0,26.8,Quercus robur,56.29297,-2.81447,0.1,11.0,,United Kingdom,Deciduous,Temperate broadleaf & mixed forests,Europe,United Kingdom site 10
UNI-0306,UNI-0306-T04,1987,1977,0,26.7,Quercus robur,56.29297,-2.81447,0.1,11.0,,United Kingdom,Deciduous,Temperate broadleaf & mixed forests,Europe,United Kingdom site 10
UNI-0306,UNI-0306-T05,1977,,0,24.8,Ocotea aciphylla,56.29297,-2.81447,0.1,27.7,,United Kingdom,Deciduous,Temperate broadleaf & mixed forests,Europe,United Kingdom site 10
UNI-0306,UNI-0306-T05,1987,1977,0,23.7,Ocotea aciphylla,56.29297,-2.81447,0.1,27.7,,United Kingdom,Deciduous,Temperate broadleaf & mixed forests,Europe,United Kingdom site 10
UNI-0306,UNI-0306-T06,1977,,0,46.2,Picea abies,56.29297,-2.81447,0.1,9.5,,United Kingdom,Deciduous,Temperate broadleaf & mixed forests,Europe,United Kingdom site 10
UNI-0306,UNI-0306-T06,1987,1977,0,45.2,Picea abies,56.29297,-2.81447,0.1,9.5,,United Kingdom,Deciduous,Temperate broadleaf & mixed forests,Europe,United Kingdom site 10
UNI-0306,UNI-0306-T07,1977,,0,34.8,Populus tremula,56.29297,-2.81447,0.1,11.0,,United Kingdom,Deciduous,Temperate broadleaf & mixed forests,Europe,United Kingdom site 10
UNI-0306,UNI-0306-T07,1987,1977,0,33.9,Populus tremula,56.29297,-2.81447,0.1,11.0,,United Kingdom,Deciduous,Temperate broadleaf & mixed forests,Europe,United Kingdom site 10
UNI-0306,UNI-0306-T08,1977,,0,16.8,Tsuga canadensis,56.29297,-2.81447,0.1,38.0,,United Kingdom,Deciduous,Temperate broadleaf & mixed forests,Europe,United Kingdom site 10
UNI-0306,UNI-0306-T08,1987,1977,0,16.5,Tsuga canadensis,56.29297,-2.81447,0.1,38.0,,United Kingdom,Deciduous,Temperate broadleaf & mixed forests,Europe,United Kingdom site 10
UNI-0306,UNI-0306-T09,1977,,0,57.3,Quercus ilex,56.29297,-2.81447,0.1,9.5,,United Kingdom,Deciduous,Temperate broadleaf & mixed forests,Europe,United Kingdom site 10
UNI-0306,UNI-0306-T09,1987,1977,0,58.2,Quercus ilex,56.29297,-2.81447,0.1,9.5,,United Kingdom,Deciduous,Temperate broadleaf & mixed forests,Europe,United Kingdom site 10
UNI-0307,UNI-0307-T01,2004,,0,13.8,Populus tremula,51.41078,-4.31688,0.04,28.7,,United Kingdom,Deciduous,Temperate broadleaf & mixed forests,Europe,United Kingdom site 11
UNI-0307,UNI-0307-T01,2008,2004,0,13.5,Populus tremula,51.41078,-4.31688,0.04,28.7,,United Kingdom,Deciduous,Temperate broadleaf & mixed forests,Europe,United Kingdom site 11
UNI-0307,UNI-0307-T02,2004,,0,10.5,Cecropia obtusa,51.41078,-4.31688,0.04,30.5,,United Kingdom,Deciduous,Temperate broadleaf & mixed forests,Europe,United Kingdom site 11
UNI-0307,UNI-0307-T02,2008,2004,0,10.5,Cecropia obtusa,51.41078,-4.31688,0.04,30.5,,United Kingdom,Deciduous,Temperate broadleaf & mixed forests,Europe,United Kingdom site 11
UNI-0307,UNI-0307-T03,2004,,0,44.9,Ocotea aciphylla,51.41078,-4.31688,0.04,26.5,,United Kingdom,Deciduous,Temperate broadleaf & mixed forests,Europe,United Kingdom site 11
UNI-0307,UNI-0307-T03,2008,2004,0,45.5,Ocotea aciphylla,51.41078,-4.31688,0.04,26.5,,United Kingdom,Deciduous,Temperate broadleaf & mixed forests,Europe,United Kingdom site 11
UNI-0307,UNI-0307-T04,2004,,0,23.4,Khaya ivorensis,51.41078,-4.31688,0.04,37.3,,United Kingdom,Deciduous,Temperate broadleaf & mixed forests,Europe,United Kingdom site 11
UNI-0307,UNI-0307-T04,2008,2004,0,23.8,Khaya ivorensis,51.41078,-4.31688,0.04,37.3,,United Kingdom,Deciduous,Temperate broadleaf & mixed forests,Europe,United Kingdom site 11
UNI-0307,UNI-0307-T05,2004,,0,14.5,Khaya ivorensis,51.41078,-4.31688,0.04,14.2,,United Kingdom,Deciduous,Temperate broadleaf & mixed forests,Europe,United Kingdom site 11
UNI-0307,UNI-0307-T05,2008,2004,0,14.8,Khaya ivorensis,51.41078,-4.31688,0.04,14.2,,United Kingdom,Deciduous,Temperate broadleaf & mixed forests,Europe,United Kingdom site 11
UNI-0307,UNI-0307-T06,2004,,0,33.5,Quercus robur,51.41078,-4.31688,0.04,13.0,,United Kingdom,Deciduous,Temperate broadleaf & mixed forests,Europe,United Kingdom site 11
UNI-0307,UNI-0307-T06,2008,2004,0,32.7,Quercus robur,51.41078,-4.31688,0.04,13.0,,United Kingdom,Deciduous,Temperate broadleaf & mixed forests,Europe,United Kingdom site 11
UNI-0307,UNI-0307-T07,2004,,0,15.4,Avicennia germinans,51.41078,-4.31688,0.04,22.0,,United Kingdom,Deciduous,Temperate broadleaf & mixed forests,Europe,United Kingdom site 11
UNI-0307,UNI-0307-T07,2008,2004,0,14.9,Avicennia germinans,51.41078,-4.31688,0.04,22.0,,United Kingdom,Deciduous,Temperate broadleaf & mixed forests,Europe,United Kingdom site 11
UNI-0307,UNI-0307-T08,2004,,0,31.0,Picea abies,51.41078,-4.31688,0.04,24.6,,United Kingdom,Deciduous,Temperate broadleaf & mixed forests,Europe,United Kingdom site 11
UNI-0307,UNI-0307-T08,2008,2004,0,30.4,Picea abies,51.41078,-4.31688,0.04,24.6,,United Kingdom,Deciduous,Temperate broadleaf & mixed forests,Europe,United Kingdom site 11
UNI-0308,UNI-0308-T01,1953,,0,44.5,Tsuga canadensis,55.36264,-3.83595,0.1,34.4,2.655,United Kingdom,Temperate,Temperate broadleaf & mixed forests,Europe,United Kingdom site 12
UNI-0308,UNI-0308-T02,1953,,0,34.0,Shorea leprosula,55.36264,-3.83595,0.1,31.2,2.419,United Kingdom,Temperate,Temperate broadleaf & mixed forests,Europe,United Kingdom site 12
UNI-0308,UNI-0308-T03,1953,,0,10.2,Populus tremula,55.36264,-3.83595,0.1,34.3,2.527,United Kingdom,Temperate,Temperate broadleaf & mixed forests,Europe,United Kingdom site 12
UNI-0308,UNI-0308-T04,1953,,0,17.8,Quercus robur,55.36264,-3.83595,0.1,16.6,0.087,United Kingdom,Temperate,Temperate broadleaf & mixed forests,Europe,United Kingdom site 12
UNI-0308,UNI-0308-T05,1953,,0,27.8,Nothofagus pumilio,55.36264,-3.83595,0.1,18.6,3.905,United Kingdom,Temperate,Temperate broadleaf & mixed forests,Europe,United Kingdom site 12
UNI-0308,UNI-0308-T06,1953,,0,17.2,Quercus robur,55.36264,-3.83595,0.1,15.7,3.909,United Kingdom,Temperate,Temperate broadleaf & mixed forests,Europe,United Kingdom site 12
UNI-0309,UNI-0309-T01,1947,,0,19.5,Betula pendula,56.70986,-4.71981,0.5,19.9,,United Kingdom,Deciduous,Temperate broadleaf & mixed forests,Europe,United Kingdom site 13
UNI-0309,UNI-0309-T02,1947,,0,29.1,Picea abies,56.70986,-4.71981,0.5,9.1,,United Kingdom,Deciduous,Temperate broadleaf & mixed forests,Europe,United Kingdom site 13
UNI-0309,UNI-0309-T03,1947,,0,44.1,Quercus ilex,56.70986,-4.71981,0.5,19.5,,United Kingdom,Deciduous,Temperate broadleaf & mixed forests,Europe,United Kingdom site 13
UNI-0309,UNI-0309-T04,1947,,1,22.0,Rhizophora mangle,56.70986,-4.71981,0.5,28.0,,United Kingdom,Deciduous,Temperate broadleaf & mixed forests,Europe,United Kingdom site 13
UNI-0309,UNI-0309-T05,1947,,0,44.8,Rhizophora mangle,56.70986,-4.71981,0.5,18.7,,United Kingdom,Deciduous,Temperate broadleaf & mixed forests,Europe,United Kingdom site 13
UNI-0309,UNI-0309-T06,1947,,0,21.3,Picea abies,56.70986,-4.71981,0.5,33.5,,United Kingdom,Deciduous,Temperate broadleaf & mixed forests,Europe,United Kingdom site 13
UNI-0309,UNI-0309-T07,1947,,0,45.6,Ocotea aciphylla,56.70986,-4.71981,0.5,36.2,,United Kingdom,Deciduous,Temperate broadleaf & mixed forests,Europe,United Kingdom site 13
UNI-0309,UNI-0309-T08,1947,,0,25.4,Pinus sylvestris,56.70986,-4.71981,0.5,30.1,,United Kingdom,Deciduous,Temperate broadleaf & mixed forests,Europe,United Kingdom site 13
UNI-0309,UNI-0309-T09,1947,,1,52.5,Dipterocarpus grandiflorus,56.70986,-4.71981,0.5,19.7,,United Kingdom,Deciduous,Temperate broadleaf & mixed forests,Europe,United Kingdom site 13
UNI-0309,UNI-0309-T10,1947,,0,19.7,Quercus robur,56.70986,-4.71981,0.5,18.9,,United Kingdom,Deciduous,Temperate broadleaf & mixed forests,Europe,United Kingdom site 13
UNI-0309,UNI-0309-T11,1947,,0,36.2,Khaya ivorensis,56.70986,-4.71981,0.5,15.7,,United Kingdom,Deciduous,Temperate broadleaf & mixed forests,Europe,United Kingdom site 13
UNI-0310,UNI-0310-T01,2008,,0,41.5,Picea abies,56.96721,-4.0041,0.04,34.0,,United Kingdom,Temperate,Temperate broadleaf & mixed forests,Europe,United Kingdom site 14
UNI-0310,UNI-0310-T01,2012,2008,0,42.2,Picea abies,56.96721,-4.0041,0.04,34.0,,United Kingdom,Temperate,Temperate broadleaf & mixed forests,Europe,United Kingdom site 14
UNI-0310,UNI-0310-T02,2008,,0,9.3,Populus tremula,56.96721,-4.0041,0.04,17.0,,United Kingdom,Temperate,Temperate broadleaf & mixed forests,Europe,United Kingdom site 14
UNI-0310,UNI-0310-T02,2012,2008,0,9.7,Populus tremula,56.96721,-4.0041,0.04,17.0,,United Kingdom,Temperate,Temperate broadleaf & mixed forests,Europe,United Kingdom site 14
UNI-0310,UNI-0310-T03,2008,,0,25.1,Quercus robur,56.96721,-4.0041,0.04,14.9,,United Kingdom,Temperate,Temperate broadleaf & mixed forests,Europe,United Kingdom site 14
UNI-0310,UNI-0310-T03,2012,2008,0,24.5,Quercus robur,56.96721,-4.0041,0.04,14.9,,United Kingdom,Temperate,Temperate broadleaf & mixed forests,Europe,United Kingdom site 14
UNI-0310,UNI-0310-T04,2008,,0,49.2,Ocotea aciphylla,56.96721,-4.0041,0.04,29.4,,United Kingdom,Temperate,Temperate broadleaf & mixed forests,Europe,United Kingdom site 14
UNI-0310,UNI-0310-T04,2012,2008,0,48.6,Ocotea aciphylla,56.96721,-4.0041,0.04,29.4,,United Kingdom,Temperate,Temperate broadleaf & mixed forests,Europe,United Kingdom site 14
UNI-0310,UNI-0310-T05,2008,,0,44.1,Populus tremula,56.96721,-4.0041,0.04,36.1,,United Kingdom,Temperate,Temperate broadleaf & mixed forests,Europe,United Kingdom site 14
UNI-0310,UNI-0310-T05,2012,2008,0,44.4,Populus tremula,56.96721,-4.0041,0.04,36.1,,United Kingdom,Temperate,Temperate broadleaf & mixed forests,Europe,United Kingdom site 14
UNI-0310,UNI-0310-T06,2008,,0,8.9,Eperua falcata,56.96721,-4.0041,0.04,11.6,,United Kingdom,Temperate,Temperate broadleaf & mixed forests,Europe,United Kingdom site 14
UNI-0310,UNI-0310-T06,2012,2008,0,7.9,Eperua falcata,56.96721,-4.0041,0.04,11.6,,United Kingdom,Temperate,Temperate broadleaf & mixed forests,Europe,United Kingdom site 14
UNI-0310,UNI-0310-T07,2008,,0,34.5,Betula pendula,56.96721,-4.0041,0.04,32.6,,United Kingdom,Temperate,Temperate broadleaf & mixed forests,Europe,United Kingdom site 14
UNI-0310,UNI-0310-T07,2012,2008,0,35.1,Betula pendula,56.96721,-4.0041,0.04,32.6,,United Kingdom,Temperate,Temperate broadleaf & mixed forests,Europe,United Kingdom site 14
CHI-0311,CHI-0311-T01,2008,,0,26.2,Nothofagus pumilio,30.78213,118.31279,0.1,,3.355,China,Temperate,Temperate broadleaf & mixed forests,Asia,China site 1
CHI-0311,CHI-0311-T02,2008,,0,15.4,Picea abies,30.78213,118.31279,0.1,,3.472,China,Temperate,Temperate broadleaf & mixed forests,Asia,China site 1
CHI-0311,CHI-0311-T03,2008,,0,25.8,Avicennia germinans,30.78213,118.31279,0.1,,0.461,China,Temperate,Temperate broadleaf & mixed forests,Asia,China site 1
CHI-0311,CHI-0311-T04,2008,,0,49.3,Ocotea aciphylla,30.78213,118.31279,0.1,,2.25,China,Temperate,Temperate broadleaf & mixed forests,Asia,China site 1
CHI-0311,CHI-0311-T05,2008,,0,22.0,Ocotea aciphylla,30.78213,118.31279,0.1,,1.706,China,Temperate,Temperate broadleaf & mixed forests,Asia,China site 1
CHI-0311,CHI-0311-T06,2008,,0,49.2,Fagus sylvatica,30.78213,118.31279,0.1,,3.658,China,Temperate,Temperate broadleaf & mixed forests,Asia,China site 1
CHI-0312,CHI-0312-T01,1941,,0,9.0,Inga edulis,37.67052,115.3261,0.1,16.9,1.331,China,Coniferous,Temperate broadleaf & mixed forests,Asia,China site 2
CHI-0312,CHI-0312-T02,1941,,0,49.7,Ocotea aciphylla,37.67052,115.3261,0.1,20.7,2.092,China,Coniferous,Temperate broadleaf & mixed forests,Asia,China site 2
CHI-0312,CHI-0312-T03,1941,,0,11.5,Ocotea aciphylla,37.67052,115.3261,0.1,11.1,2.084,China,Coniferous,Temperate broadleaf & mixed forests,Asia,China site 2
CHI-0312,CHI-0312-T04,1941,,0,33.0,Eucalyptus camaldulensis,37.67052,115.3261,0.1,18.8,3.629,China,Coniferous,Temperate broadleaf & mixed forests,Asia,China site 2
CHI-0312,CHI-0312-T05,1941,,0,36.7,Avicennia germinans,37.67052,115.3261,0.1,27.2,1.05,China,Coniferous,Temperate broadleaf & mixed forests,Asia,China site 2
CHI-0312,CHI-0312-T06,1941,,0,19.7,Fagus sylvatica,37.67052,115.3261,0.1,22.6,1.395,China,Coniferous,Temperate broadleaf & mixed forests,Asia,China site 2
CHI-0313,CHI-0313-T01,1951,,0,56.0,Acer saccharum,39.08053,106.88741,0.1,16.9,,China,Coniferous,Temperate broadleaf & mixed forests,Asia,China site 3
CHI-0313,CHI-0313-T02,1951,,0,35.2,Dipterocarpus grandiflorus,39.08053,106.88741,0.1,17.7,,China,Coniferous,Temperate broadleaf & mixed forests,Asia,China site 3
CHI-0313,CHI-0313-T03,1951,,0,28.7,Acer saccharum,39.08053,106.88741,0.1,12.9,,China,Coniferous,Temperate broadleaf & mixed forests,Asia,China site 3
CHI-0313,CHI-0313-T04,1951,,0,49.6,Shorea leprosula,39.08053,106.88741,0.1,19.8,,China,Coniferous,Temperate broadleaf & mixed forests,Asia,China site 3
CHI-0313,CHI-0313-T05,1951,,0,56.2,Betula pendula,39.08053,106.88741,0.1,13.6,,China,Coniferous,Temperate broadleaf & mixed forests,Asia,China site 3
CHI-0314,CHI-0314-T01,1946,,1,30.5,Rhizophora mangle,28.55284,115.59939,1.0,15.5,,China,Coniferous,Temperate broadleaf & mixed forests,Asia,China site 4
CHI-0314,CHI-0314-T01,1950,1946,0,30.0,Rhizophora mangle,28.55284,115.59939,1.0,15.5,,China,Coniferous,Temperate broadleaf & mixed forests,Asia,China site 4
CHI-0314,CHI-0314-T02,1946,,0,59.1,Avicennia germinans,28.55284,115.59939,1.0,33.8,,China,Coniferous,Temperate broadleaf & mixed forests,Asia,China site 4
CHI-0314,CHI-0314-T02,1950,1946,0,57.8,Avicennia germinans,28.55284,115.59939,1.0,33.8,,China,Coniferous,Temperate broadleaf & mixed forests,Asia,China site 4
CHI-0314,CHI-0314-T03,1946,,0,33.7,Inga edulis,28.55284,115.59939,1.0,28.7,,China,Coniferous,Temperate broadleaf & mixed forests,Asia,China site 4
CHI-0314,CHI-0314-T03,1950,1946,0,34.7,Inga edulis,28.55284,115.59939,1.0,28.7,,China,Coniferous,Temperate broadleaf & mixed forests,Asia,China site 4
CHI-0314,CHI-0314-T04,1946,,0,53.1,Eucalyptus camaldulensis,28.55284,115.59939,1.0,26.2,,China,Coniferous,Temperate broadleaf & mixed forests,Asia,China site 4
CHI-0314,CHI-0314-T04,1950,1946,0,51.9,Eucalyptus camaldulensis,28.55284,115.59939,1.0,26.2,,China,Coniferous,Temperate broadleaf & mixed forests,Asia,China site 4
CHI-0314,CHI-0314-T05,1946,,0,61.7,Eucalyptus camaldulensis,28.55284,115.59939,1.0,25.7,,China,Coniferous,Temperate broadleaf & mixed forests,Asia,China site 4
CHI-0314,CHI-0314-T05,1950,1946,0,62.0,Eucalyptus camaldulensis,28.55284,115.59939,1.0,25.7,,China,Coniferous,Temperate broadleaf & mixed forests,Asia,China site 4
CHI-0314,CHI-0314-T06,1946,,1,22.0,Populus tremula,28.55284,115.59939,1.0,18.4,,China,Coniferous,Temperate broadleaf & mixed forests,Asia,China site 4
CHI-0314,CHI-0314-T06,1950,1946,0,22.4,Populus tremula,28.55284,115.59939,1.0,18.4,,China,Coniferous,Temperate broadleaf & mixed forests,Asia,China site 4
CHI-0314,CHI-0314-T07,1946,,0,18.8,Avicennia germinans,28.55284,115.59939,1.0,20.5,,China,Coniferous,Temperate broadleaf & mixed forests,Asia,China site 4
CHI-0314,CHI-0314-T07,1950,1946,0,18.2,Avicennia germinans,28.55284,115.59939,1.0,20.5,,China,Coniferous,Temperate broadleaf & mixed forests,Asia,China site 4
CHI-0315,CHI-0315-T01,1955,,0,25.0,Quercus robur,39.47186,113.12409,0.5,28.5,,China,Coniferous,Temperate broadleaf & mixed forests,Asia,China site 5
CHI-0315,CHI-0315-T02,1955,,0,32.3,Cecropia obtusa,39.47186,113.12409,0.5,30.1,,China,Coniferous,Temperate broadleaf & mixed forests,Asia,China site 5
CHI-0315,CHI-0315-T03,1955,,0,35.0,Rhizophora mangle,39.47186,113.12409,0.5,18.2,,China,Coniferous,Temperate broadleaf & mixed forests,Asia,China site 5
CHI-0315,CHI-0315-T04,1955,,0,53.9,Cecropia obtusa,39.47186,113.12409,0.5,25.6,,China,Coniferous,Temperate broadleaf & mixed forests,Asia,China site 5
CHI-0315,CHI-0315-T05,1955,,0,52.9,Populus tremula,39.47186,113.12409,0.5,23.8,,China,Coniferous,Temperate broadleaf & mixed forests,Asia,China site 5
CHI-0315,CHI-0315-T06,1955,,0,33.8,Acer saccharum,39.47186,113.12409,0.5,33.8,,China,Coniferous,Temperate broadleaf & mixed forests,Asia,China site 5
CHI-0315,CHI-0315-T07,1955,,1,32.6,Betula pendula,39.47186,113.12409,0.5,14.2,,China,Coniferous,Temperate broadleaf & mixed forests,Asia,China site 5
CHI-0316,CHI-0316-T01,1949,,0,59.0,Acer saccharum,35.54539,110.81236,1.0,12.4,,China,Mixed,Temperate broadleaf & mixed forests,Asia,China site 6
CHI-0316,CHI-0316-T02,1949,,0,53.1,Pinus sylvestris,35.54539,110.81236,1.0,32.9,,China,Mixed,Temperate broadleaf & mixed forests,Asia,China site 6
CHI-0316,CHI-0316-T03,1949,,0,31.0,Avicennia germinans,35.54539,110.81236,1.0,11.6,,China,Mixed,Temperate broadleaf & mixed forests,Asia,China site 6
CHI-0316,CHI-0316-T04,1949,,0,16.9,Cecropia obtusa,35.54539,110.81236,1.0,31.4,,China,Mixed,Temperate broadleaf & mixed forests,Asia,China site 6
CHI-0316,CHI-0316-T05,1949,,0,28.1,Nothofagus pumilio,35.54539,110.81236,1.0,16.7,,China,Mixed,Temperate broadleaf & mixed forests,Asia,China site 6
CHI-0316,CHI-0316-T06,1949,,0,39.2,Inga edulis,35.54539,110.81236,1.0,15.0,,China,Mixed,Temperate broadleaf & mixed forests,Asia,China site 6
CHI-0317,CHI-0317-T01,1936,,0,8.4,Juniperus thurifera,41.12919,107.67958,0.04,25.5,,China,Mixed,Temperate broadleaf & mixed forests,Asia,China site 7
CHI-0317,CHI-0317-T01,1941,1936,0,9.3,Juniperus thurifera,41.12919,107.67958,0.04,25.5,,China,Mixed,Temperate broadleaf & mixed forests,Asia,China site 7
CHI-0317,CHI-0317-T02,1936,,0,50.9,Juniperus thurifera,41.12919,107.67958,0.04,8.4,,China,Mixed,Temperate broadleaf & mixed forests,Asia,China site 7
CHI-0317,CHI-0317-T02,1941,1936,0,49.7,Juniperus thurifera,41.12919,107.67958,0.04,8.4,,China,Mixed,Temperate broadleaf & mixed forests,Asia,China site 7
CHI-0317,CHI-0317-T03,1936,,0,52.8,Avicennia germinans,41.12919,107.67958,0.04,9.8,,China,Mixed,Temperate broadleaf & mixed forests,Asia,China site 7
CHI-0317,CHI-0317-T03,1941,1936,0,52.0,Avicennia germinans,41.12919,107.67958,0.04,9.8,,China,Mixed,Temperate broadleaf & mixed forests,Asia,China site 7
CHI-0317,CHI-0317-T04,1936,,0,57.8,Quercus robur,41.12919,107.67958,0.04,32.2,,China,Mixed,Temperate broadleaf & mixed forests,Asia,China site 7
CHI-0317,CHI-0317-T04,1941,1936,0,56.9,Quercus robur,41.12919,107.67958,0.04,32.2,,China,Mixed,Temperate broadleaf & mixed forests,Asia,China site 7
CHI-0317,CHI-0317-T05,1936,,0,45.0,Eperua falcata,41.12919,107.67958,0.04,36.2,,China,Mixed,Temperate broadleaf & mixed forests,Asia,China site 7
CHI-0317,CHI-0317-T05,1941,1936,0,44.9,Eperua falcata,41.12919,107.67958,0.04,36.2,,China,Mixed,Temperate broadleaf & mixed forests,Asia,China site 7
CHI-0318,CHI-0318-T01,1958,,0,57.5,Shorea leprosula,28.99224,118.95317,0.1,19.3,,China,Coniferous,Temperate broadleaf & mixed forests,Asia,China site 8
CHI-0318,CHI-0318-T02,1958,,0,54.6,Picea abies,28.99224,118.95317,0.1,21.2,,China,Coniferous,Temperate broadleaf & mixed forests,Asia,China site 8
CHI-0318,CHI-0318-T03,1958,,0,31.4,Rhizophora mangle,28.99224,118.95317,0.1,15.2,,China,Coniferous,Temperate broadleaf & mixed forests,Asia,China site 8
CHI-0318,CHI-0318-T04,1958,,0,20.0,Nothofagus pumilio,28.99224,118.95317,0.1,24.9,,China,Coniferous,Temperate broadleaf & mixed forests,Asia,China site 8
CHI-0318,CHI-0318-T05,1958,,0,22.0,Eperua falcata,28.99224,118.95317,0.1,12.7,,China,Coniferous,Temperate broadleaf & mixed forests,Asia,China site 8
CHI-0318,CHI-0318-T06,1958,,0,52.2,Quercus ilex,28.99224,118.95317,0.1,24.5,,China,Coniferous,Temperate broadleaf & mixed forests,Asia,China site 8
CHI-0319,CHI-0319-T01,1948,,0,47.9,Populus tremula,31.72142,105.6098,0.04,,1.027,China,Mixed,Temperate broadleaf & mixed forests,Asia,China site 9
CHI-0319,CHI-0319-T02,1948,,0,61.5,Acer saccharum,31.72142,105.6098,0.04,,2.23,China,Mixed,Temperate broadleaf & mixed forests,Asia,China site 9
CHI-0319,CHI-0319-T03,1948,,0,16.6,Pinus sylvestris,31.72142,105.6098,0.04,,2.585,China,Mixed,Temperate broadleaf & mixed forests,Asia,China site 9
CHI-0319,CHI-0319-T04,1948,,0,26.8,Populus tremula,31.72142,105.6098,0.04,,0.234,China,Mixed,Temperate broadleaf & mixed forests,Asia,China site 9
CHI-0319,CHI-0319-T05,1948,,0,52.1,Juniperus thurifera,31.72142,105.6098,0.04,,0.287,China,Mixed,Temperate broadleaf & mixed forests,Asia,China site 9
CHI-0319,CHI-0319-T06,1948,,0,32.4,Cecropia obtusa,31.72142,105.6098,0.04,,2.914,China,Mixed,Temperate broadleaf & mixed forests,Asia,China site 9
CHI-0319,CHI-0319-T07,1948,,0,54.6,Rhizophora mangle,31.72142,105.6098,0.04,,2.497,China,Mixed,Temperate broadleaf & mixed forests,Asia,China site 9
CHI-0319,CHI-0319-T08,1948,,0,39.8,Tsuga canadensis,31.72142,105.6098,0.04,,1.206,China,Mixed,Temperate broadleaf & mixed forests,Asia,China site 9
CHI-0319,CHI-0319-T09,1948,,1,28.2,Juniperus thurifera,31.72142,105.6098,0.04,,2.048,China,Mixed,Temperate broadleaf & mixed forests,Asia,China site 9
CHI-0320,CHI-0320-T01,1962,,0,31.5,Nothofagus pumilio,41.26505,113.37635,1.0,32.5,1.896,China,Temperate,Temperate broadleaf & mixed forests,Asia,China site 10
CHI-0320,CHI-0320-T02,1962,,1,48.7,Ocotea aciphylla,41.26505,113.37635,1.0,33.4,0.117,China,Temperate,Temperate broadleaf & mixed forests,Asia,China site 10
CHI-0320,CHI-0320-T03,1962,,0,43.9,Quercus robur,41.26505,113.37635,1.0,35.7,2.551,China,Temperate,Temperate broadleaf & mixed forests,Asia,China site 10
CHI-0320,CHI-0320-T04,1962,,0,40.1,Acer saccharum,41.26505,113.37635,1.0,13.0,3.477,China,Temperate,Temperate broadleaf & mixed forests,Asia,China site 10
CHI-0320,CHI-0320-T05,1962,,0,55.6,Dipterocarpus grandiflorus,41.26505,113.37635,1.0,15.1,0.166,China,Temperate,Temperate broadleaf & mixed forests,Asia,China site 10
CHI-0320,CHI-0320-T06,1962,,0,57.3,Juniperus thurifera,41.26505,113.37635,1.0,25.5,0.797,China,Temperate,Temperate broadleaf & mixed forests,Asia,China site 10
CHI-0320,CHI-0320-T07,1962,,0,21.4,Tsuga canadensis,41.26505,113.37635,1.0,13.2,4.309,China,Temperate,Temperate broadleaf & mixed forests,Asia,China site 10
CHI-0320,CHI-0320-T08,1962,,0,10.2,Pinus sylvestris,41.26505,113.37635,1.0,32.3,4.078,China,Temperate,Temperate broadleaf & mixed forests,Asia,China site 10
CHI-0320,CHI-0320-T09,1962,,0,54.1,Ocotea aciphylla,41.26505,113.37635,1.0,9.8,2.789,China,Temperate,Temperate broadleaf & mixed forests,Asia,China site 10
CHI-0320,CHI-0320-T10,1962,,1,23.3,Eperua falcata,41.26505,113.37635,1.0,31.9,3.08,China,Temperate,Temperate broadleaf & mixed forests,Asia,China site 10
CHI-0320,CHI-0320-T11,1962,,0,39.4,Inga edulis,41.26505,113.37635,1.0,32.4,3.642,China,Temperate,Temperate broadleaf & mixed forests,Asia,China site 10
CHI-0321,CHI-0321-T01,1978,,0,41.7,Tsuga canadensis,35.0657,114.86298,1.0,,3.403,China,Coniferous,Temperate broadleaf & mixed forests,Asia,China site 11
CHI-0321,CHI-0321-T02,1978,,0,23.9,Acer saccharum,35.0657,114.86298,1.0,,1.123,China,Coniferous,Temperate broadleaf & mixed forests,Asia,China site 11
CHI-0321,CHI-0321-T03,1978,,0,31.0,Juniperus thurifera,35.0657,114.86298,1.0,,0.052,China,Coniferous,Temperate broadleaf & mixed forests,Asia,China site 11
CHI-0321,CHI-0321-T04,1978,,0,38.5,Ocotea aciphylla,35.0657,114.86298,1.0,,3.337,China,Coniferous,Temperate broadleaf & mixed forests,Asia,China site 11
CHI-0321,CHI-0321-T05,1978,,0,14.6,Populus tremula,35.0657,114.86298,1.0,,3.746,China,Coniferous,Temperate broadleaf & mixed forests,Asia,China site 11
CHI-0321,CHI-0321-T06,1978,,1,12.9,Shorea leprosula,35.0657,114.86298,1.0,,3.961,China,Coniferous,Temperate broadleaf & mixed forests,Asia,China site 11
CHI-0321,CHI-0321-T07,1978,,0,48.6,Eperua falcata,35.0657,114.86298,1.0,,1.78,China,Coniferous,Temperate broadleaf & mixed forests,Asia,China site 11
CHI-0321,CHI-0321-T08,1978,,1,40.5,Quercus ilex,35.0657,114.86298,1.0,,0.62,China,Coniferous,Temperate broadleaf & mixed forests,Asia,China site 11
CHI-0321,CHI-0321-T09,1978,,0,21.1,Betula pendula,35.0657,114.86298,1.0,,2.244,China,Coniferous,Temperate broadleaf & mixed forests,Asia,China site 11
CHI-0321,CHI-0321-T10,1978,,0,32.8,Avicennia germinans,35.0657,114.86298,1.0,,2.654,China,Coniferous,Temperate broadleaf & mixed forests,Asia,China site 11
CHI-0321,CHI-0321-T11,1978,,0,56.9,Pinus sylvestris,35.0657,114.86298,1.0,,1.74,China,Coniferous,Temperate broadleaf & mixed forests,Asia,China site 11
CHI-0322,CHI-0322-T01,1993,,0,42.6,Shorea leprosula,35.88403,108.20892,1.0,,2.557,China,Mixed,Temperate broadleaf & mixed forests,Asia,China site 12
CHI-0322,CHI-0322-T02,1993,,0,41.6,Eperua falcata,35.88403,108.20892,1.0,,3.59,China,Mixed,Temperate broadleaf & mixed forests,Asia,China site 12
CHI-0322,CHI-0322-T03,1993,,0,29.4,Acer saccharum,35.88403,108.20892,1.0,,0.361,China,Mixed,Temperate broadleaf & mixed forests,Asia,China site 12
CHI-0322,CHI-0322-T04,1993,,0,28.1,Avicennia germinans,35.88403,108.20892,1.0,,3.257,China,Mixed,Temperate broadleaf & mixed forests,Asia,China site 12
CHI-0322,CHI-0322-T05,1993,,0,54.2,Cecropia obtusa,35.88403,108.20892,1.0,,1.248,China,Mixed,Temperate broadleaf & mixed forests,Asia,China site 12
CHI-0322,CHI-0322-T06,1993,,0,54.1,Milicia excelsa,35.88403,108.20892,1.0,,2.84,China,Mixed,Temperate broadleaf & mixed forests,Asia,China site 12
CHI-0322,CHI-0322-T07,1993,,0,13.6,Inga edulis,35.88403,108.20892,1.0,,4.078,China,Mixed,Temperate broadleaf & mixed forests,Asia,China site 12
CHI-0322,CHI-0322-T08,1993,,0,31.0,Quercus ilex,35.88403,108.20892,1.0,,2.03,China,Mixed,Temperate broadleaf & mixed forests,Asia,China site 12
CHI-0322,CHI-0322-T09,1993,,0,8.2,Quercus robur,35.88403,108.20892,1.0,,2.677,China,Mixed,Temperate broadleaf & mixed forests,Asia,China site 12
CHI-0322,CHI-0322-T10,1993,,0,56.7,Nothofagus pumilio,35.88403,108.20892,1.0,,1.433,China,Mixed,Temperate broadleaf & mixed forests,Asia,China site 12
CHI-0322,CHI-0322-T11,1993,,0,18.3,Fagus sylvatica,35.88403,108.20892,1.0,,3.179,China,Mixed,Temperate broadleaf & mixed forests,Asia,China site 12
CHI-0323,CHI-0323-T01,1959,,0,54.4,Populus tremula,32.22578,109.50501,0.1,18.6,1.444,China,Coniferous,Temperate broadleaf & mixed forests,Asia,China site 13
CHI-0323,CHI-0323-T02,1959,,0,13.4,Betula pendula,32.22578,109.50501,0.1,27.2,1.362,China,Coniferous,Temperate broadleaf & mixed forests,Asia,China site 13
CHI-0323,CHI-0323-T03,1959,,0,35.9,Fagus sylvatica,32.22578,109.50501,0.1,21.2,4.13,China,Coniferous,Temperate broadleaf & mixed forests,Asia,China site 13
CHI-0323,CHI-0323-T04,1959,,0,22.1,Betula pendula,32.22578,109.50501,0.1,26.2,0.588,China,Coniferous,Temperate broadleaf & mixed forests,Asia,China site 13
CHI-0323,CHI-0323-T05,1959,,0,54.4,Shorea leprosula,32.22578,109.50501,0.1,12.6,0.439,China,Coniferous,Temperate broadleaf & mixed forests,Asia,China site 13
CHI-0323,CHI-0323-T06,1959,,0,41.9,Shorea leprosula,32.22578,109.50501,0.1,28.3,3.158,China,Coniferous,Temperate broadleaf & mixed forests,Asia,China site 13
CHI-0323,CHI-0323-T07,1959,,0,39.9,Picea abies,32.22578,109.50501,0.1,30.1,4.362,China,Coniferous,Temperate broadleaf & mixed forests,Asia,China site 13
CHI-0323,CHI-0323-T08,1959,,0,34.1,Nothofagus pumilio,32.22578,109.50501,0.1,9.2,2.227,China,Coniferous,Temperate broadleaf & mixed forests,Asia,China site 13
CHI-0323,CHI-0323-T09,1959,,0,18.7,Juniperus thurifera,32.22578,109.50501,0.1,14.3,1.07,China,Coniferous,Temperate broadleaf & mixed forests,Asia,China site 13
CHI-0323,CHI-0323-T10,1959,,0,61.3,Juniperus thurifera,32.22578,109.50501,0.1,20.9,0.447,China,Coniferous,Temperate broadleaf & mixed forests,Asia,China site 13
CHI-0324,CHI-0324-T01,1963,,0,33.2,Eperua falcata,34.44518,107.34161,0.25,24.3,,China,Coniferous,Temperate broadleaf & mixed forests,Asia,China site 14
CHI-0324,CHI-0324-T01,1967,1963,0,32.5,Eperua falcata,34.44518,107.34161,0.25,24.3,,China,Coniferous,Temperate broadleaf & mixed forests,Asia,China site 14
CHI-0324,CHI-0324-T02,1963,,0,35.2,Khaya ivorensis,34.44518,107.34161,0.25,31.5,,China,Coniferous,Temperate broadleaf & mixed forests,Asia,China site 14
CHI-0324,CHI-0324-T02,1967,1963,0,35.5,Khaya ivorensis,34.44518,107.34161,0.25,31.5,,China,Coniferous,Temperate broadleaf & mixed forests,Asia,China site 14
CHI-0324,CHI-0324-T03,1963,,0,45.8,Eperua falcata,34.44518,107.34161,0.25,29.3,,China,Coniferous,Temperate broadleaf & mixed forests,Asia,China site 14
CHI-0324,CHI-0324-T03,1967,1963,0,45.4,Eperua falcata,34.44518,107.34161,0.25,29.3,,China,Coniferous,Temperate broadleaf & mixed forests,Asia,China site 14
CHI-0324,CHI-0324-T04,1963,,0,29.5,Shorea leprosula,34.44518,107.34161,0.25,11.8,,China,Coniferous,Temperate broadleaf & mixed forests,Asia,China site 14
CHI-0324,CHI-0324-T04,1967,1963,0,29.6,Shorea leprosula,34.44518,107.34161,0.25,11.8,,China,Coniferous,Temperate broadleaf & mixed forests,Asia,China site 14
CHI-0324,CHI-0324-T05,1963,,0,55.2,Khaya ivorensis,34.44518,107.34161,0.25,30.1,,China,Coniferous,Temperate broadleaf & mixed forests,Asia,China site 14
CHI-0324,CHI-0324-T05,1967,1963,0,54.5,Khaya ivorensis,34.44518,107.34161,0.25,30.1,,China,Coniferous,Temperate broadleaf & mixed forests,Asia,China site 14
CHI-0325,CHI-0325-T01,1973,,0,8.5,Ocotea aciphylla,40.58634,115.54272,0.04,11.2,0.841,China,Coniferous,Temperate broadleaf & mixed forests,Asia,China site 15
CHI-0325,CHI-0325-T02,1973,,0,58.4,Milicia excelsa,40.58634,115.54272,0.04,20.2,3.411,China,Coniferous,Temperate broadleaf & mixed forests,Asia,China site 15
CHI-0325,CHI-0325-T03,1973,,0,17.3,Rhizophora mangle,40.58634,115.54272,0.04,20.3,2.659,China,Coniferous,Temperate broadleaf & mixed forests,Asia,China site 15
CHI-0325,CHI-0325-T04,1973,,0,42.9,Acer saccharum,40.58634,115.54272,0.04,10.7,4.257,China,Coniferous,Temperate broadleaf & mixed forests,Asia,China site 15
CHI-0325,CHI-0325-T05,1973,,0,57.8,Populus tremula,40.58634,115.54272,0.04,10.6,2.572,China,Coniferous,Temperate broadleaf & mixed forests,Asia,China site 15
CHI-0325,CHI-0325-T06,1973,,0,50.6,Quercus robur,40.58634,115.54272,0.04,26.2,2.955,China,Coniferous,Temperate broadleaf & mixed forests,Asia,China site 15
CHI-0326,CHI-0326-T01,1945,,0,10.1,Rhizophora mangle,31.17405,114.79169,1.0,,,China,Temperate,Temperate broadleaf & mixed forests,Asia,China site 16
CHI-0326,CHI-0326-T02,1945,,0,22.2,Quercus robur,31.17405,114.79169,1.0,,,China,Temperate,Temperate broadleaf & mixed forests,Asia,China site 16
CHI-0326,CHI-0326-T03,1945,,1,52.7,Eperua falcata,31.17405,114.79169,1.0,,,China,Temperate,Temperate broadleaf & mixed forests,Asia,China site 16
CHI-0326,CHI-0326-T04,1945,,0,27.5,Juniperus thurifera,31.17405,114.79169,1.0,,,China,Temperate,Temperate broadleaf & mixed forests,Asia,China site 16
CHI-0326,CHI-0326-T05,1945,,0,33.8,Pinus sylvestris,31.17405,114.79169,1.0,,,China,Temperate,Temperate broadleaf & mixed forests,Asia,China site 16
CHI-0326,CHI-0326-T06,1945,,0,9.0,Fagus sylvatica,31.17405,114.79169,1.0,,,China,Temperate,Temperate broadleaf & mixed forests,Asia,China site 16
CHI-0326,CHI-0326-T07,1945,,0,10.7,Pinus sylvestris,31.17405,114.79169,1.0,,,China,Temperate,Temperate broadleaf & mixed forests,Asia,China site 16
CHI-0326,CHI-0326-T08,1945,,0,19.9,Juniperus thurifera,31.17405,114.79169,1.0,,,China,Temperate,Temperate broadleaf & mixed forests,Asia,China site 16
CHI-0326,CHI-0326-T09,1945,,0,37.1,Tsuga canadensis,31.17405,114.79169,1.0,,,China,Temperate,Temperate broadleaf & mixed forests,Asia,China site 16
CHI-0326,CHI-0326-T10,1945,,0,24.1,Acer saccharum,31.17405,114.79169,1.0,,,China,Temperate,Temperate broadleaf & mixed forests,Asia,China site 16
CHI-0326,CHI-0326-T11,1945,,0,59.3,Pinus sylvestris,31.17405,114.79169,1.0,,,China,Temperate,Temperate broadleaf & mixed forests,Asia,China site 16
CHI-0327,CHI-0327-T01,1964,,1,30.7,Fagus sylvatica,37.43089,119.96051,0.5,,,China,Mixed,Temperate broadleaf & mixed forests,Asia,China site 17
CHI-0327,CHI-0327-T01,1968,1964,0,30.5,Fagus sylvatica,37.43089,119.96051,0.5,,,China,Mixed,Temperate broadleaf & mixed forests,Asia,China site 17
CHI-0327,CHI-0327-T02,1964,,0,29.6,Eperua falcata,37.43089,119.96051,0.5,,,China,Mixed,Temperate broadleaf & mixed forests,Asia,China site 17
CHI-0327,CHI-0327-T02,1968,1964,0,29.1,Eperua falcata,37.43089,119.96051,0.5,,,China,Mixed,Temperate broadleaf & mixed forests,Asia,China site 17
CHI-0327,CHI-0327-T03,1964,,0,33.6,Fagus sylvatica,37.43089,119.96051,0.5,,,China,Mixed,Temperate broadleaf & mixed forests,Asia,China site 17
CHI-0327,CHI-0327-T03,1968,1964,0,33.7,Fagus sylvatica,37.43089,119.96051,0.5,,,China,Mixed,Temperate broadleaf & mixed forests,Asia,China site 17
CHI-0327,CHI-0327-T04,1964,,0,8.6,Ocotea aciphylla,37.43089,119.96051,0.5,,,China,Mixed,Temperate broadleaf & mixed forests,Asia,China site 17
CHI-0327,CHI-0327-T04,1968,1964,0,8.4,Ocotea aciphylla,37.43089,119.96051,0.5,,,China,Mixed,Temperate broadleaf & mixed forests,Asia,China site 17
CHI-0327,CHI-0327-T05,1964,,0,32.0,Pinus sylvestris,37.43089,119.96051,0.5,,,China,Mixed,Temperate broadleaf & mixed forests,Asia,China site 17
CHI-0327,CHI-0327-T05,1968,1964,0,32.0,Pinus sylvestris,37.43089,119.96051,0.5,,,China,Mixed,Temperate broadleaf & mixed forests,Asia,China site 17
CHI-0327,CHI-0327-T06,1964,,0,50.5,Tsuga canadensis,37.43089,119.96051,0.5,,,China,Mixed,Temperate broadleaf & mixed forests,Asia,China site 17
CHI-0327,CHI-0327-T06,1968,1964,0,50.6,Tsuga canadensis,37.43089,119.96051,0.5,,,China,Mixed,Temperate broadleaf & mixed forests,Asia,China site 17
CHI-0327,CHI-0327-T07,1964,,0,60.1,Pinus sylvestris,37.43089,119.96051,0.5,,,China,Mixed,Temperate broadleaf & mixed forests,Asia,China site 17
CHI-0327,CHI-0327-T07,1968,1964,0,59.6,Pinus sylvestris,37.43089,119.96051,0.5,,,China,Mixed,Temperate broadleaf & mixed forests,Asia,China site 17
CHI-0327,CHI-0327-T08,1964,,0,56.6,Shorea leprosula,37.43089,119.96051,0.5,,,China,Mixed,Temperate broadleaf & mixed forests,Asia,China site 17
CHI-0327,CHI-0327-T08,1968,1964,0,55.3,Shorea leprosula,37.43089,119.96051,0.5,,,China,Mixed,Temperate broadleaf & mixed forests,Asia,China site 17
CHI-0327,CHI-0327-T09,1964,,0,43.6,Avicennia germinans,37.43089,119.96051,0.5,,,China,Mixed,Temperate broadleaf & mixed forests,Asia,China site 17
CHI-0327,CHI-0327-T09,1968,1964,0,44.3,Avicennia germinans,37.43089,119.96051,0.5,,,China,Mixed,Temperate broadleaf & mixed forests,Asia,China site 17
CHI-0327,CHI-0327-T10,1964,,0,30.8,Fagus sylvatica,37.43089,119.96051,0.5,,,China,Mixed,Temperate broadleaf & mixed forests,Asia,China site 17
CHI-0327,CHI-0327-T10,1968,1964,0,30.3,Fagus sylvatica,37.43089,119.96051,0.5,,,China,Mixed,Temperate broadleaf & mixed forests,Asia,China site 17
CHI-0327,CHI-0327-T11,1964,,0,52.2,Fagus sylvatica,37.43089,119.96051,0.5,,,China,Mixed,Temperate broadleaf & mixed forests,Asia,China site 17
CHI-0327,CHI-0327-T11,1968,1964,0,51.5,Fagus sylvatica,37.43089,119.96051,0.5,,,China,Mixed,Temperate broadleaf & mixed forests,Asia,China site 17
CHI-0328,CHI-0328-T01,2007,,0,31.8,Nothofagus pumilio,33.57938,111.51737,0.1,,,China,Mixed,Temperate broadleaf & mixed forests,Asia,China site 18
CHI-0328,CHI-0328-T01,2017,2007,0,31.1,Nothofagus pumilio,33.57938,111.51737,0.1,,,China,Mixed,Temperate broadleaf & mixed forests,Asia,China site 18
CHI-0328,CHI-0328-T02,2007,,0,17.3,Tsuga canadensis,33.57938,111.51737,0.1,,,China,Mixed,Temperate broadleaf & mixed forests,Asia,China site 18
CHI-0328,CHI-0328-T02,2017,2007,0,17.4,Tsuga canadensis,33.57938,111.51737,0.1,,,China,Mixed,Temperate broadleaf & mixed forests,Asia,China site 18
CHI-0328,CHI-0328-T03,2007,,0,24.6,Rhizophora mangle,33.57938,111.51737,0.1,,,China,Mixed,Temperate broadleaf & mixed forests,Asia,China site 18
CHI-0328,CHI-0328-T03,2017,2007,0,25.1,Rhizophora mangle,33.57938,111.51737,0.1,,,China,Mixed,Temperate broadleaf & mixed forests,Asia,China site 18
CHI-0328,CHI-0328-T04,2007,,0,31.1,Ocotea aciphylla,33.57938,111.51737,0.1,,,China,Mixed,Temperate broadleaf & mixed forests,Asia,China site 18
CHI-0328,CHI-0328-T04,2017,2007,0,31.9,Ocotea aciphylla,33.57938,111.51737,0.1,,,China,Mixed,Temperate broadleaf & mixed forests,Asia,China site 18
CHI-0328,CHI-0328-T05,2007,,0,38.8,Rhizophora mangle,33.57938,111.51737,0.1,,,China,Mixed,Temperate broadleaf & mixed forests,Asia,China site 18
CHI-0328,CHI-0328-T05,2017,2007,0,39.7,Rhizophora mangle,33.57938,111.51737,0.1,,,China,Mixed,Temperate broadleaf & mixed forests,Asia,China site 18
CHI-0329,CHI-0329-T01,1998,,0,28.4,Populus tremula,40.93793,106.34392,0.5,30.8,1.893,China,Coniferous,Temperate broadleaf & mixed forests,Asia,China site 19
CHI-0329,CHI-0329-T01,2008,1998,0,28.6,Populus tremula,40.93793,106.34392,0.5,30.8,1.893,China,Coniferous,Temperate broadleaf & mixed forests,Asia,China site 19
CHI-0329,CHI-0329-T02,1998,,0,47.6,Cecropia obtusa,40.93793,106.34392,0.5,16.0,2.945,China,Coniferous,Temperate broadleaf & mixed forests,Asia,China site 19
CHI-0329,CHI-0329-T02,2008,1998,0,48.0,Cecropia obtusa,40.93793,106.34392,0.5,16.0,2.945,China,Coniferous,Temperate broadleaf & mixed forests,Asia,China site 19
CHI-0329,CHI-0329-T03,1998,,0,41.8,Eperua falcata,40.93793,106.34392,0.5,17.4,3.344,China,Coniferous,Temperate broadleaf & mixed forests,Asia,China site 19
CHI-0329,CHI-0329-T03,2008,1998,0,42.7,Eperua falcata,40.93793,106.34392,0.5,17.4,3.344,China,Coniferous,Temperate broadleaf & mixed forests,Asia,China site 19
CHI-0329,CHI-0329-T04,1998,,0,40.6,Juniperus thurifera,40.93793,106.34392,0.5,33.1,0.166,China,Coniferous,Temperate broadleaf & mixed forests,Asia,China site 19
CHI-0329,CHI-0329-T04,2008,1998,0,39.8,Juniperus thurifera,40.93793,106.34392,0.5,33.1,0.166,China,Coniferous,Temperate broadleaf & mixed forests,Asia,China site 19
CHI-0329,CHI-0329-T05,1998,,0,24.5,Fagus sylvatica,40.93793,106.34392,0.5,33.4,2.865,China,Coniferous,Temperate broadleaf & mixed forests,Asia,China site 19
CHI-0329,CHI-0329-T05,2008,1998,0,24.6,Fagus sylvatica,40.93793,106.34392,0.5,33.4,2.865,China,Coniferous,Temperate broadleaf & mixed forests,Asia,China site 19
CHI-0329,CHI-0329-T06,1998,,0,22.1,Eucalyptus camaldulensis,40.93793,106.34392,0.5,14.4,0.25,China,Coniferous,Temperate broadleaf & mixed forests,Asia,China site 19
CHI-0329,CHI-0329-T06,2008,1998,0,23.0,Eucalyptus camaldulensis,40.93793,106.34392,0.5,14.4,0.25,China,Coniferous,Temperate broadleaf & mixed forests,Asia,China site 19
CHI-0329,CHI-0329-T07,1998,,0,55.4,Ocotea aciphylla,40.93793,106.34392,0.5,15.7,1.875,China,Coniferous,Temperate broadleaf & mixed forests,Asia,China site 19
CHI-0329,CHI-0329-T07,2008,1998,0,54.8,Ocotea aciphylla,40.93793,106.34392,0.5,15.7,1.875,China,Coniferous,Temperate broadleaf & mixed forests,Asia,China site 19
CHI-0330,CHI-0330-T01,1947,,0,27.9,Pinus sylvestris,31.26885,115.28039,0.1,,,China,Coniferous,Temperate broadleaf & mixed forests,Asia,China site 20
CHI-0330,CHI-0330-T02,1947,,0,36.1,Pinus sylvestris,31.26885,115.28039,0.1,,,China,Coniferous,Temperate broadleaf & mixed forests,Asia,China site 20
CHI-0330,CHI-0330-T03,1947,,0,38.8,Quercus ilex,31.26885,115.28039,0.1,,,China,Coniferous,Temperate broadleaf & mixed forests,Asia,China site 20
CHI-0330,CHI-0330-T04,1947,,0,32.5,Betula pendula,31.26885,115.28039,0.1,,,China,Coniferous,Temperate broadleaf & mixed forests,Asia,China site 20
CHI-0330,CHI-0330-T05,1947,,0,39.2,Acer saccharum,31.26885,115.28039,0.1,,,China,Coniferous,Temperate broadleaf & mixed forests,Asia,China site 20
CHI-0330,CHI-0330-T06,1947,,1,24.6,Eucalyptus camaldulensis,31.26885,115.28039,0.1,,,China,Coniferous,Temperate broadleaf & mixed forests,Asia,China site 20
CHI-0330,CHI-0330-T07,1947,,0,43.1,Rhizophora mangle,31.26885,115.28039,0.1,,,China,Coniferous,Temperate broadleaf & mixed forests,Asia,China site 20
CHI-0330,CHI-0330-T08,1947,,0,9.1,Inga edulis,31.26885,115.28039,0.1,,,China,Coniferous,Temperate broadleaf & mixed forests,Asia,China site 20
CHI-0330,CHI-0330-T09,1947,,0,30.2,Ocotea aciphylla,31.26885,115.28039,0.1,,,China,Coniferous,Temperate broadleaf & mixed forests,Asia,China site 20
CHI-0331,CHI-0331-T01,1939,,0,20.3,Fagus sylvatica,34.59666,109.97815,1.0,15.4,,China,Temperate,Temperate broadleaf & mixed forests,Asia,China site 21
CHI-0331,CHI-0331-T01,1944,1939,0,20.3,Fagus sylvatica,34.59666,109.97815,1.0,15.4,,China,Temperate,Temperate broadleaf & mixed forests,Asia,China site 21
CHI-0331,CHI-0331-T02,1939,,0,34.1,Inga edulis,34.59666,109.97815,1.0,21.2,,China,Temperate,Temperate broadleaf & mixed forests,Asia,China site 21
CHI-0331,CHI-0331-T02,1944,1939,0,33.4,Inga edulis,34.59666,109.97815,1.0,21.2,,China,Temperate,Temperate broadleaf & mixed forests,Asia,China site 21
CHI-0331,CHI-0331-T03,1939,,0,37.6,Picea abies,34.59666,109.97815,1.0,12.1,,China,Temperate,Temperate broadleaf & mixed forests,Asia,China site 21
CHI-0331,CHI-0331-T03,1944,1939,0,38.1,Picea abies,34.59666,109.97815,1.0,12.1,,China,Temperate,Temperate broadleaf & mixed forests,Asia,China site 21
CHI-0331,CHI-0331-T04,1939,,0,42.7,Juniperus thurifera,34.59666,109.97815,1.0,31.3,,China,Temperate,Temperate broadleaf & mixed forests,Asia,China site 21
CHI-0331,CHI-0331-T04,1944,1939,0,42.1,Juniperus thurifera,34.59666,109.97815,1.0,31.3,,China,Temperate,Temperate broadleaf & mixed forests,Asia,China site 21
CHI-0331,CHI-0331-T05,1939,,0,25.8,Cecropia obtusa,34.59666,109.97815,1.0,23.1,,China,Temperate,Temperate broadleaf & mixed forests,Asia,China site 21
CHI-0331,CHI-0331-T05,1944,1939,0,25.9,Cecropia obtusa,34.59666,109.97815,1.0,23.1,,China,Temperate,Temperate broadleaf & mixed forests,Asia,China site 21
CHI-0332,CHI-0332-T01,1936,,0,30.4,Juniperus thurifera,28.84154,108.01044,1.0,17.1,,China,Coniferous,Temperate broadleaf & mixed forests,Asia,China site 22
CHI-0332,CHI-0332-T01,1940,1936,0,30.2,Juniperus thurifera,28.84154,108.01044,1.0,17.1,,China,Coniferous,Temperate broadleaf & mixed forests,Asia,China site 22
CHI-0332,CHI-0332-T02,1936,,1,48.8,Eucalyptus camaldulensis,28.84154,108.01044,1.0,37.6,,China,Coniferous,Temperate broadleaf & mixed forests,Asia,China site 22
CHI-0332,CHI-0332-T02,1940,1936,0,48.5,Eucalyptus camaldulensis,28.84154,108.01044,1.0,37.6,,China,Coniferous,Temperate broadleaf & mixed forests,Asia,China site 22
CHI-0332,CHI-0332-T03,1936,,0,53.6,Quercus robur,28.84154,108.01044,1.0,27.1,,China,Coniferous,Temperate broadleaf & mixed forests,Asia,China site 22
CHI-0332,CHI-0332-T03,1940,1936,0,53.5,Quercus robur,28.84154,108.01044,1.0,27.1,,China,Coniferous,Temperate broadleaf & mixed forests,Asia,China site 22
CHI-0332,CHI-0332-T04,1936,,0,43.0,Shorea leprosula,28.84154,108.01044,1.0,24.8,,China,Coniferous,Temperate broadleaf & mixed forests,Asia,China site 22
CHI-0332,CHI-0332-T04,1940,1936,0,42.5,Shorea leprosula,28.84154,108.01044,1.0,24.8,,China,Coniferous,Temperate broadleaf & mixed forests,Asia,China site 22
CHI-0332,CHI-0332-T05,1936,,0,9.6,Rhizophora mangle,28.84154,108.01044,1.0,19.7,,China,Coniferous,Temperate broadleaf & mixed forests,Asia,China site 22
CHI-0332,CHI-0332-T05,1940,1936,0,9.5,Rhizophora mangle,28.84154,108.01044,1.0,19.7,,China,Coniferous,Temperate broadleaf & mixed forests,Asia,China site 22
CHI-0332,CHI-0332-T06,1936,,0,58.3,Juniperus thurifera,28.84154,108.01044,1.0,28.3,,China,Coniferous,Temperate broadleaf & mixed forests,Asia,China site 22
CHI-0332,CHI-0332-T06,1940,1936,0,58.8,Juniperus thurifera,28.84154,108.01044,1.0,28.3,,China,Coniferous,Temperate broadleaf & mixed forests,Asia,China site 22
CHI-0332,CHI-0332-T07,1936,,0,49.4,Acer saccharum,28.84154,108.01044,1.0,23.3,,China,Coniferous,Temperate broadleaf & mixed forests,Asia,China site 22
CHI-0332,CHI-0332-T07,1940,1936,0,49.0,Acer saccharum,28.84154,108.01044,1.0,23.3,,China,Coniferous,Temperate broadleaf & mixed forests,Asia,China site 22
CHI-0332,CHI-0332-T08,1936,,0,34.5,Acer saccharum,28.84154,108.01044,1.0,24.9,,China,Coniferous,Temperate broadleaf & mixed forests,Asia,China site 22
CHI-0332,CHI-0332-T08,1940,1936,0,35.2,Acer saccharum,28.84154,108.01044,1.0,24.9,,China,Coniferous,Temperate broadleaf & mixed forests,Asia,China site 22
CHI-0332,CHI-0332-T09,1936,,0,33.0,Populus tremula,28.84154,108.01044,1.0,21.7,,China,Coniferous,Temperate broadleaf & mixed forests,Asia,China site 22
CHI-0332,CHI-0332-T09,1940,1936,0,33.5,Populus tremula,28.84154,108.01044,1.0,21.7,,China,Coniferous,Temperate broadleaf & mixed forests,Asia,China site 22
CHI-0332,CHI-0332-T10,1936,,0,22.2,Quercus ilex,28.84154,108.01044,1.0,20.2,,China,Coniferous,Temperate broadleaf & mixed forests,Asia,China site 22
CHI-0332,CHI-0332-T10,1940,1936,0,23.2,Quercus ilex,28.84154,108.01044,1.0,20.2,,China,Coniferous,Temperate broadleaf & mixed forests,Asia,China site 22
CHI-0332,CHI-0332-T11,1936,,0,59.5,Milicia excelsa,28.84154,108.01044,1.0,15.0,,China,Coniferous,Temperate broadleaf & mixed forests,Asia,China site 22
CHI-0332,CHI-0332-T11,1940,1936,0,58.7,Milicia excelsa,28.84154,108.01044,1.0,15.0,,China,Coniferous,Temperate broadleaf & mixed forests,Asia,China site 22
CHI-0333,CHI-0333-T01,2010,,0,45.4,Quercus ilex,33.32982,119.64918,0.04,,,China,Mixed,Temperate broadleaf & mixed forests,Asia,China site 23
CHI-0333,CHI-0333-T01,2020,2010,0,45.5,Quercus ilex,33.32982,119.64918,0.04,,,China,Mixed,Temperate broadleaf & mixed forests,Asia,China site 23
CHI-0333,CHI-0333-T02,2010,,0,9.4,Rhizophora mangle,33.32982,119.64918,0.04,,,China,Mixed,Temperate broadleaf & mixed forests,Asia,China site 23
CHI-0333,CHI-0333-T02,2020,2010,0,9.9,Rhizophora mangle,33.32982,119.64918,0.04,,,China,Mixed,Temperate broadleaf & mixed forests,Asia,China site 23
CHI-0333,CHI-0333-T03,2010,,0,18.3,Rhizophora mangle,33.32982,119.64918,0.04,,,China,Mixed,Temperate broadleaf & mixed forests,Asia,China site 23
CHI-0333,CHI-0333-T03,2020,2010,0,17.4,Rhizophora mangle,33.32982,119.64918,0.04,,,China,Mixed,Temperate broadleaf & mixed forests,Asia,China site 23
CHI-0333,CHI-0333-T04,2010,,0,20.5,Shorea leprosula,33.32982,119.64918,0.04,,,China,Mixed,Temperate broadleaf & mixed forests,Asia,China site 23
CHI-0333,CHI-0333-T04,2020,2010,0,19.6,Shorea leprosula,33.32982,119.64918,0.04,,,China,Mixed,Temperate broadleaf & mixed forests,Asia,China site 23
CHI-0333,CHI-0333-T05,2010,,0,45.7,Fagus sylvatica,33.32982,119.64918,0.04,,,China,Mixed,Temperate broadleaf & mixed forests,Asia,China site 23
CHI-0333,CHI-0333-T05,2020,2010,0,45.7,Fagus sylvatica,33.32982,119.64918,0.04,,,China,Mixed,Temperate broadleaf & mixed forests,Asia,China site 23
CHI-0333,CHI-0333-T06,2010,,0,14.0,Nothofagus pumilio,33.32982,119.64918,0.04,,,China,Mixed,Temperate broadleaf & mixed forests,Asia,China site 23
CHI-0333,CHI-0333-T06,2020,2010,0,12.5,Nothofagus pumilio,33.32982,119.64918,0.04,,,China,Mixed,Temperate broadleaf & mixed forests,Asia,China site 23
CHI-0333,CHI-0333-T07,2010,,0,22.6,Khaya ivorensis,33.32982,119.64918,0.04,,,China,Mixed,Temperate broadleaf & mixed forests,Asia,China site 23
CHI-0333,CHI-0333-T07,2020,2010,0,23.6,Khaya ivorensis,33.32982,119.64918,0.04,,,China,Mixed,Temperate broadleaf & mixed forests,Asia,China site 23
CHI-0333,CHI-0333-T08,2010,,0,13.6,Fagus sylvatica,33.32982,119.64918,0.04,,,China,Mixed,Temperate broadleaf & mixed forests,Asia,China site 23
CHI-0333,CHI-0333-T08,2020,2010,0,14.3,Fagus sylvatica,33.32982,119.64918,0.04,,,China,Mixed,Temperate broadleaf & mixed forests,Asia,China site 23
CHI-0333,CHI-0333-T09,2010,,0,15.7,Milicia excelsa,33.32982,119.64918,0.04,,,China,Mixed,Temperate broadleaf & mixed forests,Asia,China site 23
CHI-0333,CHI-0333-T09,2020,2010,0,15.3,Milicia excelsa,33.32982,119.64918,0.04,,,China,Mixed,Temperate broadleaf & mixed forests,Asia,China site 23
CHI-0333,CHI-0333-T10,2010,,0,49.8,Rhizophora mangle,33.32982,119.64918,0.04,,,China,Mixed,Temperate broadleaf & mixed forests,Asia,China site 23
CHI-0333,CHI-0333-T10,2020,2010,0,50.5,Rhizophora mangle,33.32982,119.64918,0.04,,,China,Mixed,Temperate broadleaf & mixed forests,Asia,China site 23
CHI-0334,CHI-0334-T01,1982,,0,32.1,Fagus sylvatica,33.5076,107.35508,0.25,9.4,0.159,China,Coniferous,Temperate broadleaf & mixed forests,Asia,China site 24
CHI-0334,CHI-0334-T01,1987,1982,0,32.9,Fagus sylvatica,33.5076,107.35508,0.25,9.4,0.159,China,Coniferous,Temperate broadleaf & mixed forests,Asia,China site 24
CHI-0334,CHI-0334-T02,1982,,0,32.5,Pinus sylvestris,33.5076,107.35508,0.25,20.1,2.389,China,Coniferous,Temperate broadleaf & mixed forests,Asia,China site 24
CHI-0334,CHI-0334-T02,1987,1982,0,32.0,Pinus sylvestris,33.5076,107.35508,0.25,20.1,2.389,China,Coniferous,Temperate broadleaf & mixed forests,Asia,China site 24
CHI-0334,CHI-0334-T03,1982,,0,53.0,Dipterocarpus grandiflorus,33.5076,107.35508,0.25,33.3,1.482,China,Coniferous,Temperate broadleaf & mixed forests,Asia,China site 24
CHI-0334,CHI-0334-T03,1987,1982,0,51.8,Dipterocarpus grandiflorus,33.5076,107.35508,0.25,33.3,1.482,China,Coniferous,Temperate broadleaf & mixed forests,Asia,China site 24
CHI-0334,CHI-0334-T04,1982,,0,43.6,Eucalyptus camaldulensis,33.5076,107.35508,0.25,37.0,4.282,China,Coniferous,Temperate broadleaf & mixed forests,Asia,China site 24
CHI-0334,CHI-0334-T04,1987,1982,0,43.4,Eucalyptus camaldulensis,33.5076,107.35508,0.25,37.0,4.282,China,Coniferous,Temperate broadleaf & mixed forests,Asia,China site 24
CHI-0334,CHI-0334-T05,1982,,0,37.2,Cecropia obtusa,33.5076,107.35508,0.25,20.7,2.674,China,Coniferous,Temperate broadleaf & mixed forests,Asia,China site 24
CHI-0334,CHI-0334-T05,1987,1982,0,37.4,Cecropia obtusa,33.5076,107.35508,0.25,20.7,2.674,China,Coniferous,Temperate broadleaf & mixed forests,Asia,China site 24
CHI-0334,CHI-0334-T06,1982,,0,51.2,Acer saccharum,33.5076,107.35508,0.25,20.2,0.613,China,Coniferous,Temperate broadleaf & mixed forests,Asia,China site 24
CHI-0334,CHI-0334-T06,1987,1982,0,51.6,Acer saccharum,33.5076,107.35508,0.25,20.2,0.613,China,Coniferous,Temperate broadleaf & mixed forests,Asia,China site 24
CHI-0334,CHI-0334-T07,1982,,0,32.6,Picea abies,33.5076,107.35508,0.25,27.1,3.624,China,Coniferous,Temperate broadleaf & mixed forests,Asia,China site 24
CHI-0334,CHI-0334-T07,1987,1982,0,32.8,Picea abies,33.5076,107.35508,0.25,27.1,3.624,China,Coniferous,Temperate broadleaf & mixed forests,Asia,China site 24
CHI-0334,CHI-0334-T08,1982,,0,22.5,Shorea leprosula,33.5076,107.35508,0.25,17.8,2.685,China,Coniferous,Temperate broadleaf & mixed forests,Asia,China site 24
CHI-0334,CHI-0334-T08,1987,1982,0,22.5,Shorea leprosula,33.5076,107.35508,0.25,17.8,2.685,China,Coniferous,Temperate broadleaf & mixed forests,Asia,China site 24
CHI-0334,CHI-0334-T09,1982,,0,52.4,Milicia excelsa,33.5076,107.35508,0.25,22.5,0.046,China,Coniferous,Temperate broadleaf & mixed forests,Asia,China site 24
CHI-0334,CHI-0334-T09,1987,1982,0,51.5,Milicia excelsa,33.5076,107.35508,0.25,22.5,0.046,China,Coniferous,Temperate broadleaf & mixed forests,Asia,China site 24
CHI-0334,CHI-0334-T10,1982,,0,15.7,Milicia excelsa,33.5076,107.35508,0.25,12.9,3.949,China,Coniferous,Temperate broadleaf & mixed forests,Asia,China site 24
CHI-0334,CHI-0334-T10,1987,1982,0,15.5,Milicia excelsa,33.5076,107.35508,0.25,12.9,3.949,China,Coniferous,Temperate broadleaf & mixed forests,Asia,China site 24
CHI-0335,CHI-0335-T01,1976,,0,27.7,Rhizophora mangle,32.78501,110.8927,0.1,8.3,2.49,China,Mixed,Temperate broadleaf & mixed forests,Asia,China site 25
CHI-0335,CHI-0335-T01,1980,1976,0,28.1,Rhizophora mangle,32.78501,110.8927,0.1,8.3,2.49,China,Mixed,Temperate broadleaf & mixed forests,Asia,China site 25
CHI-0335,CHI-0335-T02,1976,,1,21.5,Fagus sylvatica,32.78501,110.8927,0.1,19.3,3.429,China,Mixed,Temperate broadleaf & mixed forests,Asia,China site 25
CHI-0335,CHI-0335-T02,1980,1976,0,20.3,Fagus sylvatica,32.78501,110.8927,0.1,19.3,3.429,China,Mixed,Temperate broadleaf & mixed forests,Asia,China site 25
CHI-0335,CHI-0335-T03,1976,,0,53.6,Betula pendula,32.78501,110.8927,0.1,34.7,1.401,China,Mixed,Temperate broadleaf & mixed forests,Asia,China site 25
CHI-0335,CHI-0335-T03,1980,1976,0,54.2,Betula pendula,32.78501,110.8927,0.1,34.7,1.401,China,Mixed,Temperate broadleaf & mixed forests,Asia,China site 25
CHI-0335,CHI-0335-T04,1976,,0,45.8,Pinus sylvestris,32.78501,110.8927,0.1,32.5,3.558,China,Mixed,Temperate broadleaf & mixed forests,Asia,China site 25
CHI-0335,CHI-0335-T04,1980,1976,0,45.3,Pinus sylvestris,32.78501,110.8927,0.1,32.5,3.558,China,Mixed,Temperate broadleaf & mixed forests,Asia,China site 25
CHI-0335,CHI-0335-T05,1976,,0,52.7,Inga edulis,32.78501,110.8927,0.1,16.2,3.95,China,Mixed,Temperate broadleaf & mixed forests,Asia,China site 25
CHI-0335,CHI-0335-T05,1980,1976,0,52.9,Inga edulis,32.78501,110.8927,0.1,16.2,3.95,China,Mixed,Temperate broadleaf & mixed forests,Asia,China site 25
CHI-0335,CHI-0335-T06,1976,,0,61.9,Rhizophora mangle,32.78501,110.8927,0.1,15.5,1.675,China,Mixed,Temperate broadleaf & mixed forests,Asia,China site 25
CHI-0335,CHI-0335-T06,1980,1976,0,61.4,Rhizophora mangle,32.78501,110.8927,0.1,15.5,1.675,China,Mixed,Temperate broadleaf & mixed forests,Asia,China site 25
CHI-0336,CHI-0336-T01,2010,,0,31.1,Populus tremula,30.8946,107.07865,1.0,19.4,3.634,China,Temperate,Temperate broadleaf & mixed forests,Asia,China site 26
CHI-0336,CHI-0336-T02,2010,,0,60.4,Quercus ilex,30.8946,107.07865,1.0,20.2,2.642,China,Temperate,Temperate broadleaf & mixed forests,Asia,China site 26
CHI-0336,CHI-0336-T03,2010,,0,24.8,Juniperus thurifera,30.8946,107.07865,1.0,32.5,4.356,China,Temperate,Temperate broadleaf & mixed forests,Asia,China site 26
CHI-0336,CHI-0336-T04,2010,,0,56.9,Milicia excelsa,30.8946,107.07865,1.0,12.0,0.246,China,Temperate,Temperate broadleaf & mixed forests,Asia,China site 26
CHI-0336,CHI-0336-T05,2010,,0,36.3,Quercus ilex,30.8946,107.07865,1.0,13.5,4.326,China,Temperate,Temperate broadleaf & mixed forests,Asia,China site 26
CHI-0336,CHI-0336-T06,2010,,0,8.6,Betula pendula,30.8946,107.07865,1.0,20.5,0.346,China,Temperate,Temperate broadleaf & mixed forests,Asia,China site 26
CHI-0337,CHI-0337-T01,1969,,0,17.6,Cecropia obtusa,35.80276,119.22902,0.04,34.8,,China,Temperate,Temperate broadleaf & mixed forests,Asia,China site 27
CHI-0337,CHI-0337-T01,1979,1969,0,17.3,Cecropia obtusa,35.80276,119.22902,0.04,34.8,,China,Temperate,Temperate broadleaf & mixed forests,Asia,China site 27
CHI-0337,CHI-0337-T02,1969,,0,52.3,Milicia excelsa,35.80276,119.22902,0.04,25.6,,China,Temperate,Temperate broadleaf & mixed forests,Asia,China site 27
CHI-0337,CHI-0337-T02,1979,1969,0,52.0,Milicia excelsa,35.80276,119.22902,0.04,25.6,,China,Temperate,Temperate broadleaf & mixed forests,Asia,China site 27
CHI-0337,CHI-0337-T03,1969,,0,48.6,Eperua falcata,35.80276,119.22902,0.04,30.0,,China,Temperate,Temperate broadleaf & mixed forests,Asia,China site 27
CHI-0337,CHI-0337-T03,1979,1969,0,48.7,Eperua falcata,35.80276,119.22902,0.04,30.0,,China,Temperate,Temperate broadleaf & mixed forests,Asia,China site 27
CHI-0337,CHI-0337-T04,1969,,0,41.0,Rhizophora mangle,35.80276,119.22902,0.04,19.2,,China,Temperate,Temperate broadleaf & mixed forests,Asia,China site 27
CHI-0337,CHI-0337-T04,1979,1969,0,41.1,Rhizophora mangle,35.80276,119.22902,0.04,19.2,,China,Temperate,Temperate broadleaf & mixed forests,Asia,China site 27
CHI-0337,CHI-0337-T05,1969,,0,10.6,Acer saccharum,35.80276,119.22902,0.04,36.4,,China,Temperate,Temperate broadleaf & mixed forests,Asia,China site 27
CHI-0337,CHI-0337-T05,1979,1969,0,10.3,Acer saccharum,35.80276,119.22902,0.04,36.4,,China,Temperate,Temperate broadleaf & mixed forests,Asia,China site 27
CHI-0337,CHI-0337-T06,1969,,0,40.6,Tsuga canadensis,35.80276,119.22902,0.04,30.4,,China,Temperate,Temperate broadleaf & mixed forests,Asia,China site 27
CHI-0337,CHI-0337-T06,1979,1969,0,39.7,Tsuga canadensis,35.80276,119.22902,0.04,30.4,,China,Temperate,Temperate broadleaf & mixed forests,Asia,China site 27
CHI-0337,CHI-0337-T07,1969,,0,9.6,Quercus robur,35.80276,119.22902,0.04,34.9,,China,Temperate,Temperate broadleaf & mixed forests,Asia,China site 27
CHI-0337,CHI-0337-T07,1979,1969,0,10.9,Quercus robur,35.80276,119.22902,0.04,34.9,,China,Temperate,Temperate broadleaf & mixed forests,Asia,China site 27
CHI-0337,CHI-0337-T08,1969,,0,15.9,Inga edulis,35.80276,119.22902,0.04,26.5,,China,Temperate,Temperate broadleaf & mixed forests,Asia,China site 27
CHI-0337,CHI-0337-T08,1979,1969,0,16.9,Inga edulis,35.80276,119.22902,0.04,26.5,,China,Temperate,Temperate broadleaf & mixed forests,Asia,China site 27
CHI-0337,CHI-0337-T09,1969,,0,20.2,Milicia excelsa,35.80276,119.22902,0.04,9.0,,China,Temperate,Temperate broadleaf & mixed forests,Asia,China site 27
CHI-0337,CHI-0337-T09,1979,1969,0,18.7,Milicia excelsa,35.80276,119.22902,0.04,9.0,,China,Temperate,Temperate broadleaf & mixed forests,Asia,China site 27
CHI-0338,CHI-0338-T01,1969,,0,51.8,Eucalyptus camaldulensis,30.58645,116.43671,1.0,22.9,,China,Mixed,Temperate broadleaf & mixed forests,Asia,China site 28
CHI-0338,CHI-0338-T01,1973,1969,0,51.5,Eucalyptus camaldulensis,30.58645,116.43671,1.0,22.9,,China,Mixed,Temperate broadleaf & mixed forests,Asia,China site 28
CHI-0338,CHI-0338-T02,1969,,0,41.1,Juniperus thurifera,30.58645,116.43671,1.0,21.0,,China,Mixed,Temperate broadleaf & mixed forests,Asia,China site 28
CHI-0338,CHI-0338-T02,1973,1969,0,40.3,Juniperus thurifera,30.58645,116.43671,1.0,21.0,,China,Mixed,Temperate broadleaf & mixed forests,Asia,China site 28
CHI-0338,CHI-0338-T03,1969,,0,58.8,Milicia excelsa,30.58645,116.43671,1.0,12.1,,China,Mixed,Temperate broadleaf & mixed forests,Asia,China site 28
CHI-0338,CHI-0338-T03,1973,1969,0,59.7,Milicia excelsa,30.58645,116.43671,1.0,12.1,,China,Mixed,Temperate broadleaf & mixed forests,Asia,China site 28
CHI-0338,CHI-0338-T04,1969,,0,36.0,Fagus sylvatica,30.58645,116.43671,1.0,15.0,,China,Mixed,Temperate broadleaf & mixed forests,Asia,China site 28
CHI-0338,CHI-0338-T04,1973,1969,0,37.3,Fagus sylvatica,30.58645,116.43671,1.0,15.0,,China,Mixed,Temperate broadleaf & mixed forests,Asia,China site 28
CHI-0338,CHI-0338-T05,1969,,0,40.9,Cecropia obtusa,30.58645,116.43671,1.0,32.0,,China,Mixed,Temperate broadleaf & mixed forests,Asia,China site 28
CHI-0338,CHI-0338-T05,1973,1969,0,41.8,Cecropia obtusa,30.58645,116.43671,1.0,32.0,,China,Mixed,Temperate broadleaf & mixed forests,Asia,China site 28
JAP-0339,JAP-0339-T01,1989,,0,43.0,Fagus sylvatica,36.8746,136.21232,0.1,33.7,1.822,Japan,Deciduous,Temperate broadleaf & mixed forests,Asia,Japan site 1
JAP-0339,JAP-0339-T01,1999,1989,0,43.6,Fagus sylvatica,36.8746,136.21232,0.1,33.7,1.822,Japan,Deciduous,Temperate broadleaf & mixed forests,Asia,Japan site 1
JAP-0339,JAP-0339-T02,1989,,0,58.5,Khaya ivorensis,36.8746,136.21232,0.1,21.5,1.85,Japan,Deciduous,Temperate broadleaf & mixed forests,Asia,Japan site 1
JAP-0339,JAP-0339-T02,1999,1989,0,58.5,Khaya ivorensis,36.8746,136.21232,0.1,21.5,1.85,Japan,Deciduous,Temperate broadleaf & mixed forests,Asia,Japan site 1
JAP-0339,JAP-0339-T03,1989,,0,48.9,Betula pendula,36.8746,136.21232,0.1,27.5,3.302,Japan,Deciduous,Temperate broadleaf & mixed forests,Asia,Japan site 1
JAP-0339,JAP-0339-T03,1999,1989,0,49.6,Betula pendula,36.8746,136.21232,0.1,27.5,3.302,Japan,Deciduous,Temperate broadleaf & mixed forests,Asia,Japan site 1
JAP-0339,JAP-0339-T04,1989,,0,34.5,Dipterocarpus grandiflorus,36.8746,136.21232,0.1,11.6,0.752,Japan,Deciduous,Temperate broadleaf & mixed forests,Asia,Japan site 1
JAP-0339,JAP-0339-T04,1999,1989,0,34.6,Dipterocarpus grandiflorus,36.8746,136.21232,0.1,11.6,0.752,Japan,Deciduous,Temperate broadleaf & mixed forests,Asia,Japan site 1
JAP-0339,JAP-0339-T05,1989,,0,53.9,Eperua falcata,36.8746,136.21232,0.1,10.9,0.252,Japan,Deciduous,Temperate broadleaf & mixed forests,Asia,Japan site 1
JAP-0339,JAP-0339-T05,1999,1989,0,53.8,Eperua falcata,36.8746,136.21232,0.1,10.9,0.252,Japan,Deciduous,Temperate broadleaf & mixed forests,Asia,Japan site 1
JAP-0339,JAP-0339-T06,1989,,0,11.4,Ocotea aciphylla,36.8746,136.21232,0.1,20.6,3.414,Japan,Deciduous,Temperate broadleaf & mixed forests,Asia,Japan site 1
JAP-0339,JAP-0339-T06,1999,1989,0,11.1,Ocotea aciphylla,36.8746,136.21232,0.1,20.6,3.414,Japan,Deciduous,Temperate broadleaf & mixed forests,Asia,Japan site 1
JAP-0339,JAP-0339-T07,1989,,0,48.2,Quercus ilex,36.8746,136.21232,0.1,25.5,3.256,Japan,Deciduous,Temperate broadleaf & mixed forests,Asia,Japan site 1
JAP-0339,JAP-0339-T07,1999,1989,0,47.6,Quercus ilex,36.8746,136.21232,0.1,25.5,3.256,Japan,Deciduous,Temperate broadleaf & mixed forests,Asia,Japan site 1
JAP-0339,JAP-0339-T08,1989,,0,24.1,Tsuga canadensis,36.8746,136.21232,0.1,13.5,1.337,Japan,Deciduous,Temperate broadleaf & mixed forests,Asia,Japan site 1
JAP-0339,JAP-0339-T08,1999,1989,0,24.3,Tsuga canadensis,36.8746,136.21232,0.1,13.5,1.337,Japan,Deciduous,Temperate broadleaf & mixed forests,Asia,Japan site 1
JAP-0339,JAP-0339-T09,1989,,0,50.1,Quercus robur,36.8746,136.21232,0.1,22.8,0.135,Japan,Deciduous,Temperate broadleaf & mixed forests,Asia,Japan site 1
JAP-0339,JAP-0339-T09,1999,1989,0,50.4,Quercus robur,36.8746,136.21232,0.1,22.8,0.135,Japan,Deciduous,Temperate broadleaf & mixed forests,Asia,Japan site 1
JAP-0340,JAP-0340-T01,2014,,0,57.8,Pinus sylvestris,41.66775,140.76346,0.5,34.5,3.119,Japan,Temperate,Temperate broadleaf & mixed forests,Asia,Japan site 2
JAP-0340,JAP-0340-T02,2014,,0,12.1,Eperua falcata,41.66775,140.76346,0.5,30.7,0.339,Japan,Temperate,Temperate broadleaf & mixed forests,Asia,Japan site 2
JAP-0340,JAP-0340-T03,2014,,0,60.8,Fagus sylvatica,41.66775,140.76346,0.5,28.6,3.843,Japan,Temperate,Temperate broadleaf & mixed forests,Asia,Japan site 2
JAP-0340,JAP-0340-T04,2014,,0,34.1,Pinus sylvestris,41.66775,140.76346,0.5,15.2,2.965,Japan,Temperate,Temperate broadleaf & mixed forests,Asia,Japan site 2
JAP-0340,JAP-0340-T05,2014,,0,26.7,Juniperus thurifera,41.66775,140.76346,0.5,16.0,1.738,Japan,Temperate,Temperate broadleaf & mixed forests,Asia,Japan site 2
JAP-0340,JAP-0340-T06,2014,,0,40.7,Fagus sylvatica,41.66775,140.76346,0.5,10.2,3.581,Japan,Temperate,Temperate broadleaf & mixed forests,Asia,Japan site 2
JAP-0340,JAP-0340-T07,2014,,0,26.7,Ocotea aciphylla,41.66775,140.76346,0.5,30.3,3.286,Japan,Temperate,Temperate broadleaf & mixed forests,Asia,Japan site 2
JAP-0341,JAP-0341-T01,1949,,0,22.1,Rhizophora mangle,37.5161,140.09711,0.04,,3.238,Japan,Mixed,Temperate broadleaf & mixed forests,Asia,Japan site 3
JAP-0341,JAP-0341-T02,1949,,0,27.8,Milicia excelsa,37.5161,140.09711,0.04,,2.718,Japan,Mixed,Temperate broadleaf & mixed forests,Asia,Japan site 3
JAP-0341,JAP-0341-T03,1949,,0,10.5,Inga edulis,37.5161,140.09711,0.04,,2.224,Japan,Mixed,Temperate broadleaf & mixed forests,Asia,Japan site 3
JAP-0341,JAP-0341-T04,1949,,0,23.4,Fagus sylvatica,37.5161,140.09711,0.04,,2.653,Japan,Mixed,Temperate broadleaf & mixed forests,Asia,Japan site 3
JAP-0341,JAP-0341-T05,1949,,0,46.7,Quercus robur,37.5161,140.09711,0.04,,1.449,Japan,Mixed,Temperate broadleaf & mixed forests,Asia,Japan site 3
JAP-0341,JAP-0341-T06,1949,,0,22.9,Nothofagus pumilio,37.5161,140.09711,0.04,,0.102,Japan,Mixed,Temperate broadleaf & mixed forests,Asia,Japan site 3
JAP-0341,JAP-0341-T07,1949,,0,57.8,Quercus ilex,37.5161,140.09711,0.04,,3.209,Japan,Mixed,Temperate broadleaf & mixed forests,Asia,Japan site 3
JAP-0342,JAP-0342-T01,1981,,0,9.3,Nothofagus pumilio,41.84398,139.51045,0.25,14.3,1.734,Japan,Deciduous,Temperate broadleaf & mixed forests,Asia,Japan site 4
JAP-0342,JAP-0342-T02,1981,,0,20.9,Fagus sylvatica,41.84398,139.51045,0.25,19.2,3.697,Japan,Deciduous,Temperate broadleaf & mixed forests,Asia,Japan site 4
JAP-0342,JAP-0342-T03,1981,,1,59.2,Milicia excelsa,41.84398,139.51045,0.25,26.9,3.126,Japan,Deciduous,Temperate broadleaf & mixed forests,Asia,Japan site 4
JAP-0342,JAP-0342-T04,1981,,0,36.8,Rhizophora mangle,41.84398,139.51045,0.25,8.4,1.775,Japan,Deciduous,Temperate broadleaf & mixed forests,Asia,Japan site 4
JAP-0342,JAP-0342-T05,1981,,0,12.9,Eperua falcata,41.84398,139.51045,0.25,35.0,1.286,Japan,Deciduous,Temperate broadleaf & mixed forests,Asia,Japan site 4
JAP-0343,JAP-0343-T01,1943,,0,47.0,Tsuga canadensis,38.85448,140.83761,1.0,18.3,1.891,Japan,Temperate,Temperate broadleaf & mixed forests,Asia,Japan site 5
JAP-0343,JAP-0343-T01,1947,1943,0,46.3,Tsuga canadensis,38.85448,140.83761,1.0,18.3,1.891,Japan,Temperate,Temperate broadleaf & mixed forests,Asia,Japan site 5
JAP-0343,JAP-0343-T02,1943,,1,53.9,Shorea leprosula,38.85448,140.83761,1.0,23.1,2.292,Japan,Temperate,Temperate broadleaf & mixed forests,Asia,Japan site 5
JAP-0343,JAP-0343-T02,1947,1943,1,53.2,Shorea leprosula,38.85448,140.83761,1.0,23.1,2.292,Japan,Temperate,Temperate broadleaf & mixed forests,Asia,Japan site 5
JAP-0343,JAP-0343-T03,1943,,0,38.2,Quercus ilex,38.85448,140.83761,1.0,37.8,0.211,Japan,Temperate,Temperate broadleaf & mixed forests,Asia,Japan site 5
JAP-0343,JAP-0343-T03,1947,1943,0,37.6,Quercus ilex,38.85448,140.83761,1.0,37.8,0.211,Japan,Temperate,Temperate broadleaf & mixed forests,Asia,Japan site 5
JAP-0343,JAP-0343-T04,1943,,0,13.0,Quercus ilex,38.85448,140.83761,1.0,33.2,3.704,Japan,Temperate,Temperate broadleaf & mixed forests,Asia,Japan site 5
JAP-0343,JAP-0343-T04,1947,1943,0,12.6,Quercus ilex,38.85448,140.83761,1.0,33.2,3.704,Japan,Temperate,Temperate broadleaf & mixed forests,Asia,Japan site 5
JAP-0343,JAP-0343-T05,1943,,0,44.8,Tsuga canadensis,38.85448,140.83761,1.0,35.3,3.652,Japan,Temperate,Temperate broadleaf & mixed forests,Asia,Japan site 5
JAP-0343,JAP-0343-T05,1947,1943,0,45.3,Tsuga canadensis,38.85448,140.83761,1.0,35.3,3.652,Japan,Temperate,Temperate broadleaf & mixed forests,Asia,Japan site 5
JAP-0343,JAP-0343-T06,1943,,0,10.5,Nothofagus pumilio,38.85448,140.83761,1.0,12.9,1.809,Japan,Temperate,Temperate broadleaf & mixed forests,Asia,Japan site 5
JAP-0343,JAP-0343-T06,1947,1943,0,11.1,Nothofagus pumilio,38.85448,140.83761,1.0,12.9,1.809,Japan,Temperate,Temperate broadleaf & mixed forests,Asia,Japan site 5
JAP-0343,JAP-0343-T07,1943,,0,61.7,Dipterocarpus grandiflorus,38.85448,140.83761,1.0,32.0,3.032,Japan,Temperate,Temperate broadleaf & mixed forests,Asia,Japan site 5
JAP-0343,JAP-0343-T07,1947,1943,0,61.9,Dipterocarpus grandiflorus,38.85448,140.83761,1.0,32.0,3.032,Japan,Temperate,Temperate broadleaf & mixed forests,Asia,Japan site 5
JAP-0343,JAP-0343-T08,1943,,0,8.4,Milicia excelsa,38.85448,140.83761,1.0,22.3,1.241,Japan,Temperate,Temperate broadleaf & mixed forests,Asia,Japan site 5
JAP-0343,JAP-0343-T08,1947,1943,0,8.9,Milicia excelsa,38.85448,140.83761,1.0,22.3,1.241,Japan,Temperate,Temperate broadleaf & mixed forests,Asia,Japan site 5
JAP-0343,JAP-0343-T09,1943,,0,54.6,Fagus sylvatica,38.85448,140.83761,1.0,28.4,3.062,Japan,Temperate,Temperate broadleaf & mixed forests,Asia,Japan site 5
JAP-0343,JAP-0343-T09,1947,1943,0,53.8,Fagus sylvatica,38.85448,140.83761,1.0,28.4,3.062,Japan,Temperate,Temperate broadleaf & mixed forests,Asia,Japan site 5
JAP-0344,JAP-0344-T01,1958,,0,29.1,Dipterocarpus grandiflorus,34.23544,132.25581,0.5,10.2,2.787,Japan,Deciduous,Temperate broadleaf & mixed forests,Asia,Japan site 6
JAP-0344,JAP-0344-T02,1958,,0,39.1,Populus tremula,34.23544,132.25581,0.5,20.6,3.571,Japan,Deciduous,Temperate broadleaf & mixed forests,Asia,Japan site 6
JAP-0344,JAP-0344-T03,1958,,0,15.1,Cecropia obtusa,34.23544,132.25581,0.5,20.2,1.132,Japan,Deciduous,Temperate broadleaf & mixed forests,Asia,Japan site 6
JAP-0344,JAP-0344-T04,1958,,1,28.3,Juniperus thurifera,34.23544,132.25581,0.5,8.1,1.06,Japan,Deciduous,Temperate broadleaf & mixed forests,Asia,Japan site 6
JAP-0344,JAP-0344-T05,1958,,0,12.0,Inga edulis,34.23544,132.25581,0.5,24.0,0.094,Japan,Deciduous,Temperate broadleaf & mixed forests,Asia,Japan site 6
JAP-0345,JAP-0345-T01,1942,,0,57.0,Nothofagus pumilio,42.12253,137.22041,0.1,8.2,4.083,Japan,Mixed,Temperate broadleaf & mixed forests,Asia,Japan site 7
JAP-0345,JAP-0345-T02,1942,,1,25.9,Fagus sylvatica,42.12253,137.22041,0.1,32.4,1.782,Japan,Mixed,Temperate broadleaf & mixed forests,Asia,Japan site 7
JAP-0345,JAP-0345-T03,1942,,0,20.9,Inga edulis,42.12253,137.22041,0.1,32.9,1.682,Japan,Mixed,Temperate broadleaf & mixed forests,Asia,Japan site 7
JAP-0345,JAP-0345-T04,1942,,0,55.9,Eucalyptus camaldulensis,42.12253,137.22041,0.1,10.6,2.857,Japan,Mixed,Temperate broadleaf & mixed forests,Asia,Japan site 7
JAP-0345,JAP-0345-T05,1942,,0,41.7,Quercus robur,42.12253,137.22041,0.1,25.6,0.069,Japan,Mixed,Temperate broadleaf & mixed forests,Asia,Japan site 7
JAP-0345,JAP-0345-T06,1942,,0,40.0,Fagus sylvatica,42.12253,137.22041,0.1,37.7,0.283,Japan,Mixed,Temperate broadleaf & mixed forests,Asia,Japan site 7
JAP-0345,JAP-0345-T07,1942,,0,9.6,Khaya ivorensis,42.12253,137.22041,0.1,18.9,0.124,Japan,Mixed,Temperate broadleaf & mixed forests,Asia,Japan site 7
JAP-0345,JAP-0345-T08,1942,,0,45.2,Acer saccharum,42.12253,137.22041,0.1,31.0,2.081,Japan,Mixed,Temperate broadleaf & mixed forests,Asia,Japan site 7
JAP-0345,JAP-0345-T09,1942,,0,45.6,Rhizophora mangle,42.12253,137.22041,0.1,19.0,3.861,Japan,Mixed,Temperate broadleaf & mixed forests,Asia,Japan site 7
JAP-0345,JAP-0345-T10,1942,,0,60.3,Acer saccharum,42.12253,137.22041,0.1,9.2,2.812,Japan,Mixed,Temperate broadleaf & mixed forests,Asia,Japan site 7
JAP-0345,JAP-0345-T11,1942,,0,15.2,Fagus sylvatica,42.12253,137.22041,0.1,37.0,1.583,Japan,Mixed,Temperate broadleaf & mixed forests,Asia,Japan site 7
JAP-0346,JAP-0346-T01,1959,,0,43.7,Dipterocarpus grandiflorus,33.03533,139.41935,0.04,15.7,,Japan,Mixed,Temperate broadleaf & mixed forests,Asia,Japan site 8
JAP-0346,JAP-0346-T02,1959,,0,39.9,Khaya ivorensis,33.03533,139.41935,0.04,12.1,,Japan,Mixed,Temperate broadleaf & mixed forests,Asia,Japan site 8
JAP-0346,JAP-0346-T03,1959,,0,60.0,Nothofagus pumilio,33.03533,139.41935,0.04,16.4,,Japan,Mixed,Temperate broadleaf & mixed forests,Asia,Japan site 8
JAP-0346,JAP-0346-T04,1959,,0,20.2,Eperua falcata,33.03533,139.41935,0.04,10.7,,Japan,Mixed,Temperate broadleaf & mixed forests,Asia,Japan site 8
JAP-0346,JAP-0346-T05,1959,,0,38.3,Khaya ivorensis,33.03533,139.41935,0.04,29.6,,Japan,Mixed,Temperate broadleaf & mixed forests,Asia,Japan site 8
JAP-0346,JAP-0346-T06,1959,,0,42.0,Ocotea aciphylla,33.03533,139.41935,0.04,23.9,,Japan,Mixed,Temperate broadleaf & mixed forests,Asia,Japan site 8
JAP-0346,JAP-0346-T07,1959,,0,49.2,Dipterocarpus grandiflorus,33.03533,139.41935,0.04,19.9,,Japan,Mixed,Temperate broadleaf & mixed forests,Asia,Japan site 8
JAP-0346,JAP-0346-T08,1959,,0,40.2,Acer saccharum,33.03533,139.41935,0.04,28.6,,Japan,Mixed,Temperate broadleaf & mixed forests,Asia,Japan site 8
JAP-0347,JAP-0347-T01,2014,,0,34.7,Quercus ilex,39.01217,131.0723,1.0,17.4,,Japan,Temperate,Temperate broadleaf & mixed forests,Asia,Japan site 9
JAP-0347,JAP-0347-T02,2014,,0,20.7,Quercus robur,39.01217,131.0723,1.0,32.3,,Japan,Temperate,Temperate broadleaf & mixed forests,Asia,Japan site 9
JAP-0347,JAP-0347-T03,2014,,0,53.4,Cecropia obtusa,39.01217,131.0723,1.0,17.3,,Japan,Temperate,Temperate broadleaf & mixed forests,Asia,Japan site 9
JAP-0347,JAP-0347-T04,2014,,0,8.6,Rhizophora mangle,39.01217,131.0723,1.0,21.5,,Japan,Temperate,Temperate broadleaf & mixed forests,Asia,Japan site 9
JAP-0347,JAP-0347-T05,2014,,0,56.7,Cecropia obtusa,39.01217,131.0723,1.0,20.2,,Japan,Temperate,Temperate broadleaf & mixed forests,Asia,Japan site 9
JAP-0347,JAP-0347-T06,2014,,0,51.2,Ocotea aciphylla,39.01217,131.0723,1.0,9.9,,Japan,Temperate,Temperate broadleaf & mixed forests,Asia,Japan site 9
JAP-0347,JAP-0347-T07,2014,,0,11.8,Quercus robur,39.01217,131.0723,1.0,36.6,,Japan,Temperate,Temperate broadleaf & mixed forests,Asia,Japan site 9
JAP-0347,JAP-0347-T08,2014,,0,31.8,Pinus sylvestris,39.01217,131.0723,1.0,28.4,,Japan,Temperate,Temperate broadleaf & mixed forests,Asia,Japan site 9
JAP-0348,JAP-0348-T01,1979,,0,51.7,Avicennia germinans,33.87703,132.19776,0.1,17.5,0.262,Japan,Temperate,Temperate broadleaf & mixed forests,Asia,Japan site 10
JAP-0348,JAP-0348-T01,1984,1979,0,51.3,Avicennia germinans,33.87703,132.19776,0.1,17.5,0.262,Japan,Temperate,Temperate broadleaf & mixed forests,Asia,Japan site 10
JAP-0348,JAP-0348-T02,1979,,0,12.1,Dipterocarpus grandiflorus,33.87703,132.19776,0.1,15.4,1.482,Japan,Temperate,Temperate broadleaf & mixed forests,Asia,Japan site 10
JAP-0348,JAP-0348-T02,1984,1979,0,12.7,Dipterocarpus grandiflorus,33.87703,132.19776,0.1,15.4,1.482,Japan,Temperate,Temperate broadleaf & mixed forests,Asia,Japan site 10
JAP-0348,JAP-0348-T03,1979,,0,19.5,Ocotea aciphylla,33.87703,132.19776,0.1,28.4,1.453,Japan,Temperate,Temperate broadleaf & mixed forests,Asia,Japan site 10
JAP-0348,JAP-0348-T03,1984,1979,0,18.8,Ocotea aciphylla,33.87703,132.19776,0.1,28.4,1.453,Japan,Temperate,Temperate broadleaf & mixed forests,Asia,Japan site 10
JAP-0348,JAP-0348-T04,1979,,0,14.6,Rhizophora mangle,33.87703,132.19776,0.1,36.0,0.378,Japan,Temperate,Temperate broadleaf & mixed forests,Asia,Japan site 10
JAP-0348,JAP-0348-T04,1984,1979,0,14.6,Rhizophora mangle,33.87703,132.19776,0.1,36.0,0.378,Japan,Temperate,Temperate broadleaf & mixed forests,Asia,Japan site 10
JAP-0348,JAP-0348-T05,1979,,0,53.8,Dipterocarpus grandiflorus,33.87703,132.19776,0.1,20.1,0.982,Japan,Temperate,Temperate broadleaf & mixed forests,Asia,Japan site 10
JAP-0348,JAP-0348-T05,1984,1979,0,53.1,Dipterocarpus grandiflorus,33.87703,132.19776,0.1,20.1,0.982,Japan,Temperate,Temperate broadleaf & mixed forests,Asia,Japan site 10
JAP-0349,JAP-0349-T01,1971,,0,34.7,Quercus ilex,41.9753,140.02291,0.5,,2.83,Japan,Mixed,Temperate broadleaf & mixed forests,Asia,Japan site 11
JAP-0349,JAP-0349-T01,1981,1971,0,35.4,Quercus ilex,41.9753,140.02291,0.5,,2.83,Japan,Mixed,Temperate broadleaf & mixed forests,Asia,Japan site 11
JAP-0349,JAP-0349-T02,1971,,0,10.7,Rhizophora mangle,41.9753,140.02291,0.5,,0.852,Japan,Mixed,Temperate broadleaf & mixed forests,Asia,Japan site 11
JAP-0349,JAP-0349-T02,1981,1971,0,10.1,Rhizophora mangle,41.9753,140.02291,0.5,,0.852,Japan,Mixed,Temperate broadleaf & mixed forests,Asia,Japan site 11
JAP-0349,JAP-0349-T03,1971,,1,37.3,Pinus sylvestris,41.9753,140.02291,0.5,,1.115,Japan,Mixed,Temperate broadleaf & mixed forests,Asia,Japan site 11
JAP-0349,JAP-0349-T03,1981,1971,0,37.0,Pinus sylvestris,41.9753,140.02291,0.5,,1.115,Japan,Mixed,Temperate broadleaf & mixed forests,Asia,Japan site 11
JAP-0349,JAP-0349-T04,1971,,0,27.4,Quercus ilex,41.9753,140.02291,0.5,,2.21,Japan,Mixed,Temperate broadleaf & mixed forests,Asia,Japan site 11
JAP-0349,JAP-0349-T04,1981,1971,0,26.1,Quercus ilex,41.9753,140.02291,0.5,,2.21,Japan,Mixed,Temperate broadleaf & mixed forests,Asia,Japan site 11
JAP-0349,JAP-0349-T05,1971,,0,19.5,Avicennia germinans,41.9753,140.02291,0.5,,3.078,Japan,Mixed,Temperate broadleaf & mixed forests,Asia,Japan site 11
JAP-0349,JAP-0349-T05,1981,1971,0,18.4,Avicennia germinans,41.9753,140.02291,0.5,,3.078,Japan,Mixed,Temperate broadleaf & mixed forests,Asia,Japan site 11
JAP-0349,JAP-0349-T06,1971,,0,54.9,Acer saccharum,41.9753,140.02291,0.5,,4.149,Japan,Mixed,Temperate broadleaf & mixed forests,Asia,Japan site 11
JAP-0349,JAP-0349-T06,1981,1971,0,54.8,Acer saccharum,41.9753,140.02291,0.5,,4.149,Japan,Mixed,Temperate broadleaf & mixed forests,Asia,Japan site 11
JAP-0349,JAP-0349-T07,1971,,0,28.3,Rhizophora mangle,41.9753,140.02291,0.5,,3.87,Japan,Mixed,Temperate broadleaf & mixed forests,Asia,Japan site 11
JAP-0349,JAP-0349-T07,1981,1971,0,28.5,Rhizophora mangle,41.9753,140.02291,0.5,,3.87,Japan,Mixed,Temperate broadleaf & mixed forests,Asia,Japan site 11
JAP-0350,JAP-0350-T01,1943,,0,20.1,Acer saccharum,39.88654,141.27281,0.25,24.0,,Japan,Temperate,Temperate broadleaf & mixed forests,Asia,Japan site 12
JAP-0350,JAP-0350-T02,1943,,0,10.5,Betula pendula,39.88654,141.27281,0.25,15.1,,Japan,Temperate,Temperate broadleaf & mixed forests,Asia,Japan site 12
JAP-0350,JAP-0350-T03,1943,,1,13.1,Juniperus thurifera,39.88654,141.27281,0.25,28.7,,Japan,Temperate,Temperate broadleaf & mixed forests,Asia,Japan site 12
JAP-0350,JAP-0350-T04,1943,,0,41.3,Cecropia obtusa,39.88654,141.27281,0.25,14.8,,Japan,Temperate,Temperate broadleaf & mixed forests,Asia,Japan site 12
JAP-0350,JAP-0350-T05,1943,,0,23.1,Eucalyptus camaldulensis,39.88654,141.27281,0.25,12.1,,Japan,Temperate,Temperate broadleaf & mixed forests,Asia,Japan site 12
JAP-0350,JAP-0350-T06,1943,,0,43.6,Avicennia germinans,39.88654,141.27281,0.25,26.1,,Japan,Temperate,Temperate broadleaf & mixed forests,Asia,Japan site 12
JAP-0350,JAP-0350-T07,1943,,0,8.5,Quercus ilex,39.88654,141.27281,0.25,28.2,,Japan,Temperate,Temperate broadleaf & mixed forests,Asia,Japan site 12
JAP-0350,JAP-0350-T08,1943,,0,54.5,Eperua falcata,39.88654,141.27281,0.25,17.8,,Japan,Temperate,Temperate broadleaf & mixed forests,Asia,Japan site 12
JAP-0350,JAP-0350-T09,1943,,0,14.8,Eperua falcata,39.88654,141.27281,0.25,19.7,,Japan,Temperate,Temperate broadleaf & mixed forests,Asia,Japan site 12
JAP-0351,JAP-0351-T01,2016,,0,31.6,Eperua falcata,34.79907,137.70346,0.25,,3.11,Japan,Temperate,Temperate broadleaf & mixed forests,Asia,Japan site 13
JAP-0351,JAP-0351-T02,2016,,1,37.8,Tsuga canadensis,34.79907,137.70346,0.25,,1.011,Japan,Temperate,Temperate broadleaf & mixed forests,Asia,Japan site 13
JAP-0351,JAP-0351-T03,2016,,0,50.6,Inga edulis,34.79907,137.70346,0.25,,4.431,Japan,Temperate,Temperate broadleaf & mixed forests,Asia,Japan site 13
JAP-0351,JAP-0351-T04,2016,,0,18.0,Betula pendula,34.79907,137.70346,0.25,,3.417,Japan,Temperate,Temperate broadleaf & mixed forests,Asia,Japan site 13
JAP-0351,JAP-0351-T05,2016,,0,57.3,Betula pendula,34.79907,137.70346,0.25,,2.228,Japan,Temperate,Temperate broadleaf & mixed forests,Asia,Japan site 13
JAP-0351,JAP-0351-T06,2016,,0,19.0,Tsuga canadensis,34.79907,137.70346,0.25,,0.358,Japan,Temperate,Temperate broadleaf & mixed forests,Asia,Japan site 13
JAP-0351,JAP-0351-T07,2016,,0,45.8,Eucalyptus camaldulensis,34.79907,137.70346,0.25,,0.171,Japan,Temperate,Temperate broadleaf & mixed forests,Asia,Japan site 13
JAP-0351,JAP-0351-T08,2016,,0,47.4,Dipterocarpus grandiflorus,34.79907,137.70346,0.25,,0.147,Japan,Temperate,Temperate broadleaf & mixed forests,Asia,Japan site 13
JAP-0352,JAP-0352-T01,1989,,0,27.5,Nothofagus pumilio,41.06044,133.33572,0.1,15.1,3.593,Japan,Temperate,Temperate broadleaf & mixed forests,Asia,Japan site 14
JAP-0352,JAP-0352-T01,1993,1989,0,27.8,Nothofagus pumilio,41.06044,133.33572,0.1,15.1,3.593,Japan,Temperate,Temperate broadleaf & mixed forests,Asia,Japan site 14
JAP-0352,JAP-0352-T02,1989,,0,42.0,Betula pendula,41.06044,133.33572,0.1,10.5,3.712,Japan,Temperate,Temperate broadleaf & mixed forests,Asia,Japan site 14
JAP-0352,JAP-0352-T02,1993,1989,1,41.0,Betula pendula,41.06044,133.33572,0.1,10.5,3.712,Japan,Temperate,Temperate broadleaf & mixed forests,Asia,Japan site 14
JAP-0352,JAP-0352-T03,1989,,0,22.6,Avicennia germinans,41.06044,133.33572,0.1,28.3,3.911,Japan,Temperate,Temperate broadleaf & mixed forests,Asia,Japan site 14
JAP-0352,JAP-0352-T03,1993,1989,0,22.1,Avicennia germinans,41.06044,133.33572,0.1,28.3,3.911,Japan,Temperate,Temperate broadleaf & mixed forests,Asia,Japan site 14
JAP-0352,JAP-0352-T04,1989,,0,15.4,Cecropia obtusa,41.06044,133.33572,0.1,25.1,0.031,Japan,Temperate,Temperate broadleaf & mixed forests,Asia,Japan site 14
JAP-0352,JAP-0352-T04,1993,1989,1,14.0,Cecropia obtusa,41.06044,133.33572,0.1,25.1,0.031,Japan,Temperate,Temperate broadleaf & mixed forests,Asia,Japan site 14
JAP-0352,JAP-0352-T05,1989,,0,18.3,Inga edulis,41.06044,133.33572,0.1,23.3,4.42,Japan,Temperate,Temperate broadleaf & mixed forests,Asia,Japan site 14
JAP-0352,JAP-0352-T05,1993,1989,0,18.3,Inga edulis,41.06044,133.33572,0.1,23.3,4.42,Japan,Temperate,Temperate broadleaf & mixed forests,Asia,Japan site 14
JAP-0353,JAP-0353-T01,1945,,0,59.1,Shorea leprosula,34.94016,140.17208,0.5,,,Japan,Deciduous,Temperate broadleaf & mixed forests,Asia,Japan site 15
JAP-0353,JAP-0353-T02,1945,,0,39.0,Dipterocarpus grandiflorus,34.94016,140.17208,0.5,,,Japan,Deciduous,Temperate broadleaf & mixed forests,Asia,Japan site 15
JAP-0353,JAP-0353-T03,1945,,0,34.2,Quercus ilex,34.94016,140.17208,0.5,,,Japan,Deciduous,Temperate broadleaf & mixed forests,Asia,Japan site 15
JAP-0353,JAP-0353-T04,1945,,0,36.2,Picea abies,34.94016,140.17208,0.5,,,Japan,Deciduous,Temperate broadleaf & mixed forests,Asia,Japan site 15
JAP-0353,JAP-0353-T05,1945,,0,45.7,Juniperus thurifera,34.94016,140.17208,0.5,,,Japan,Deciduous,Temperate broadleaf & mixed forests,Asia,Japan site 15
JAP-0353,JAP-0353-T06,1945,,0,48.4,Avicennia germinans,34.94016,140.17208,0.5,,,Japan,Deciduous,Temperate broadleaf & mixed forests,Asia,Japan site 15
JAP-0353,JAP-0353-T07,1945,,0,53.5,Shorea leprosula,34.94016,140.17208,0.5,,,Japan,Deciduous,Temperate broadleaf & mixed forests,Asia,Japan site 15
JAP-0353,JAP-0353-T08,1945,,0,21.9,Pinus sylvestris,34.94016,140.17208,0.5,,,Japan,Deciduous,Temperate broadleaf & mixed forests,Asia,Japan site 15
JAP-0353,JAP-0353-T09,1945,,0,31.1,Eucalyptus camaldulensis,34.94016,140.17208,0.5,,,Japan,Deciduous,Temperate broadleaf & mixed forests,Asia,Japan site 15
JAP-0353,JAP-0353-T10,1945,,0,56.0,Quercus ilex,34.94016,140.17208,0.5,,,Japan,Deciduous,Temperate broadleaf & mixed forests,Asia,Japan site 15
JAP-0353,JAP-0353-T11,1945,,0,54.8,Quercus robur,34.94016,140.17208,0.5,,,Japan,Deciduous,Temperate broadleaf & mixed forests,Asia,Japan site 15
JAP-0354,JAP-0354-T01,1945,,0,19.2,Milicia excelsa,35.99344,138.97461,0.25,32.7,3.492,Japan,Mixed,Temperate broadleaf & mixed forests,Asia,Japan site 16
JAP-0354,JAP-0354-T02,1945,,0,14.9,Tsuga canadensis,35.99344,138.97461,0.25,30.4,4.39,Japan,Mixed,Temperate broadleaf & mixed forests,Asia,Japan site 16
JAP-0354,JAP-0354-T03,1945,,0,13.5,Inga edulis,35.99344,138.97461,0.25,11.0,3.239,Japan,Mixed,Temperate broadleaf & mixed forests,Asia,Japan site 16
JAP-0354,JAP-0354-T04,1945,,0,51.5,Nothofagus pumilio,35.99344,138.97461,0.25,10.2,3.904,Japan,Mixed,Temperate broadleaf & mixed forests,Asia,Japan site 16
JAP-0354,JAP-0354-T05,1945,,1,23.6,Quercus ilex,35.99344,138.97461,0.25,36.0,1.041,Japan,Mixed,Temperate broadleaf & mixed forests,Asia,Japan site 16
JAP-0354,JAP-0354-T06,1945,,0,17.9,Pinus sylvestris,35.99344,138.97461,0.25,21.5,3.341,Japan,Mixed,Temperate broadleaf & mixed forests,Asia,Japan site 16
JAP-0354,JAP-0354-T07,1945,,0,15.4,Acer saccharum,35.99344,138.97461,0.25,13.8,2.67,Japan,Mixed,Temperate broadleaf & mixed forests,Asia,Japan site 16
JAP-0354,JAP-0354-T08,1945,,0,58.7,Dipterocarpus grandiflorus,35.99344,138.97461,0.25,17.0,3.724,Japan,Mixed,Temperate broadleaf & mixed forests,Asia,Japan site 16
JAP-0354,JAP-0354-T09,1945,,0,26.4,Acer saccharum,35.99344,138.97461,0.25,29.5,3.364,Japan,Mixed,Temperate broadleaf & mixed forests,Asia,Japan site 16
JAP-0354,JAP-0354-T10,1945,,0,53.8,Pinus sylvestris,35.99344,138.97461,0.25,31.2,2.378,Japan,Mixed,Temperate broadleaf & mixed forests,Asia,Japan site 16
JAP-0354,JAP-0354-T11,1945,,0,19.1,Betula pendula,35.99344,138.97461,0.25,23.8,2.466,Japan,Mixed,Temperate broadleaf & mixed forests,Asia,Japan site 16
JAP-0355,JAP-0355-T01,1988,,0,37.5,Milicia excelsa,39.26511,140.26646,1.0,33.4,0.322,Japan,Deciduous,Temperate broadleaf & mixed forests,Asia,Japan site 17
JAP-0355,JAP-0355-T02,1988,,0,45.7,Inga edulis,39.26511,140.26646,1.0,37.6,0.916,Japan,Deciduous,Temperate broadleaf & mixed forests,Asia,Japan site 17
JAP-0355,JAP-0355-T03,1988,,0,42.7,Juniperus thurifera,39.26511,140.26646,1.0,20.0,2.115,Japan,Deciduous,Temperate broadleaf & mixed forests,Asia,Japan site 17
JAP-0355,JAP-0355-T04,1988,,1,37.0,Quercus ilex,39.26511,140.26646,1.0,34.1,1.234,Japan,Deciduous,Temperate broadleaf & mixed forests,Asia,Japan site 17
JAP-0355,JAP-0355-T05,1988,,0,25.5,Milicia excelsa,39.26511,140.26646,1.0,20.9,2.008,Japan,Deciduous,Temperate broadleaf & mixed forests,Asia,Japan site 17
JAP-0355,JAP-0355-T06,1988,,1,18.4,Inga edulis,39.26511,140.26646,1.0,28.3,1.102,Japan,Deciduous,Temperate broadleaf & mixed forests,Asia,Japan site 17
JAP-0355,JAP-0355-T07,1988,,0,54.3,Quercus ilex,39.26511,140.26646,1.0,21.3,0.922,Japan,Deciduous,Temperate broadleaf & mixed forests,Asia,Japan site 17
JAP-0356,JAP-0356-T01,2002,,0,11.2,Nothofagus pumilio,36.71584,140.12403,0.25,34.4,1.889,Japan,Deciduous,Temperate broadleaf & mixed forests,Asia,Japan site 18
JAP-0356,JAP-0356-T02,2002,,0,8.4,Betula pendula,36.71584,140.12403,0.25,20.6,1.616,Japan,Deciduous,Temperate broadleaf & mixed forests,Asia,Japan site 18
JAP-0356,JAP-0356-T03,2002,,0,45.0,Rhizophora mangle,36.71584,140.12403,0.25,20.2,1.264,Japan,Deciduous,Temperate broadleaf & mixed forests,Asia,Japan site 18
JAP-0356,JAP-0356-T04,2002,,0,59.1,Eucalyptus camaldulensis,36.71584,140.12403,0.25,17.7,3.387,Japan,Deciduous,Temperate broadleaf & mixed forests,Asia,Japan site 18
JAP-0356,JAP-0356-T05,2002,,0,27.0,Avicennia germinans,36.71584,140.12403,0.25,37.7,0.791,Japan,Deciduous,Temperate broadleaf & mixed forests,Asia,Japan site 18
IND-0357,IND-0357-T01,1962,,0,10.8,Quercus robur,22.93091,84.25417,1.0,23.7,1.532,India,Tropical,Tropical dry broadleaf forests,Asia,India site 1
IND-0357,IND-0357-T01,1966,1962,0,10.8,Quercus robur,22.93091,84.25417,1.0,23.7,1.532,India,Tropical,Tropical dry broadleaf forests,Asia,India site 1
IND-0357,IND-0357-T02,1962,,0,11.1,Milicia excelsa,22.93091,84.25417,1.0,10.1,1.734,India,Tropical,Tropical dry broadleaf forests,Asia,India site 1
IND-0357,IND-0357-T02,1966,1962,0,11.1,Milicia excelsa,22.93091,84.25417,1.0,10.1,1.734,India,Tropical,Tropical dry broadleaf forests,Asia,India site 1
IND-0357,IND-0357-T03,1962,,0,22.0,Dipterocarpus grandiflorus,22.93091,84.25417,1.0,31.1,2.658,India,Tropical,Tropical dry broadleaf forests,Asia,India site 1
IND-0357,IND-0357-T03,1966,1962,0,21.6,Dipterocarpus grandiflorus,22.93091,84.25417,1.0,31.1,2.658,India,Tropical,Tropical dry broadleaf forests,Asia,India site 1
IND-0357,IND-0357-T04,1962,,0,18.9,Tsuga canadensis,22.93091,84.25417,1.0,20.2,2.414,India,Tropical,Tropical dry broadleaf forests,Asia,India site 1
IND-0357,IND-0357-T04,1966,1962,0,18.4,Tsuga canadensis,22.93091,84.25417,1.0,20.2,2.414,India,Tropical,Tropical dry broadleaf forests,Asia,India site 1
IND-0357,IND-0357-T05,1962,,0,54.8,Avicennia germinans,22.93091,84.25417,1.0,29.9,2.048,India,Tropical,Tropical dry broadleaf forests,Asia,India site 1
IND-0357,IND-0357-T05,1966,1962,0,54.1,Avicennia germinans,22.93091,84.25417,1.0,29.9,2.048,India,Tropical,Tropical dry broadleaf forests,Asia,India site 1
IND-0357,IND-0357-T06,1962,,0,16.3,Shorea leprosula,22.93091,84.25417,1.0,14.4,2.901,India,Tropical,Tropical dry broadleaf forests,Asia,India site 1
IND-0357,IND-0357-T06,1966,1962,0,17.1,Shorea leprosula,22.93091,84.25417,1.0,14.4,2.901,India,Tropical,Tropical dry broadleaf forests,Asia,India site 1
IND-0357,IND-0357-T07,1962,,0,41.0,Nothofagus pumilio,22.93091,84.25417,1.0,24.0,0.156,India,Tropical,Tropical dry broadleaf forests,Asia,India site 1
IND-0357,IND-0357-T07,1966,1962,0,40.6,Nothofagus pumilio,22.93091,84.25417,1.0,24.0,0.156,India,Tropical,Tropical dry broadleaf forests,Asia,India site 1
IND-0358,IND-0358-T01,1930,,0,39.5,Quercus robur,23.05272,83.61873,1.0,,1.961,India,Tropical,Tropical dry broadleaf forests,Asia,India site 2
IND-0358,IND-0358-T01,1940,1930,0,39.3,Quercus robur,23.05272,83.61873,1.0,,1.961,India,Tropical,Tropical dry broadleaf forests,Asia,India site 2
IND-0358,IND-0358-T02,1930,,0,55.4,Juniperus thurifera,23.05272,83.61873,1.0,,0.624,India,Tropical,Tropical dry broadleaf forests,Asia,India site 2
IND-0358,IND-0358-T02,1940,1930,0,54.5,Juniperus thurifera,23.05272,83.61873,1.0,,0.624,India,Tropical,Tropical dry broadleaf forests,Asia,India site 2
IND-0358,IND-0358-T03,1930,,1,29.0,Ocotea aciphylla,23.05272,83.61873,1.0,,1.231,India,Tropical,Tropical dry broadleaf forests,Asia,India site 2
IND-0358,IND-0358-T03,1940,1930,0,28.5,Ocotea aciphylla,23.05272,83.61873,1.0,,1.231,India,Tropical,Tropical dry broadleaf forests,Asia,India site 2
IND-0358,IND-0358-T04,1930,,0,48.6,Inga edulis,23.05272,83.61873,1.0,,2.225,India,Tropical,Tropical dry broadleaf forests,Asia,India site 2
IND-0358,IND-0358-T04,1940,1930,0,46.9,Inga edulis,23.05272,83.61873,1.0,,2.225,India,Tropical,Tropical dry broadleaf forests,Asia,India site 2
IND-0358,IND-0358-T05,1930,,0,42.5,Khaya ivorensis,23.05272,83.61873,1.0,,1.018,India,Tropical,Tropical dry broadleaf forests,Asia,India site 2
IND-0358,IND-0358-T05,1940,1930,0,42.9,Khaya ivorensis,23.05272,83.61873,1.0,,1.018,India,Tropical,Tropical dry broadleaf forests,Asia,India site 2
IND-0358,IND-0358-T06,1930,,0,10.4,Nothofagus pumilio,23.05272,83.61873,1.0,,2.967,India,Tropical,Tropical dry broadleaf forests,Asia,India site 2
IND-0358,IND-0358-T06,1940,1930,0,10.9,Nothofagus pumilio,23.05272,83.61873,1.0,,2.967,India,Tropical,Tropical dry broadleaf forests,Asia,India site 2
IND-0358,IND-0358-T07,1930,,0,55.1,Khaya ivorensis,23.05272,83.61873,1.0,,3.858,India,Tropical,Tropical dry broadleaf forests,Asia,India site 2
IND-0358,IND-0358-T07,1940,1930,0,53.9,Khaya ivorensis,23.05272,83.61873,1.0,,3.858,India,Tropical,Tropical dry broadleaf forests,Asia,India site 2
IND-0358,IND-0358-T08,1930,,0,25.9,Betula pendula,23.05272,83.61873,1.0,,1.276,India,Tropical,Tropical dry broadleaf forests,Asia,India site 2
IND-0358,IND-0358-T08,1940,1930,0,26.1,Betula pendula,23.05272,83.61873,1.0,,1.276,India,Tropical,Tropical dry broadleaf forests,Asia,India site 2
IND-0358,IND-0358-T09,1930,,0,20.3,Fagus sylvatica,23.05272,83.61873,1.0,,2.545,India,Tropical,Tropical dry broadleaf forests,Asia,India site 2
IND-0358,IND-0358-T09,1940,1930,0,19.9,Fagus sylvatica,23.05272,83.61873,1.0,,2.545,India,Tropical,Tropical dry broadleaf forests,Asia,India site 2
IND-0358,IND-0358-T10,1930,,0,40.9,Ocotea aciphylla,23.05272,83.61873,1.0,,4.301,India,Tropical,Tropical dry broadleaf forests,Asia,India site 2
IND-0358,IND-0358-T10,1940,1930,0,41.1,Ocotea aciphylla,23.05272,83.61873,1.0,,4.301,India,Tropical,Tropical dry broadleaf forests,Asia,India site 2
IND-0359,IND-0359-T01,1976,,0,47.0,Eucalyptus camaldulensis,14.4681,80.17562,0.04,14.0,2.264,India,Deciduous,Tropical dry broadleaf forests,Asia,India site 3
IND-0359,IND-0359-T01,1986,1976,0,47.6,Eucalyptus camaldulensis,14.4681,80.17562,0.04,14.0,2.264,India,Deciduous,Tropical dry broadleaf forests,Asia,India site 3
IND-0359,IND-0359-T02,1976,,0,55.2,Eucalyptus camaldulensis,14.4681,80.17562,0.04,28.9,3.631,India,Deciduous,Tropical dry broadleaf forests,Asia,India site 3
IND-0359,IND-0359-T02,1986,1976,0,54.4,Eucalyptus camaldulensis,14.4681,80.17562,0.04,28.9,3.631,India,Deciduous,Tropical dry broadleaf forests,Asia,India site 3
IND-0359,IND-0359-T03,1976,,0,17.1,Populus tremula,14.4681,80.17562,0.04,34.7,0.159,India,Deciduous,Tropical dry broadleaf forests,Asia,India site 3
IND-0359,IND-0359-T03,1986,1976,0,16.4,Populus tremula,14.4681,80.17562,0.04,34.7,0.159,India,Deciduous,Tropical dry broadleaf forests,Asia,India site 3
IND-0359,IND-0359-T04,1976,,0,17.0,Shorea leprosula,14.4681,80.17562,0.04,20.6,2.173,India,Deciduous,Tropical dry broadleaf forests,Asia,India site 3
IND-0359,IND-0359-T04,1986,1976,0,17.9,Shorea leprosula,14.4681,80.17562,0.04,20.6,2.173,India,Deciduous,Tropical dry broadleaf forests,Asia,India site 3
IND-0359,IND-0359-T05,1976,,0,28.7,Quercus robur,14.4681,80.17562,0.04,13.5,2.665,India,Deciduous,Tropical dry broadleaf forests,Asia,India site 3
IND-0359,IND-0359-T05,1986,1976,0,28.6,Quercus robur,14.4681,80.17562,0.04,13.5,2.665,India,Deciduous,Tropical dry broadleaf forests,Asia,India site 3
IND-0359,IND-0359-T06,1976,,0,57.9,Eucalyptus camaldulensis,14.4681,80.17562,0.04,31.9,0.425,India,Deciduous,Tropical dry broadleaf forests,Asia,India site 3
IND-0359,IND-0359-T06,1986,1976,0,58.8,Eucalyptus camaldulensis,14.4681,80.17562,0.04,31.9,0.425,India,Deciduous,Tropical dry broadleaf forests,Asia,India site 3
IND-0359,IND-0359-T07,1976,,0,52.4,Ocotea aciphylla,14.4681,80.17562,0.04,24.9,1.876,India,Deciduous,Tropical dry broadleaf forests,Asia,India site 3
IND-0359,IND-0359-T07,1986,1976,0,52.4,Ocotea aciphylla,14.4681,80.17562,0.04,24.9,1.876,India,Deciduous,Tropical dry broadleaf forests,Asia,India site 3
IND-0360,IND-0360-T01,1950,,0,47.1,Rhizophora mangle,14.35929,86.4914,1.0,14.6,2.142,India,Deciduous,Tropical dry broadleaf forests,Asia,India site 4
IND-0360,IND-0360-T01,1954,1950,0,47.1,Rhizophora mangle,14.35929,86.4914,1.0,14.6,2.142,India,Deciduous,Tropical dry broadleaf forests,Asia,India site 4
IND-0360,IND-0360-T02,1950,,1,20.3,Acer saccharum,14.35929,86.4914,1.0,28.4,2.588,India,Deciduous,Tropical dry broadleaf forests,Asia,India site 4
IND-0360,IND-0360-T02,1954,1950,0,20.0,Acer saccharum,14.35929,86.4914,1.0,28.4,2.588,India,Deciduous,Tropical dry broadleaf forests,Asia,India site 4
IND-0360,IND-0360-T03,1950,,0,55.1,Shorea leprosula,14.35929,86.4914,1.0,29.4,2.832,India,Deciduous,Tropical dry broadleaf forests,Asia,India site 4
IND-0360,IND-0360-T03,1954,1950,0,54.7,Shorea leprosula,14.35929,86.4914,1.0,29.4,2.832,India,Deciduous,Tropical dry broadleaf forests,Asia,India site 4
IND-0360,IND-0360-T04,1950,,0,39.4,Rhizophora mangle,14.35929,86.4914,1.0,29.1,0.336,India,Deciduous,Tropical dry broadleaf forests,Asia,India site 4
IND-0360,IND-0360-T04,1954,1950,0,39.1,Rhizophora mangle,14.35929,86.4914,1.0,29.1,0.336,India,Deciduous,Tropical dry broadleaf forests,Asia,India site 4
IND-0360,IND-0360-T05,1950,,0,12.2,Eucalyptus camaldulensis,14.35929,86.4914,1.0,32.6,3.895,India,Deciduous,Tropical dry broadleaf forests,Asia,India site 4
IND-0360,IND-0360-T05,1954,1950,0,12.3,Eucalyptus camaldulensis,14.35929,86.4914,1.0,32.6,3.895,India,Deciduous,Tropical dry broadleaf forests,Asia,India site 4
IND-0360,IND-0360-T06,1950,,0,35.8,Rhizophora mangle,14.35929,86.4914,1.0,18.6,0.31,India,Deciduous,Tropical dry broadleaf forests,Asia,India site 4
IND-0360,IND-0360-T06,1954,1950,0,36.5,Rhizophora mangle,14.35929,86.4914,1.0,18.6,0.31,India,Deciduous,Tropical dry broadleaf forests,Asia,India site 4
IND-0361,IND-0361-T01,2020,,0,29.1,Khaya ivorensis,14.37417,85.44419,1.0,20.1,,India,Tropical,Tropical dry broadleaf forests,Asia,India site 5
IND-0361,IND-0361-T02,2020,,0,22.2,Eucalyptus camaldulensis,14.37417,85.44419,1.0,23.4,,India,Tropical,Tropical dry broadleaf forests,Asia,India site 5
IND-0361,IND-0361-T03,2020,,1,9.2,Eucalyptus camaldulensis,14.37417,85.44419,1.0,12.7,,India,Tropical,Tropical dry broadleaf forests,Asia,India site 5
IND-0361,IND-0361-T04,2020,,0,29.5,Avicennia germinans,14.37417,85.44419,1.0,12.5,,India,Tropical,Tropical dry broadleaf forests,Asia,India site 5
IND-0361,IND-0361-T05,2020,,0,13.9,Milicia excelsa,14.37417,85.44419,1.0,11.4,,India,Tropical,Tropical dry broadleaf forests,Asia,India site 5
IND-0361,IND-0361-T06,2020,,0,40.5,Milicia excelsa,14.37417,85.44419,1.0,27.0,,India,Tropical,Tropical dry broadleaf forests,Asia,India site 5
IND-0361,IND-0361-T07,2020,,0,37.5,Pinus sylvestris,14.37417,85.44419,1.0,32.2,,India,Tropical,Tropical dry broadleaf forests,Asia,India site 5
IND-0361,IND-0361-T08,2020,,0,42.9,Juniperus thurifera,14.37417,85.44419,1.0,24.2,,India,Tropical,Tropical dry broadleaf forests,Asia,India site 5
IND-0361,IND-0361-T09,2020,,0,50.3,Khaya ivorensis,14.37417,85.44419,1.0,10.9,,India,Tropical,Tropical dry broadleaf forests,Asia,India site 5
IND-0362,IND-0362-T01,2021,,0,43.0,Quercus robur,23.26428,76.0121,1.0,22.7,4.121,India,Deciduous,Tropical dry broadleaf forests,Asia,India site 6
IND-0362,IND-0362-T02,2021,,0,10.0,Quercus ilex,23.26428,76.0121,1.0,11.6,2.057,India,Deciduous,Tropical dry broadleaf forests,Asia,India site 6
IND-0362,IND-0362-T03,2021,,0,50.1,Avicennia germinans,23.26428,76.0121,1.0,25.7,0.665,India,Deciduous,Tropical dry broadleaf forests,Asia,India site 6
IND-0362,IND-0362-T04,2021,,0,20.1,Populus tremula,23.26428,76.0121,1.0,35.2,2.311,India,Deciduous,Tropical dry broadleaf forests,Asia,India site 6
IND-0362,IND-0362-T05,2021,,1,43.7,Cecropia obtusa,23.26428,76.0121,1.0,26.2,2.054,India,Deciduous,Tropical dry broadleaf forests,Asia,India site 6
IND-0362,IND-0362-T06,2021,,0,10.4,Eperua falcata,23.26428,76.0121,1.0,22.7,2.082,India,Deciduous,Tropical dry broadleaf forests,Asia,India site 6
IND-0362,IND-0362-T07,2021,,0,50.3,Eucalyptus camaldulensis,23.26428,76.0121,1.0,34.0,4.485,India,Deciduous,Tropical dry broadleaf forests,Asia,India site 6
IND-0362,IND-0362-T08,2021,,0,45.3,Ocotea aciphylla,23.26428,76.0121,1.0,8.4,2.201,India,Deciduous,Tropical dry broadleaf forests,Asia,India site 6
IND-0362,IND-0362-T09,2021,,0,49.4,Picea abies,23.26428,76.0121,1.0,33.2,2.969,India,Deciduous,Tropical dry broadleaf forests,Asia,India site 6
IND-0362,IND-0362-T10,2021,,0,25.4,Picea abies,23.26428,76.0121,1.0,18.2,0.211,India,Deciduous,Tropical dry broadleaf forests,Asia,India site 6
IND-0362,IND-0362-T11,2021,,0,31.8,Eperua falcata,23.26428,76.0121,1.0,35.2,1.621,India,Deciduous,Tropical dry broadleaf forests,Asia,India site 6
IND-0363,IND-0363-T01,1997,,0,40.6,Quercus ilex,16.70113,85.84073,0.25,,,India,Deciduous,Tropical dry broadleaf forests,Asia,India site 7
IND-0363,IND-0363-T01,2002,1997,0,40.5,Quercus ilex,16.70113,85.84073,0.25,,,India,Deciduous,Tropical dry broadleaf forests,Asia,India site 7
IND-0363,IND-0363-T02,1997,,0,10.4,Shorea leprosula,16.70113,85.84073,0.25,,,India,Deciduous,Tropical dry broadleaf forests,Asia,India site 7
IND-0363,IND-0363-T02,2002,1997,0,9.8,Shorea leprosula,16.70113,85.84073,0.25,,,India,Deciduous,Tropical dry broadleaf forests,Asia,India site 7
IND-0363,IND-0363-T03,1997,,0,11.5,Dipterocarpus grandiflorus,16.70113,85.84073,0.25,,,India,Deciduous,Tropical dry broadleaf forests,Asia,India site 7
IND-0363,IND-0363-T03,2002,1997,0,10.9,Dipterocarpus grandiflorus,16.70113,85.84073,0.25,,,India,Deciduous,Tropical dry broadleaf forests,Asia,India site 7
IND-0363,IND-0363-T04,1997,,0,58.6,Betula pendula,16.70113,85.84073,0.25,,,India,Deciduous,Tropical dry broadleaf forests,Asia,India site 7
IND-0363,IND-0363-T04,2002,1997,0,58.5,Betula pendula,16.70113,85.84073,0.25,,,India,Deciduous,Tropical dry broadleaf forests,Asia,India site 7
IND-0363,IND-0363-T05,1997,,0,61.5,Nothofagus pumilio,16.70113,85.84073,0.25,,,India,Deciduous,Tropical dry broadleaf forests,Asia,India site 7
IND-0363,IND-0363-T05,2002,1997,0,61.0,Nothofagus pumilio,16.70113,85.84073,0.25,,,India,Deciduous,Tropical dry broadleaf forests,Asia,India site 7
IND-0363,IND-0363-T06,1997,,0,40.5,Nothofagus pumilio,16.70113,85.84073,0.25,,,India,Deciduous,Tropical dry broadleaf forests,Asia,India site 7
IND-0363,IND-0363-T06,2002,1997,0,40.2,Nothofagus pumilio,16.70113,85.84073,0.25,,,India,Deciduous,Tropical dry broadleaf forests,Asia,India site 7
IND-0363,IND-0363-T07,1997,,1,32.1,Quercus ilex,16.70113,85.84073,0.25,,,India,Deciduous,Tropical dry broadleaf forests,Asia,India site 7
IND-0363,IND-0363-T07,2002,1997,0,30.9,Quercus ilex,16.70113,85.84073,0.25,,,India,Deciduous,Tropical dry broadleaf forests,Asia,India site 7
IND-0363,IND-0363-T08,1997,,0,22.4,Khaya ivorensis,16.70113,85.84073,0.25,,,India,Deciduous,Tropical dry broadleaf forests,Asia,India site 7
IND-0363,IND-0363-T08,2002,1997,0,22.4,Khaya ivorensis,16.70113,85.84073,0.25,,,India,Deciduous,Tropical dry broadleaf forests,Asia,India site 7
IND-0363,IND-0363-T09,1997,,0,9.3,Dipterocarpus grandiflorus,16.70113,85.84073,0.25,,,India,Deciduous,Tropical dry broadleaf forests,Asia,India site 7
IND-0363,IND-0363-T09,2002,1997,0,10.0,Dipterocarpus grandiflorus,16.70113,85.84073,0.25,,,India,Deciduous,Tropical dry broadleaf forests,Asia,India site 7
IND-0364,IND-0364-T01,2007,,0,11.6,Quercus robur,13.41167,76.22628,0.5,14.5,0.624,India,Tropical,Tropical dry broadleaf forests,Asia,India site 8
IND-0364,IND-0364-T01,2012,2007,0,11.9,Quercus robur,13.41167,76.22628,0.5,14.5,0.624,India,Tropical,Tropical dry broadleaf forests,Asia,India site 8
IND-0364,IND-0364-T02,2007,,0,27.2,Picea abies,13.41167,76.22628,0.5,36.3,1.66,India,Tropical,Tropical dry broadleaf forests,Asia,India site 8
IND-0364,IND-0364-T02,2012,2007,0,28.2,Picea abies,13.41167,76.22628,0.5,36.3,1.66,India,Tropical,Tropical dry broadleaf forests,Asia,India site 8
IND-0364,IND-0364-T03,2007,,0,31.7,Milicia excelsa,13.41167,76.22628,0.5,11.1,1.783,India,Tropical,Tropical dry broadleaf forests,Asia,India site 8
IND-0364,IND-0364-T03,2012,2007,0,31.5,Milicia excelsa,13.41167,76.22628,0.5,11.1,1.783,India,Tropical,Tropical dry broadleaf forests,Asia,India site 8
IND-0364,IND-0364-T04,2007,,0,25.9,Pinus sylvestris,13.41167,76.22628,0.5,19.0,3.179,India,Tropical,Tropical dry broadleaf forests,Asia,India site 8
IND-0364,IND-0364-T04,2012,2007,0,26.7,Pinus sylvestris,13.41167,76.22628,0.5,19.0,3.179,India,Tropical,Tropical dry broadleaf forests,Asia,India site 8
IND-0364,IND-0364-T05,2007,,0,12.9,Dipterocarpus grandiflorus,13.41167,76.22628,0.5,33.6,3.319,India,Tropical,Tropical dry broadleaf forests,Asia,India site 8
IND-0364,IND-0364-T05,2012,2007,0,13.3,Dipterocarpus grandiflorus,13.41167,76.22628,0.5,33.6,3.319,India,Tropical,Tropical dry broadleaf forests,Asia,India site 8
IND-0364,IND-0364-T06,2007,,0,31.4,Juniperus thurifera,13.41167,76.22628,0.5,19.7,4.261,India,Tropical,Tropical dry broadleaf forests,Asia,India site 8
IND-0364,IND-0364-T06,2012,2007,0,32.0,Juniperus thurifera,13.41167,76.22628,0.5,19.7,4.261,India,Tropical,Tropical dry broadleaf forests,Asia,India site 8
IND-0364,IND-0364-T07,2007,,0,29.0,Shorea leprosula,13.41167,76.22628,0.5,29.8,1.567,India,Tropical,Tropical dry broadleaf forests,Asia,India site 8
IND-0364,IND-0364-T07,2012,2007,0,28.7,Shorea leprosula,13.41167,76.22628,0.5,29.8,1.567,India,Tropical,Tropical dry broadleaf forests,Asia,India site 8
IND-0364,IND-0364-T08,2007,,0,34.3,Khaya ivorensis,13.41167,76.22628,0.5,30.2,4.157,India,Tropical,Tropical dry broadleaf forests,Asia,India site 8
IND-0364,IND-0364-T08,2012,2007,0,34.2,Khaya ivorensis,13.41167,76.22628,0.5,30.2,4.157,India,Tropical,Tropical dry broadleaf forests,Asia,India site 8
IND-0365,IND-0365-T01,2019,,0,35.7,Pinus sylvestris,18.34506,78.55529,0.04,,0.441,India,Tropical,Tropical dry broadleaf forests,Asia,India site 9
IND-0365,IND-0365-T01,2023,2019,0,36.8,Pinus sylvestris,18.34506,78.55529,0.04,,0.441,India,Tropical,Tropical dry broadleaf forests,Asia,India site 9
IND-0365,IND-0365-T02,2019,,0,20.3,Picea abies,18.34506,78.55529,0.04,,3.439,India,Tropical,Tropical dry broadleaf forests,Asia,India site 9
IND-0365,IND-0365-T02,2023,2019,0,19.7,Picea abies,18.34506,78.55529,0.04,,3.439,India,Tropical,Tropical dry broadleaf forests,Asia,India site 9
IND-0365,IND-0365-T03,2019,,0,21.8,Juniperus thurifera,18.34506,78.55529,0.04,,2.54,India,Tropical,Tropical dry broadleaf forests,Asia,India site 9
IND-0365,IND-0365-T03,2023,2019,0,20.8,Juniperus thurifera,18.34506,78.55529,0.04,,2.54,India,Tropical,Tropical dry broadleaf forests,Asia,India site 9
IND-0365,IND-0365-T04,2019,,0,39.9,Betula pendula,18.34506,78.55529,0.04,,3.241,India,Tropical,Tropical dry broadleaf forests,Asia,India site 9
IND-0365,IND-0365-T04,2023,2019,0,40.2,Betula pendula,18.34506,78.55529,0.04,,3.241,India,Tropical,Tropical dry broadleaf forests,Asia,India site 9
IND-0365,IND-0365-T05,2019,,0,49.6,Tsuga canadensis,18.34506,78.55529,0.04,,0.148,India,Tropical,Tropical dry broadleaf forests,Asia,India site 9
IND-0365,IND-0365-T05,2023,2019,0,49.0,Tsuga canadensis,18.34506,78.55529,0.04,,0.148,India,Tropical,Tropical dry broadleaf forests,Asia,India site 9
IND-0365,IND-0365-T06,2019,,0,39.1,Quercus robur,18.34506,78.55529,0.04,,2.913,India,Tropical,Tropical dry broadleaf forests,Asia,India site 9
IND-0365,IND-0365-T06,2023,2019,0,37.9,Quercus robur,18.34506,78.55529,0.04,,2.913,India,Tropical,Tropical dry broadleaf forests,Asia,India site 9
IND-0366,IND-0366-T01,1965,,0,32.4,Inga edulis,22.42166,86.64558,0.04,,,India,Deciduous,Tropical dry broadleaf forests,Asia,India site 10
IND-0366,IND-0366-T02,1965,,0,61.5,Inga edulis,22.42166,86.64558,0.04,,,India,Deciduous,Tropical dry broadleaf forests,Asia,India site 10
IND-0366,IND-0366-T03,1965,,0,8.1,Pinus sylvestris,22.42166,86.64558,0.04,,,India,Deciduous,Tropical dry broadleaf forests,Asia,India site 10
IND-0366,IND-0366-T04,1965,,0,57.4,Inga edulis,22.42166,86.64558,0.04,,,India,Deciduous,Tropical dry broadleaf forests,Asia,India site 10
IND-0366,IND-0366-T05,1965,,0,15.3,Fagus sylvatica,22.42166,86.64558,0.04,,,India,Deciduous,Tropical dry broadleaf forests,Asia,India site 10
IND-0366,IND-0366-T06,1965,,0,15.2,Betula pendula,22.42166,86.64558,0.04,,,India,Deciduous,Tropical dry broadleaf forests,Asia,India site 10
IND-0366,IND-0366-T07,1965,,0,22.5,Populus tremula,22.42166,86.64558,0.04,,,India,Deciduous,Tropical dry broadleaf forests,Asia,India site 10
IND-0366,IND-0366-T08,1965,,0,11.9,Fagus sylvatica,22.42166,86.64558,0.04,,,India,Deciduous,Tropical dry broadleaf forests,Asia,India site 10
IND-0367,IND-0367-T01,1990,,0,60.5,Rhizophora mangle,23.11347,84.04908,0.25,,,India,Deciduous,Tropical dry broadleaf forests,Asia,India site 11
IND-0367,IND-0367-T02,1990,,0,34.4,Cecropia obtusa,23.11347,84.04908,0.25,,,India,Deciduous,Tropical dry broadleaf forests,Asia,India site 11
IND-0367,IND-0367-T03,1990,,0,13.1,Quercus robur,23.11347,84.04908,0.25,,,India,Deciduous,Tropical dry broadleaf forests,Asia,India site 11
IND-0367,IND-0367-T04,1990,,0,11.9,Quercus ilex,23.11347,84.04908,0.25,,,India,Deciduous,Tropical dry broadleaf forests,Asia,India site 11
IND-0367,IND-0367-T05,1990,,0,22.9,Dipterocarpus grandiflorus,23.11347,84.04908,0.25,,,India,Deciduous,Tropical dry broadleaf forests,Asia,India site 11
IND-0367,IND-0367-T06,1990,,0,23.9,Shorea leprosula,23.11347,84.04908,0.25,,,India,Deciduous,Tropical dry broadleaf forests,Asia,India site 11
IND-0367,IND-0367-T07,1990,,0,21.2,Tsuga canadensis,23.11347,84.04908,0.25,,,India,Deciduous,Tropical dry broadleaf forests,Asia,India site 11
IND-0367,IND-0367-T08,1990,,0,32.7,Pinus sylvestris,23.11347,84.04908,0.25,,,India,Deciduous,Tropical dry broadleaf forests,Asia,India site 11
IND-0367,IND-0367-T09,1990,,0,31.5,Ocotea aciphylla,23.11347,84.04908,0.25,,,India,Deciduous,Tropical dry broadleaf forests,Asia,India site 11
IND-0367,IND-0367-T10,1990,,0,51.9,Inga edulis,23.11347,84.04908,0.25,,,India,Deciduous,Tropical dry broadleaf forests,Asia,India site 11
IND-0368,IND-0368-T01,1940,,0,34.4,Populus tremula,21.49055,79.02942,0.25,,0.595,India,Deciduous,Tropical dry broadleaf forests,Asia,India site 12
IND-0368,IND-0368-T02,1940,,0,39.6,Juniperus thurifera,21.49055,79.02942,0.25,,3.382,India,Deciduous,Tropical dry broadleaf forests,Asia,India site 12
IND-0368,IND-0368-T03,1940,,0,28.6,Khaya ivorensis,21.49055,79.02942,0.25,,2.763,India,Deciduous,Tropical dry broadleaf forests,Asia,India site 12
IND-0368,IND-0368-T04,1940,,0,48.9,Juniperus thurifera,21.49055,79.02942,0.25,,2.884,India,Deciduous,Tropical dry broadleaf forests,Asia,India site 12
IND-0368,IND-0368-T05,1940,,0,28.3,Rhizophora mangle,21.49055,79.02942,0.25,,3.966,India,Deciduous,Tropical dry broadleaf forests,Asia,India site 12
IND-0368,IND-0368-T06,1940,,0,40.8,Dipterocarpus grandiflorus,21.49055,79.02942,0.25,,0.138,India,Deciduous,Tropical dry broadleaf forests,Asia,India site 12
IND-0368,IND-0368-T07,1940,,0,25.5,Nothofagus pumilio,21.49055,79.02942,0.25,,4.378,India,Deciduous,Tropical dry broadleaf forests,Asia,India site 12
IND-0368,IND-0368-T08,1940,,0,26.5,Eperua falcata,21.49055,79.02942,0.25,,3.284,India,Deciduous,Tropical dry broadleaf forests,Asia,India site 12
IND-0369,IND-0369-T01,1962,,0,50.1,Shorea leprosula,16.6482,76.63518,0.5,,4.166,India,Deciduous,Tropical dry broadleaf forests,Asia,India site 13
IND-0369,IND-0369-T02,1962,,0,29.6,Nothofagus pumilio,16.6482,76.63518,0.5,,0.65,India,Deciduous,Tropical dry broadleaf forests,Asia,India site 13
IND-0369,IND-0369-T03,1962,,0,20.3,Nothofagus pumilio,16.6482,76.63518,0.5,,0.024,India,Deciduous,Tropical dry broadleaf forests,Asia,India site 13
IND-0369,IND-0369-T04,1962,,0,59.7,Populus tremula,16.6482,76.63518,0.5,,0.316,India,Deciduous,Tropical dry broadleaf forests,Asia,India site 13
IND-0369,IND-0369-T05,1962,,0,28.4,Shorea leprosula,16.6482,76.63518,0.5,,3.33,India,Deciduous,Tropical dry broadleaf forests,Asia,India site 13
IND-0369,IND-0369-T06,1962,,0,34.0,Milicia excelsa,16.6482,76.63518,0.5,,2.62,India,Deciduous,Tropical dry broadleaf forests,Asia,India site 13
IND-0369,IND-0369-T07,1962,,0,13.0,Ocotea aciphylla,16.6482,76.63518,0.5,,1.188,India,Deciduous,Tropical dry broadleaf forests,Asia,India site 13
IND-0369,IND-0369-T08,1962,,0,36.4,Rhizophora mangle,16.6482,76.63518,0.5,,2.11,India,Deciduous,Tropical dry broadleaf forests,Asia,India site 13
IND-0369,IND-0369-T09,1962,,1,11.4,Tsuga canadensis,16.6482,76.63518,0.5,,3.939,India,Deciduous,Tropical dry broadleaf forests,Asia,India site 13
IND-0369,IND-0369-T10,1962,,0,39.5,Quercus robur,16.6482,76.63518,0.5,,1.299,India,Deciduous,Tropical dry broadleaf forests,Asia,India site 13
IND-0369,IND-0369-T11,1962,,0,31.5,Khaya ivorensis,16.6482,76.63518,0.5,,0.445,India,Deciduous,Tropical dry broadleaf forests,Asia,India site 13
IND-0370,IND-0370-T01,1932,,0,35.1,Ocotea aciphylla,22.38844,83.21097,0.1,9.8,,India,Tropical,Tropical dry broadleaf forests,Asia,India site 14
IND-0370,IND-0370-T01,1942,1932,0,35.5,Ocotea aciphylla,22.38844,83.21097,0.1,9.8,,India,Tropical,Tropical dry broadleaf forests,Asia,India site 14
IND-0370,IND-0370-T02,1932,,0,39.4,Tsuga canadensis,22.38844,83.21097,0.1,17.7,,India,Tropical,Tropical dry broadleaf forests,Asia,India site 14
IND-0370,IND-0370-T02,1942,1932,0,39.5,Tsuga canadensis,22.38844,83.21097,0.1,17.7,,India,Tropical,Tropical dry broadleaf forests,Asia,India site 14
IND-0370,IND-0370-T03,1932,,1,42.1,Acer saccharum,22.38844,83.21097,0.1,36.4,,India,Tropical,Tropical dry broadleaf forests,Asia,India site 14
IND-0370,IND-0370-T03,1942,1932,0,40.8,Acer saccharum,22.38844,83.21097,0.1,36.4,,India,Tropical,Tropical dry broadleaf forests,Asia,India site 14
IND-0370,IND-0370-T04,1932,,0,41.2,Fagus sylvatica,22.38844,83.21097,0.1,20.2,,India,Tropical,Tropical dry broadleaf forests,Asia,India site 14
IND-0370,IND-0370-T04,1942,1932,0,40.6,Fagus sylvatica,22.38844,83.21097,0.1,20.2,,India,Tropical,Tropical dry broadleaf forests,Asia,India site 14
IND-0370,IND-0370-T05,1932,,0,30.0,Fagus sylvatica,22.38844,83.21097,0.1,24.4,,India,Tropical,Tropical dry broadleaf forests,Asia,India site 14
IND-0370,IND-0370-T05,1942,1932,0,30.3,Fagus sylvatica,22.38844,83.21097,0.1,24.4,,India,Tropical,Tropical dry broadleaf forests,Asia,India site 14
IND-0370,IND-0370-T06,1932,,0,21.2,Tsuga canadensis,22.38844,83.21097,0.1,32.3,,India,Tropical,Tropical dry broadleaf forests,Asia,India site 14
IND-0370,IND-0370-T06,1942,1932,0,19.9,Tsuga canadensis,22.38844,83.21097,0.1,32.3,,India,Tropical,Tropical dry broadleaf forests,Asia,India site 14
IND-0370,IND-0370-T07,1932,,0,29.8,Quercus robur,22.38844,83.21097,0.1,9.6,,India,Tropical,Tropical dry broadleaf forests,Asia,India site 14
IND-0370,IND-0370-T07,1942,1932,0,30.2,Quercus robur,22.38844,83.21097,0.1,9.6,,India,Tropical,Tropical dry broadleaf forests,Asia,India site 14
IND-0370,IND-0370-T08,1932,,0,45.3,Khaya ivorensis,22.38844,83.21097,0.1,18.1,,India,Tropical,Tropical dry broadleaf forests,Asia,India site 14
IND-0370,IND-0370-T08,1942,1932,0,45.5,Khaya ivorensis,22.38844,83.21097,0.1,18.1,,India,Tropical,Tropical dry broadleaf forests,Asia,India site 14
IND-0370,IND-0370-T09,1932,,0,48.0,Dipterocarpus grandiflorus,22.38844,83.21097,0.1,10.9,,India,Tropical,Tropical dry broadleaf forests,Asia,India site 14
IND-0370,IND-0370-T09,1942,1932,1,48.5,Dipterocarpus grandiflorus,22.38844,83.21097,0.1,10.9,,India,Tropical,Tropical dry broadleaf forests,Asia,India site 14
IND-0370,IND-0370-T10,1932,,0,12.1,Eperua falcata,22.38844,83.21097,0.1,17.6,,India,Tropical,Tropical dry broadleaf forests,Asia,India site 14
IND-0370,IND-0370-T10,1942,1932,0,11.9,Eperua falcata,22.38844,83.21097,0.1,17.6,,India,Tropical,Tropical dry broadleaf forests,Asia,India site 14
IND-0371,IND-0371-T01,2017,,0,19.1,Populus tremula,13.16037,79.94681,0.04,30.2,,India,Tropical,Tropical dry broadleaf forests,Asia,India site 15
IND-0371,IND-0371-T02,2017,,1,54.1,Betula pendula,13.16037,79.94681,0.04,16.3,,India,Tropical,Tropical dry broadleaf forests,Asia,India site 15
IND-0371,IND-0371-T03,2017,,0,20.5,Eperua falcata,13.16037,79.94681,0.04,37.3,,India,Tropical,Tropical dry broadleaf forests,Asia,India site 15
IND-0371,IND-0371-T04,2017,,0,17.5,Milicia excelsa,13.16037,79.94681,0.04,19.2,,India,Tropical,Tropical dry broadleaf forests,Asia,India site 15
IND-0371,IND-0371-T05,2017,,0,13.2,Quercus robur,13.16037,79.94681,0.04,27.9,,India,Tropical,Tropical dry broadleaf forests,Asia,India site 15
IND-0371,IND-0371-T06,2017,,0,53.9,Fagus sylvatica,13.16037,79.94681,0.04,11.4,,India,Tropical,Tropical dry broadleaf forests,Asia,India site 15
IND-0371,IND-0371-T07,2017,,0,24.6,Nothofagus pumilio,13.16037,79.94681,0.04,14.7,,India,Tropical,Tropical dry broadleaf forests,Asia,India site 15
IND-0371,IND-0371-T08,2017,,0,42.7,Populus tremula,13.16037,79.94681,0.04,18.9,,India,Tropical,Tropical dry broadleaf forests,Asia,India site 15
IND-0372,IND-0372-T01,1994,,0,21.1,Acer saccharum,16.74146,83.66696,0.1,,,India,Deciduous,Tropical dry broadleaf forests,Asia,India site 16
IND-0372,IND-0372-T01,1998,1994,0,21.8,Acer saccharum,16.74146,83.66696,0.1,,,India,Deciduous,Tropical dry broadleaf forests,Asia,India site 16
IND-0372,IND-0372-T02,1994,,0,14.8,Eperua falcata,16.74146,83.66696,0.1,,,India,Deciduous,Tropical dry broadleaf forests,Asia,India site 16
IND-0372,IND-0372-T02,1998,1994,0,14.3,Eperua falcata,16.74146,83.66696,0.1,,,India,Deciduous,Tropical dry broadleaf forests,Asia,India site 16
IND-0372,IND-0372-T03,1994,,0,31.9,Quercus ilex,16.74146,83.66696,0.1,,,India,Deciduous,Tropical dry broadleaf forests,Asia,India site 16
IND-0372,IND-0372-T03,1998,1994,0,32.4,Quercus ilex,16.74146,83.66696,0.1,,,India,Deciduous,Tropical dry broadleaf forests,Asia,India site 16
IND-0372,IND-0372-T04,1994,,0,22.5,Tsuga canadensis,16.74146,83.66696,0.1,,,India,Deciduous,Tropical dry broadleaf forests,Asia,India site 16
IND-0372,IND-0372-T04,1998,1994,0,22.1,Tsuga canadensis,16.74146,83.66696,0.1,,,India,Deciduous,Tropical dry broadleaf forests,Asia,India site 16
IND-0372,IND-0372-T05,1994,,0,48.5,Cecropia obtusa,16.74146,83.66696,0.1,,,India,Deciduous,Tropical dry broadleaf forests,Asia,India site 16
IND-0372,IND-0372-T05,1998,1994,0,49.0,Cecropia obtusa,16.74146,83.66696,0.1,,,India,Deciduous,Tropical dry broadleaf forests,Asia,India site 16
IND-0373,IND-0373-T01,1982,,0,38.9,Milicia excelsa,22.65019,81.49047,0.04,27.1,,India,Tropical,Tropical dry broadleaf forests,Asia,India site 17
IND-0373,IND-0373-T02,1982,,0,33.5,Quercus ilex,22.65019,81.49047,0.04,15.0,,India,Tropical,Tropical dry broadleaf forests,Asia,India site 17
IND-0373,IND-0373-T03,1982,,0,26.1,Pinus sylvestris,22.65019,81.49047,0.04,13.3,,India,Tropical,Tropical dry broadleaf forests,Asia,India site 17
IND-0373,IND-0373-T04,1982,,0,28.0,Inga edulis,22.65019,81.49047,0.04,18.0,,India,Tropical,Tropical dry broadleaf forests,Asia,India site 17
IND-0373,IND-0373-T05,1982,,0,34.3,Shorea leprosula,22.65019,81.49047,0.04,34.9,,India,Tropical,Tropical dry broadleaf forests,Asia,India site 17
IND-0373,IND-0373-T06,1982,,0,50.5,Ocotea aciphylla,22.65019,81.49047,0.04,34.2,,India,Tropical,Tropical dry broadleaf forests,Asia,India site 17
IND-0373,IND-0373-T07,1982,,0,57.5,Quercus ilex,22.65019,81.49047,0.04,20.5,,India,Tropical,Tropical dry broadleaf forests,Asia,India site 17
IND-0374,IND-0374-T01,1981,,0,19.8,Ocotea aciphylla,17.89189,74.85985,0.5,20.1,,India,Deciduous,Tropical dry broadleaf forests,Asia,India site 18
IND-0374,IND-0374-T02,1981,,0,16.6,Ocotea aciphylla,17.89189,74.85985,0.5,34.3,,India,Deciduous,Tropical dry broadleaf forests,Asia,India site 18
IND-0374,IND-0374-T03,1981,,0,57.9,Shorea leprosula,17.89189,74.85985,0.5,19.8,,India,Deciduous,Tropical dry broadleaf forests,Asia,India site 18
IND-0374,IND-0374-T04,1981,,0,20.6,Milicia excelsa,17.89189,74.85985,0.5,14.3,,India,Deciduous,Tropical dry broadleaf forests,Asia,India site 18
IND-0374,IND-0374-T05,1981,,0,14.9,Cecropia obtusa,17.89189,74.85985,0.5,27.0,,India,Deciduous,Tropical dry broadleaf forests,Asia,India site 18
IND-0374,IND-0374-T06,1981,,0,56.0,Nothofagus pumilio,17.89189,74.85985,0.5,30.4,,India,Deciduous,Tropical dry broadleaf forests,Asia,India site 18
IND-0374,IND-0374-T07,1981,,0,55.4,Tsuga canadensis,17.89189,74.85985,0.5,29.2,,India,Deciduous,Tropical dry broadleaf forests,Asia,India site 18
IND-0374,IND-0374-T08,1981,,0,57.9,Avicennia germinans,17.89189,74.85985,0.5,12.5,,India,Deciduous,Tropical dry broadleaf forests,Asia,India site 18
IND-0375,IND-0375-T01,1944,,0,16.5,Pinus sylvestris,13.88988,75.85554,0.25,21.7,2.909,India,Tropical,Tropical dry broadleaf forests,Asia,India site 19
IND-0375,IND-0375-T02,1944,,0,48.2,Tsuga canadensis,13.88988,75.85554,0.25,24.4,1.026,India,Tropical,Tropical dry broadleaf forests,Asia,India site 19
IND-0375,IND-0375-T03,1944,,0,23.5,Milicia excelsa,13.88988,75.85554,0.25,24.5,2.261,India,Tropical,Tropical dry broadleaf forests,Asia,India site 19
IND-0375,IND-0375-T04,1944,,0,39.2,Milicia excelsa,13.88988,75.85554,0.25,20.4,0.474,India,Tropical,Tropical dry broadleaf forests,Asia,India site 19
IND-0375,IND-0375-T05,1944,,0,24.0,Betula pendula,13.88988,75.85554,0.25,22.1,2.882,India,Tropical,Tropical dry broadleaf forests,Asia,India site 19
IND-0375,IND-0375-T06,1944,,0,50.5,Nothofagus pumilio,13.88988,75.85554,0.25,10.3,0.451,India,Tropical,Tropical dry broadleaf forests,Asia,India site 19
IND-0375,IND-0375-T07,1944,,0,59.1,Milicia excelsa,13.88988,75.85554,0.25,10.5,1.784,India,Tropical,Tropical dry broadleaf forests,Asia,India site 19
IND-0375,IND-0375-T08,1944,,1,18.6,Khaya ivorensis,13.88988,75.85554,0.25,21.9,0.151,India,Tropical,Tropical dry broadleaf forests,Asia,India site 19
IND-0376,IND-0376-T01,1961,,0,33.6,Tsuga canadensis,21.19121,86.0682,0.25,,,India,Tropical,Tropical dry broadleaf forests,Asia,India site 20
IND-0376,IND-0376-T02,1961,,0,45.3,Avicennia germinans,21.19121,86.0682,0.25,,,India,Tropical,Tropical dry broadleaf forests,Asia,India site 20
IND-0376,IND-0376-T03,1961,,0,58.9,Quercus robur,21.19121,86.0682,0.25,,,India,Tropical,Tropical dry broadleaf forests,Asia,India site 20
IND-0376,IND-0376-T04,1961,,0,30.9,Quercus ilex,21.19121,86.0682,0.25,,,India,Tropical,Tropical dry broadleaf forests,Asia,India site 20
IND-0376,IND-0376-T05,1961,,1,56.8,Nothofagus pumilio,21.19121,86.0682,0.25,,,India,Tropical,Tropical dry broadleaf forests,Asia,India site 20
IND-0376,IND-0376-T06,1961,,0,28.9,Betula pendula,21.19121,86.0682,0.25,,,India,Tropical,Tropical dry broadleaf forests,Asia,India site 20
IND-0376,IND-0376-T07,1961,,0,14.4,Tsuga canadensis,21.19121,86.0682,0.25,,,India,Tropical,Tropical dry broadleaf forests,Asia,India site 20
IND-0376,IND-0376-T08,1961,,0,29.5,Dipterocarpus grandiflorus,21.19121,86.0682,0.25,,,India,Tropical,Tropical dry broadleaf forests,Asia,India site 20
IND-0376,IND-0376-T09,1961,,0,50.3,Dipterocarpus grandiflorus,21.19121,86.0682,0.25,,,India,Tropical,Tropical dry broadleaf forests,Asia,India site 20
IND-0376,IND-0376-T10,1961,,0,25.5,Acer saccharum,21.19121,86.0682,0.25,,,India,Tropical,Tropical dry broadleaf forests,Asia,India site 20
IND-0376,IND-0376-T11,1961,,0,48.4,Betula pendula,21.19121,86.0682,0.25,,,India,Tropical,Tropical dry broadleaf forests,Asia,India site 20
IND-0377,IND-0377-T01,1953,,0,53.5,Inga edulis,20.28106,78.83106,0.25,,1.348,India,Deciduous,Tropical dry broadleaf forests,Asia,India site 21
IND-0377,IND-0377-T01,1957,1953,0,54.3,Inga edulis,20.28106,78.83106,0.25,,1.348,India,Deciduous,Tropical dry broadleaf forests,Asia,India site 21
IND-0377,IND-0377-T02,1953,,0,15.5,Rhizophora mangle,20.28106,78.83106,0.25,,4.19,India,Deciduous,Tropical dry broadleaf forests,Asia,India site 21
IND-0377,IND-0377-T02,1957,1953,1,15.8,Rhizophora mangle,20.28106,78.83106,0.25,,4.19,India,Deciduous,Tropical dry broadleaf forests,Asia,India site 21
IND-0377,IND-0377-T03,1953,,0,52.3,Inga edulis,20.28106,78.83106,0.25,,1.195,India,Deciduous,Tropical dry broadleaf forests,Asia,India site 21
IND-0377,IND-0377-T03,1957,1953,0,53.1,Inga edulis,20.28106,78.83106,0.25,,1.195,India,Deciduous,Tropical dry broadleaf forests,Asia,India site 21
IND-0377,IND-0377-T04,1953,,0,45.9,Cecropia obtusa,20.28106,78.83106,0.25,,1.737,India,Deciduous,Tropical dry broadleaf forests,Asia,India site 21
IND-0377,IND-0377-T04,1957,1953,0,46.0,Cecropia obtusa,20.28106,78.83106,0.25,,1.737,India,Deciduous,Tropical dry broadleaf forests,Asia,India site 21
IND-0377,IND-0377-T05,1953,,0,9.4,Milicia excelsa,20.28106,78.83106,0.25,,3.075,India,Deciduous,Tropical dry broadleaf forests,Asia,India site 21
IND-0377,IND-0377-T05,1957,1953,0,9.3,Milicia excelsa,20.28106,78.83106,0.25,,3.075,India,Deciduous,Tropical dry broadleaf forests,Asia,India site 21
IND-0377,IND-0377-T06,1953,,0,59.6,Picea abies,20.28106,78.83106,0.25,,0.501,India,Deciduous,Tropical dry broadleaf forests,Asia,India site 21
IND-0377,IND-0377-T06,1957,1953,0,58.3,Picea abies,20.28106,78.83106,0.25,,0.501,India,Deciduous,Tropical dry broadleaf forests,Asia,India site 21
IND-0377,IND-0377-T07,1953,,0,38.7,Populus tremula,20.28106,78.83106,0.25,,1.239,India,Deciduous,Tropical dry broadleaf forests,Asia,India site 21
IND-0377,IND-0377-T07,1957,1953,0,37.5,Populus tremula,20.28106,78.83106,0.25,,1.239,India,Deciduous,Tropical dry broadleaf forests,Asia,India site 21
IND-0377,IND-0377-T08,1953,,0,60.5,Shorea leprosula,20.28106,78.83106,0.25,,0.985,India,Deciduous,Tropical dry broadleaf forests,Asia,India site 21
IND-0377,IND-0377-T08,1957,1953,0,60.4,Shorea leprosula,20.28106,78.83106,0.25,,0.985,India,Deciduous,Tropical dry broadleaf forests,Asia,India site 21
IND-0377,IND-0377-T09,1953,,0,22.8,Milicia excelsa,20.28106,78.83106,0.25,,3.58,India,Deciduous,Tropical dry broadleaf forests,Asia,India site 21
IND-0377,IND-0377-T09,1957,1953,0,22.2,Milicia excelsa,20.28106,78.83106,0.25,,3.58,India,Deciduous,Tropical dry broadleaf forests,Asia,India site 21
IND-0377,IND-0377-T10,1953,,0,47.3,Pinus sylvestris,20.28106,78.83106,0.25,,4.298,India,Deciduous,Tropical dry broadleaf forests,Asia,India site 21
IND-0377,IND-0377-T10,1957,1953,0,46.7,Pinus sylvestris,20.28106,78.83106,0.25,,4.298,India,Deciduous,Tropical dry broadleaf forests,Asia,India site 21
IND-0378,IND-0378-T01,1982,,0,13.6,Pinus sylvestris,22.18389,74.16608,0.5,8.3,1.288,India,Tropical,Tropical dry broadleaf forests,Asia,India site 22
IND-0378,IND-0378-T01,1992,1982,0,13.6,Pinus sylvestris,22.18389,74.16608,0.5,8.3,1.288,India,Tropical,Tropical dry broadleaf forests,Asia,India site 22
IND-0378,IND-0378-T02,1982,,0,53.8,Fagus sylvatica,22.18389,74.16608,0.5,27.7,4.154,India,Tropical,Tropical dry broadleaf forests,Asia,India site 22
IND-0378,IND-0378-T02,1992,1982,0,54.4,Fagus sylvatica,22.18389,74.16608,0.5,27.7,4.154,India,Tropical,Tropical dry broadleaf forests,Asia,India site 22
IND-0378,IND-0378-T03,1982,,0,54.1,Cecropia obtusa,22.18389,74.16608,0.5,35.8,1.831,India,Tropical,Tropical dry broadleaf forests,Asia,India site 22
IND-0378,IND-0378-T03,1992,1982,0,55.3,Cecropia obtusa,22.18389,74.16608,0.5,35.8,1.831,India,Tropical,Tropical dry broadleaf forests,Asia,India site 22
IND-0378,IND-0378-T04,1982,,0,10.1,Quercus ilex,22.18389,74.16608,0.5,16.8,0.567,India,Tropical,Tropical dry broadleaf forests,Asia,India site 22
IND-0378,IND-0378-T04,1992,1982,0,10.5,Quercus ilex,22.18389,74.16608,0.5,16.8,0.567,India,Tropical,Tropical dry broadleaf forests,Asia,India site 22
IND-0378,IND-0378-T05,1982,,1,24.3,Eperua falcata,22.18389,74.16608,0.5,15.8,0.719,India,Tropical,Tropical dry broadleaf forests,Asia,India site 22
IND-0378,IND-0378-T05,1992,1982,0,23.8,Eperua falcata,22.18389,74.16608,0.5,15.8,0.719,India,Tropical,Tropical dry broadleaf forests,Asia,India site 22
IND-0378,IND-0378-T06,1982,,0,38.5,Avicennia germinans,22.18389,74.16608,0.5,28.1,2.196,India,Tropical,Tropical dry broadleaf forests,Asia,India site 22
IND-0378,IND-0378-T06,1992,1982,0,37.8,Avicennia germinans,22.18389,74.16608,0.5,28.1,2.196,India,Tropical,Tropical dry broadleaf forests,Asia,India site 22
IND-0378,IND-0378-T07,1982,,0,12.3,Fagus sylvatica,22.18389,74.16608,0.5,31.6,0.463,India,Tropical,Tropical dry broadleaf forests,Asia,India site 22
IND-0378,IND-0378-T07,1992,1982,0,12.8,Fagus sylvatica,22.18389,74.16608,0.5,31.6,0.463,India,Tropical,Tropical dry broadleaf forests,Asia,India site 22
IND-0379,IND-0379-T01,1978,,0,39.5,Picea abies,-4.91896,113.08687,0.5,17.3,,Indonesia,Mangrove,Tropical moist broadleaf forests,Asia,Indonesia site 1
IND-0379,IND-0379-T01,1988,1978,0,39.6,Picea abies,-4.91896,113.08687,0.5,17.3,,Indonesia,Mangrove,Tropical moist broadleaf forests,Asia,Indonesia site 1
IND-0379,IND-0379-T02,1978,,0,54.8,Milicia excelsa,-4.91896,113.08687,0.5,12.8,,Indonesia,Mangrove,Tropical moist broadleaf forests,Asia,Indonesia site 1
IND-0379,IND-0379-T02,1988,1978,0,54.8,Milicia excelsa,-4.91896,113.08687,0.5,12.8,,Indonesia,Mangrove,Tropical moist broadleaf forests,Asia,Indonesia site 1
IND-0379,IND-0379-T03,1978,,0,15.2,Picea abies,-4.91896,113.08687,0.5,24.0,,Indonesia,Mangrove,Tropical moist broadleaf forests,Asia,Indonesia site 1
IND-0379,IND-0379-T03,1988,1978,0,14.8,Picea abies,-4.91896,113.08687,0.5,24.0,,Indonesia,Mangrove,Tropical moist broadleaf forests,Asia,Indonesia site 1
IND-0379,IND-0379-T04,1978,,0,49.7,Pinus sylvestris,-4.91896,113.08687,0.5,26.2,,Indonesia,Mangrove,Tropical moist broadleaf forests,Asia,Indonesia site 1
IND-0379,IND-0379-T04,1988,1978,0,49.6,Pinus sylvestris,-4.91896,113.08687,0.5,26.2,,Indonesia,Mangrove,Tropical moist broadleaf forests,Asia,Indonesia site 1
IND-0379,IND-0379-T05,1978,,0,54.5,Dipterocarpus grandiflorus,-4.91896,113.08687,0.5,13.6,,Indonesia,Mangrove,Tropical moist broadleaf forests,Asia,Indonesia site 1
IND-0379,IND-0379-T05,1988,1978,1,54.9,Dipterocarpus grandiflorus,-4.91896,113.08687,0.5,13.6,,Indonesia,Mangrove,Tropical moist broadleaf forests,Asia,Indonesia site 1
IND-0379,IND-0379-T06,1978,,0,35.0,Khaya ivorensis,-4.91896,113.08687,0.5,26.4,,Indonesia,Mangrove,Tropical moist broadleaf forests,Asia,Indonesia site 1
IND-0379,IND-0379-T06,1988,1978,0,33.5,Khaya ivorensis,-4.91896,113.08687,0.5,26.4,,Indonesia,Mangrove,Tropical moist broadleaf forests,Asia,Indonesia site 1
IND-0380,IND-0380-T01,1945,,0,21.5,Acer saccharum,-5.86842,101.95398,0.04,12.6,1.581,Indonesia,Tropical,Tropical moist broadleaf forests,Asia,Indonesia site 2
IND-0380,IND-0380-T02,1945,,0,46.3,Pinus sylvestris,-5.86842,101.95398,0.04,10.5,1.523,Indonesia,Tropical,Tropical moist broadleaf forests,Asia,Indonesia site 2
IND-0380,IND-0380-T03,1945,,0,40.2,Cecropia obtusa,-5.86842,101.95398,0.04,21.0,2.985,Indonesia,Tropical,Tropical moist broadleaf forests,Asia,Indonesia site 2
IND-0380,IND-0380-T04,1945,,0,37.6,Cecropia obtusa,-5.86842,101.95398,0.04,32.4,1.53,Indonesia,Tropical,Tropical moist broadleaf forests,Asia,Indonesia site 2
IND-0380,IND-0380-T05,1945,,0,48.9,Acer saccharum,-5.86842,101.95398,0.04,22.9,1.417,Indonesia,Tropical,Tropical moist broadleaf forests,Asia,Indonesia site 2
IND-0380,IND-0380-T06,1945,,0,42.2,Betula pendula,-5.86842,101.95398,0.04,16.5,3.249,Indonesia,Tropical,Tropical moist broadleaf forests,Asia,Indonesia site 2
IND-0380,IND-0380-T07,1945,,0,39.5,Rhizophora mangle,-5.86842,101.95398,0.04,25.9,2.769,Indonesia,Tropical,Tropical moist broadleaf forests,Asia,Indonesia site 2
IND-0381,IND-0381-T01,1940,,0,29.1,Cecropia obtusa,-4.68025,117.12882,0.1,16.5,,Indonesia,Tropical,Tropical moist broadleaf forests,Asia,Indonesia site 3
IND-0381,IND-0381-T02,1940,,0,19.9,Quercus ilex,-4.68025,117.12882,0.1,9.8,,Indonesia,Tropical,Tropical moist broadleaf forests,Asia,Indonesia site 3
IND-0381,IND-0381-T03,1940,,0,61.5,Juniperus thurifera,-4.68025,117.12882,0.1,29.0,,Indonesia,Tropical,Tropical moist broadleaf forests,Asia,Indonesia site 3
IND-0381,IND-0381-T04,1940,,0,26.8,Rhizophora mangle,-4.68025,117.12882,0.1,27.9,,Indonesia,Tropical,Tropical moist broadleaf forests,Asia,Indonesia site 3
IND-0381,IND-0381-T05,1940,,0,27.7,Ocotea aciphylla,-4.68025,117.12882,0.1,23.1,,Indonesia,Tropical,Tropical moist broadleaf forests,Asia,Indonesia site 3
IND-0381,IND-0381-T06,1940,,0,32.2,Acer saccharum,-4.68025,117.12882,0.1,29.7,,Indonesia,Tropical,Tropical moist broadleaf forests,Asia,Indonesia site 3
IND-0381,IND-0381-T07,1940,,0,29.8,Inga edulis,-4.68025,117.12882,0.1,30.8,,Indonesia,Tropical,Tropical moist broadleaf forests,Asia,Indonesia site 3
IND-0382,IND-0382-T01,1942,,0,22.0,Quercus robur,4.14965,105.52767,0.5,34.2,,Indonesia,Tropical,Tropical moist broadleaf forests,Asia,Indonesia site 4
IND-0382,IND-0382-T02,1942,,0,10.3,Milicia excelsa,4.14965,105.52767,0.5,16.8,,Indonesia,Tropical,Tropical moist broadleaf forests,Asia,Indonesia site 4
IND-0382,IND-0382-T03,1942,,0,14.0,Shorea leprosula,4.14965,105.52767,0.5,14.7,,Indonesia,Tropical,Tropical moist broadleaf forests,Asia,Indonesia site 4
IND-0382,IND-0382-T04,1942,,0,35.5,Inga edulis,4.14965,105.52767,0.5,36.7,,Indonesia,Tropical,Tropical moist broadleaf forests,Asia,Indonesia site 4
IND-0382,IND-0382-T05,1942,,0,22.1,Acer saccharum,4.14965,105.52767,0.5,31.6,,Indonesia,Tropical,Tropical moist broadleaf forests,Asia,Indonesia site 4
IND-0382,IND-0382-T06,1942,,0,55.4,Picea abies,4.14965,105.52767,0.5,8.1,,Indonesia,Tropical,Tropical moist broadleaf forests,Asia,Indonesia site 4
IND-0382,IND-0382-T07,1942,,0,30.1,Cecropia obtusa,4.14965,105.52767,0.5,26.0,,Indonesia,Tropical,Tropical moist broadleaf forests,Asia,Indonesia site 4
IND-0383,IND-0383-T01,1936,,0,15.3,Avicennia germinans,2.94081,103.55859,0.04,12.2,,Indonesia,Mangrove,Tropical moist broadleaf forests,Asia,Indonesia site 5
IND-0383,IND-0383-T01,1940,1936,0,15.7,Avicennia germinans,2.94081,103.55859,0.04,12.2,,Indonesia,Mangrove,Tropical moist broadleaf forests,Asia,Indonesia site 5
IND-0383,IND-0383-T02,1936,,0,55.0,Ocotea aciphylla,2.94081,103.55859,0.04,27.8,,Indonesia,Mangrove,Tropical moist broadleaf forests,Asia,Indonesia site 5
IND-0383,IND-0383-T02,1940,1936,0,54.9,Ocotea aciphylla,2.94081,103.55859,0.04,27.8,,Indonesia,Mangrove,Tropical moist broadleaf forests,Asia,Indonesia site 5
IND-0383,IND-0383-T03,1936,,0,23.3,Betula pendula,2.94081,103.55859,0.04,24.1,,Indonesia,Mangrove,Tropical moist broadleaf forests,Asia,Indonesia site 5
IND-0383,IND-0383-T03,1940,1936,0,22.6,Betula pendula,2.94081,103.55859,0.04,24.1,,Indonesia,Mangrove,Tropical moist broadleaf forests,Asia,Indonesia site 5
IND-0383,IND-0383-T04,1936,,1,39.9,Quercus ilex,2.94081,103.55859,0.04,16.9,,Indonesia,Mangrove,Tropical moist broadleaf forests,Asia,Indonesia site 5
IND-0383,IND-0383-T04,1940,1936,0,40.8,Quercus ilex,2.94081,103.55859,0.04,16.9,,Indonesia,Mangrove,Tropical moist broadleaf forests,Asia,Indonesia site 5
IND-0383,IND-0383-T05,1936,,0,40.7,Rhizophora mangle,2.94081,103.55859,0.04,11.5,,Indonesia,Mangrove,Tropical moist broadleaf forests,Asia,Indonesia site 5
IND-0383,IND-0383-T05,1940,1936,0,40.4,Rhizophora mangle,2.94081,103.55859,0.04,11.5,,Indonesia,Mangrove,Tropical moist broadleaf forests,Asia,Indonesia site 5
IND-0383,IND-0383-T06,1936,,0,44.0,Ocotea aciphylla,2.94081,103.55859,0.04,32.8,,Indonesia,Mangrove,Tropical moist broadleaf forests,Asia,Indonesia site 5
IND-0383,IND-0383-T06,1940,1936,0,43.9,Ocotea aciphylla,2.94081,103.55859,0.04,32.8,,Indonesia,Mangrove,Tropical moist broadleaf forests,Asia,Indonesia site 5
IND-0383,IND-0383-T07,1936,,0,58.1,Rhizophora mangle,2.94081,103.55859,0.04,12.9,,Indonesia,Mangrove,Tropical moist broadleaf forests,Asia,Indonesia site 5
IND-0383,IND-0383-T07,1940,1936,1,58.5,Rhizophora mangle,2.94081,103.55859,0.04,12.9,,Indonesia,Mangrove,Tropical moist broadleaf forests,Asia,Indonesia site 5
IND-0383,IND-0383-T08,1936,,0,23.6,Cecropia obtusa,2.94081,103.55859,0.04,27.2,,Indonesia,Mangrove,Tropical moist broadleaf forests,Asia,Indonesia site 5
IND-0383,IND-0383-T08,1940,1936,0,23.6,Cecropia obtusa,2.94081,103.55859,0.04,27.2,,Indonesia,Mangrove,Tropical moist broadleaf forests,Asia,Indonesia site 5
IND-0383,IND-0383-T09,1936,,1,49.0,Quercus ilex,2.94081,103.55859,0.04,23.7,,Indonesia,Mangrove,Tropical moist broadleaf forests,Asia,Indonesia site 5
IND-0383,IND-0383-T09,1940,1936,0,47.4,Quercus ilex,2.94081,103.55859,0.04,23.7,,Indonesia,Mangrove,Tropical moist broadleaf forests,Asia,Indonesia site 5
IND-0383,IND-0383-T10,1936,,0,13.5,Dipterocarpus grandiflorus,2.94081,103.55859,0.04,16.6,,Indonesia,Mangrove,Tropical moist broadleaf forests,Asia,Indonesia site 5
IND-0383,IND-0383-T10,1940,1936,0,12.3,Dipterocarpus grandiflorus,2.94081,103.55859,0.04,16.6,,Indonesia,Mangrove,Tropical moist broadleaf forests,Asia,Indonesia site 5
IND-0383,IND-0383-T11,1936,,0,55.1,Eperua falcata,2.94081,103.55859,0.04,11.8,,Indonesia,Mangrove,Tropical moist broadleaf forests,Asia,Indonesia site 5
IND-0383,IND-0383-T11,1940,1936,0,53.9,Eperua falcata,2.94081,103.55859,0.04,11.8,,Indonesia,Mangrove,Tropical moist broadleaf forests,Asia,Indonesia site 5
IND-0384,IND-0384-T01,1978,,0,30.1,Nothofagus pumilio,-5.19789,111.42689,0.25,,2.055,Indonesia,Tropical,Tropical moist broadleaf forests,Asia,Indonesia site 6
IND-0384,IND-0384-T01,1983,1978,0,29.8,Nothofagus pumilio,-5.19789,111.42689,0.25,,2.055,Indonesia,Tropical,Tropical moist broadleaf forests,Asia,Indonesia site 6
IND-0384,IND-0384-T02,1978,,0,35.5,Khaya ivorensis,-5.19789,111.42689,0.25,,2.508,Indonesia,Tropical,Tropical moist broadleaf forests,Asia,Indonesia site 6
IND-0384,IND-0384-T02,1983,1978,0,35.7,Khaya ivorensis,-5.19789,111.42689,0.25,,2.508,Indonesia,Tropical,Tropical moist broadleaf forests,Asia,Indonesia site 6
IND-0384,IND-0384-T03,1978,,0,42.7,Nothofagus pumilio,-5.19789,111.42689,0.25,,4.357,Indonesia,Tropical,Tropical moist broadleaf forests,Asia,Indonesia site 6
IND-0384,IND-0384-T03,1983,1978,0,43.0,Nothofagus pumilio,-5.19789,111.42689,0.25,,4.357,Indonesia,Tropical,Tropical moist broadleaf forests,Asia,Indonesia site 6
IND-0384,IND-0384-T04,1978,,0,15.9,Milicia excelsa,-5.19789,111.42689,0.25,,1.014,Indonesia,Tropical,Tropical moist broadleaf forests,Asia,Indonesia site 6
IND-0384,IND-0384-T04,1983,1978,0,15.7,Milicia excelsa,-5.19789,111.42689,0.25,,1.014,Indonesia,Tropical,Tropical moist broadleaf forests,Asia,Indonesia site 6
IND-0384,IND-0384-T05,1978,,0,52.4,Populus tremula,-5.19789,111.42689,0.25,,1.823,Indonesia,Tropical,Tropical moist broadleaf forests,Asia,Indonesia site 6
IND-0384,IND-0384-T05,1983,1978,0,52.3,Populus tremula,-5.19789,111.42689,0.25,,1.823,Indonesia,Tropical,Tropical moist broadleaf forests,Asia,Indonesia site 6
IND-0384,IND-0384-T06,1978,,0,57.4,Ocotea aciphylla,-5.19789,111.42689,0.25,,3.533,Indonesia,Tropical,Tropical moist broadleaf forests,Asia,Indonesia site 6
IND-0384,IND-0384-T06,1983,1978,0,58.0,Ocotea aciphylla,-5.19789,111.42689,0.25,,3.533,Indonesia,Tropical,Tropical moist broadleaf forests,Asia,Indonesia site 6
IND-0384,IND-0384-T07,1978,,1,18.1,Shorea leprosula,-5.19789,111.42689,0.25,,4.029,Indonesia,Tropical,Tropical moist broadleaf forests,Asia,Indonesia site 6
IND-0384,IND-0384-T07,1983,1978,0,18.7,Shorea leprosula,-5.19789,111.42689,0.25,,4.029,Indonesia,Tropical,Tropical moist broadleaf forests,Asia,Indonesia site 6
IND-0385,IND-0385-T01,1945,,0,27.4,Dipterocarpus grandiflorus,4.33902,109.81359,0.5,12.6,,Indonesia,Tropical,Tropical moist broadleaf forests,Asia,Indonesia site 7
IND-0385,IND-0385-T02,1945,,0,31.2,Nothofagus pumilio,4.33902,109.81359,0.5,19.3,,Indonesia,Tropical,Tropical moist broadleaf forests,Asia,Indonesia site 7
IND-0385,IND-0385-T03,1945,,0,25.9,Inga edulis,4.33902,109.81359,0.5,21.8,,Indonesia,Tropical,Tropical moist broadleaf forests,Asia,Indonesia site 7
IND-0385,IND-0385-T04,1945,,0,28.0,Shorea leprosula,4.33902,109.81359,0.5,34.8,,Indonesia,Tropical,Tropical moist broadleaf forests,Asia,Indonesia site 7
IND-0385,IND-0385-T05,1945,,0,15.8,Eperua falcata,4.33902,109.81359,0.5,20.4,,Indonesia,Tropical,Tropical moist broadleaf forests,Asia,Indonesia site 7
IND-0386,IND-0386-T01,1988,,0,11.7,Nothofagus pumilio,-2.66889,101.10389,0.04,25.6,,Indonesia,Mangrove,Tropical moist broadleaf forests,Asia,Indonesia site 8
IND-0386,IND-0386-T01,1998,1988,1,11.7,Nothofagus pumilio,-2.66889,101.10389,0.04,25.6,,Indonesia,Mangrove,Tropical moist broadleaf forests,Asia,Indonesia site 8
IND-0386,IND-0386-T02,1988,,0,18.5,Shorea leprosula,-2.66889,101.10389,0.04,29.7,,Indonesia,Mangrove,Tropical moist broadleaf forests,Asia,Indonesia site 8
IND-0386,IND-0386-T02,1998,1988,0,19.0,Shorea leprosula,-2.66889,101.10389,0.04,29.7,,Indonesia,Mangrove,Tropical moist broadleaf forests,Asia,Indonesia site 8
IND-0386,IND-0386-T03,1988,,0,24.3,Shorea leprosula,-2.66889,101.10389,0.04,31.2,,Indonesia,Mangrove,Tropical moist broadleaf forests,Asia,Indonesia site 8
IND-0386,IND-0386-T03,1998,1988,0,23.2,Shorea leprosula,-2.66889,101.10389,0.04,31.2,,Indonesia,Mangrove,Tropical moist broadleaf forests,Asia,Indonesia site 8
IND-0386,IND-0386-T04,1988,,0,36.7,Quercus robur,-2.66889,101.10389,0.04,28.3,,Indonesia,Mangrove,Tropical moist broadleaf forests,Asia,Indonesia site 8
IND-0386,IND-0386-T04,1998,1988,0,36.8,Quercus robur,-2.66889,101.10389,0.04,28.3,,Indonesia,Mangrove,Tropical moist broadleaf forests,Asia,Indonesia site 8
IND-0386,IND-0386-T05,1988,,0,8.3,Eucalyptus camaldulensis,-2.66889,101.10389,0.04,9.0,,Indonesia,Mangrove,Tropical moist broadleaf forests,Asia,Indonesia site 8
IND-0386,IND-0386-T05,1998,1988,0,7.6,Eucalyptus camaldulensis,-2.66889,101.10389,0.04,9.0,,Indonesia,Mangrove,Tropical moist broadleaf forests,Asia,Indonesia site 8
IND-0386,IND-0386-T06,1988,,0,21.3,Eperua falcata,-2.66889,101.10389,0.04,34.2,,Indonesia,Mangrove,Tropical moist broadleaf forests,Asia,Indonesia site 8
IND-0386,IND-0386-T06,1998,1988,0,21.2,Eperua falcata,-2.66889,101.10389,0.04,34.2,,Indonesia,Mangrove,Tropical moist broadleaf forests,Asia,Indonesia site 8
IND-0386,IND-0386-T07,1988,,0,58.1,Juniperus thurifera,-2.66889,101.10389,0.04,19.5,,Indonesia,Mangrove,Tropical moist broadleaf forests,Asia,Indonesia site 8
IND-0386,IND-0386-T07,1998,1988,0,57.7,Juniperus thurifera,-2.66889,101.10389,0.04,19.5,,Indonesia,Mangrove,Tropical moist broadleaf forests,Asia,Indonesia site 8
IND-0386,IND-0386-T08,1988,,0,27.9,Acer saccharum,-2.66889,101.10389,0.04,9.8,,Indonesia,Mangrove,Tropical moist broadleaf forests,Asia,Indonesia site 8
IND-0386,IND-0386-T08,1998,1988,0,28.5,Acer saccharum,-2.66889,101.10389,0.04,9.8,,Indonesia,Mangrove,Tropical moist broadleaf forests,Asia,Indonesia site 8
IND-0387,IND-0387-T01,2009,,0,40.4,Milicia excelsa,0.93679,107.18522,0.04,,1.628,Indonesia,Tropical,Tropical moist broadleaf forests,Asia,Indonesia site 9
IND-0387,IND-0387-T02,2009,,0,25.4,Pinus sylvestris,0.93679,107.18522,0.04,,2.429,Indonesia,Tropical,Tropical moist broadleaf forests,Asia,Indonesia site 9
IND-0387,IND-0387-T03,2009,,1,28.9,Eucalyptus camaldulensis,0.93679,107.18522,0.04,,0.226,Indonesia,Tropical,Tropical moist broadleaf forests,Asia,Indonesia site 9
IND-0387,IND-0387-T04,2009,,0,40.7,Betula pendula,0.93679,107.18522,0.04,,1.778,Indonesia,Tropical,Tropical moist broadleaf forests,Asia,Indonesia site 9
IND-0387,IND-0387-T05,2009,,0,40.4,Quercus ilex,0.93679,107.18522,0.04,,2.003,Indonesia,Tropical,Tropical moist broadleaf forests,Asia,Indonesia site 9
IND-0387,IND-0387-T06,2009,,0,59.4,Dipterocarpus grandiflorus,0.93679,107.18522,0.04,,2.709,Indonesia,Tropical,Tropical moist broadleaf forests,Asia,Indonesia site 9
IND-0387,IND-0387-T07,2009,,0,24.3,Quercus robur,0.93679,107.18522,0.04,,1.845,Indonesia,Tropical,Tropical moist broadleaf forests,Asia,Indonesia site 9
IND-0388,IND-0388-T01,1982,,0,56.9,Acer saccharum,4.61449,116.23556,0.04,18.8,1.099,Indonesia,Tropical,Tropical moist broadleaf forests,Asia,Indonesia site 10
IND-0388,IND-0388-T02,1982,,0,28.7,Inga edulis,4.61449,116.23556,0.04,14.3,3.866,Indonesia,Tropical,Tropical moist broadleaf forests,Asia,Indonesia site 10
IND-0388,IND-0388-T03,1982,,1,19.9,Inga edulis,4.61449,116.23556,0.04,11.8,1.61,Indonesia,Tropical,Tropical moist broadleaf forests,Asia,Indonesia site 10
IND-0388,IND-0388-T04,1982,,1,14.5,Tsuga canadensis,4.61449,116.23556,0.04,14.9,0.723,Indonesia,Tropical,Tropical moist broadleaf forests,Asia,Indonesia site 10
IND-0388,IND-0388-T05,1982,,0,50.1,Nothofagus pumilio,4.61449,116.23556,0.04,32.6,0.054,Indonesia,Tropical,Tropical moist broadleaf forests,Asia,Indonesia site 10
IND-0388,IND-0388-T06,1982,,0,13.1,Cecropia obtusa,4.61449,116.23556,0.04,25.6,0.496,Indonesia,Tropical,Tropical moist broadleaf forests,Asia,Indonesia site 10
IND-0388,IND-0388-T07,1982,,0,19.4,Populus tremula,4.61449,116.23556,0.04,26.6,2.213,Indonesia,Tropical,Tropical moist broadleaf forests,Asia,Indonesia site 10
IND-0388,IND-0388-T08,1982,,0,11.3,Quercus ilex,4.61449,116.23556,0.04,9.7,0.117,Indonesia,Tropical,Tropical moist broadleaf forests,Asia,Indonesia site 10
IND-0388,IND-0388-T09,1982,,0,26.4,Khaya ivorensis,4.61449,116.23556,0.04,11.0,0.675,Indonesia,Tropical,Tropical moist broadleaf forests,Asia,Indonesia site 10
IND-0388,IND-0388-T10,1982,,0,46.6,Inga edulis,4.61449,116.23556,0.04,28.3,3.156,Indonesia,Tropical,Tropical moist broadleaf forests,Asia,Indonesia site 10
IND-0388,IND-0388-T11,1982,,0,27.1,Ocotea aciphylla,4.61449,116.23556,0.04,26.0,0.031,Indonesia,Tropical,Tropical moist broadleaf forests,Asia,Indonesia site 10
IND-0389,IND-0389-T01,1944,,0,8.0,Populus tremula,-4.4425,113.07663,0.5,,,Indonesia,Mangrove,Tropical moist broadleaf forests,Asia,Indonesia site 11
IND-0389,IND-0389-T01,1948,1944,0,8.5,Populus tremula,-4.4425,113.07663,0.5,,,Indonesia,Mangrove,Tropical moist broadleaf forests,Asia,Indonesia site 11
IND-0389,IND-0389-T02,1944,,0,12.5,Populus tremula,-4.4425,113.07663,0.5,,,Indonesia,Mangrove,Tropical moist broadleaf forests,Asia,Indonesia site 11
IND-0389,IND-0389-T02,1948,1944,0,12.1,Populus tremula,-4.4425,113.07663,0.5,,,Indonesia,Mangrove,Tropical moist broadleaf forests,Asia,Indonesia site 11
IND-0389,IND-0389-T03,1944,,0,23.4,Pinus sylvestris,-4.4425,113.07663,0.5,,,Indonesia,Mangrove,Tropical moist broadleaf forests,Asia,Indonesia site 11
IND-0389,IND-0389-T03,1948,1944,0,23.0,Pinus sylvestris,-4.4425,113.07663,0.5,,,Indonesia,Mangrove,Tropical moist broadleaf forests,Asia,Indonesia site 11
IND-0389,IND-0389-T04,1944,,0,50.2,Quercus robur,-4.4425,113.07663,0.5,,,Indonesia,Mangrove,Tropical moist broadleaf forests,Asia,Indonesia site 11
IND-0389,IND-0389-T04,1948,1944,0,50.7,Quercus robur,-4.4425,113.07663,0.5,,,Indonesia,Mangrove,Tropical moist broadleaf forests,Asia,Indonesia site 11
IND-0389,IND-0389-T05,1944,,0,45.8,Quercus ilex,-4.4425,113.07663,0.5,,,Indonesia,Mangrove,Tropical moist broadleaf forests,Asia,Indonesia site 11
IND-0389,IND-0389-T05,1948,1944,0,46.3,Quercus ilex,-4.4425,113.07663,0.5,,,Indonesia,Mangrove,Tropical moist broadleaf forests,Asia,Indonesia site 11
IND-0389,IND-0389-T06,1944,,0,46.4,Cecropia obtusa,-4.4425,113.07663,0.5,,,Indonesia,Mangrove,Tropical moist broadleaf forests,Asia,Indonesia site 11
IND-0389,IND-0389-T06,1948,1944,0,46.7,Cecropia obtusa,-4.4425,113.07663,0.5,,,Indonesia,Mangrove,Tropical moist broadleaf forests,Asia,Indonesia site 11
IND-0389,IND-0389-T07,1944,,1,11.6,Cecropia obtusa,-4.4425,113.07663,0.5,,,Indonesia,Mangrove,Tropical moist broadleaf forests,Asia,Indonesia site 11
IND-0389,IND-0389-T07,1948,1944,0,11.4,Cecropia obtusa,-4.4425,113.07663,0.5,,,Indonesia,Mangrove,Tropical moist broadleaf forests,Asia,Indonesia site 11
IND-0389,IND-0389-T08,1944,,0,25.3,Khaya ivorensis,-4.4425,113.07663,0.5,,,Indonesia,Mangrove,Tropical moist broadleaf forests,Asia,Indonesia site 11
IND-0389,IND-0389-T08,1948,1944,0,24.6,Khaya ivorensis,-4.4425,113.07663,0.5,,,Indonesia,Mangrove,Tropical moist broadleaf forests,Asia,Indonesia site 11
IND-0389,IND-0389-T09,1944,,0,16.4,Fagus sylvatica,-4.4425,113.07663,0.5,,,Indonesia,Mangrove,Tropical moist broadleaf forests,Asia,Indonesia site 11
IND-0389,IND-0389-T09,1948,1944,0,15.8,Fagus sylvatica,-4.4425,113.07663,0.5,,,Indonesia,Mangrove,Tropical moist broadleaf forests,Asia,Indonesia site 11
IND-0390,IND-0390-T01,1947,,0,9.3,Rhizophora mangle,-4.83036,109.94287,1.0,26.9,,Indonesia,Tropical,Tropical moist broadleaf forests,Asia,Indonesia site 12
IND-0390,IND-0390-T02,1947,,0,19.0,Cecropia obtusa,-4.83036,109.94287,1.0,15.4,,Indonesia,Tropical,Tropical moist broadleaf forests,Asia,Indonesia site 12
IND-0390,IND-0390-T03,1947,,0,34.3,Milicia excelsa,-4.83036,109.94287,1.0,24.2,,Indonesia,Tropical,Tropical moist broadleaf forests,Asia,Indonesia site 12
IND-0390,IND-0390-T04,1947,,0,54.9,Pinus sylvestris,-4.83036,109.94287,1.0,19.4,,Indonesia,Tropical,Tropical moist broadleaf forests,Asia,Indonesia site 12
IND-0390,IND-0390-T05,1947,,0,42.9,Dipterocarpus grandiflorus,-4.83036,109.94287,1.0,19.0,,Indonesia,Tropical,Tropical moist broadleaf forests,Asia,Indonesia site 12
IND-0390,IND-0390-T06,1947,,0,12.5,Avicennia germinans,-4.83036,109.94287,1.0,16.6,,Indonesia,Tropical,Tropical moist broadleaf forests,Asia,Indonesia site 12
IND-0390,IND-0390-T07,1947,,0,18.4,Dipterocarpus grandiflorus,-4.83036,109.94287,1.0,9.2,,Indonesia,Tropical,Tropical moist broadleaf forests,Asia,Indonesia site 12
IND-0390,IND-0390-T08,1947,,0,32.5,Populus tremula,-4.83036,109.94287,1.0,18.1,,Indonesia,Tropical,Tropical moist broadleaf forests,Asia,Indonesia site 12
IND-0390,IND-0390-T09,1947,,0,48.6,Juniperus thurifera,-4.83036,109.94287,1.0,24.9,,Indonesia,Tropical,Tropical moist broadleaf forests,Asia,Indonesia site 12
IND-0390,IND-0390-T10,1947,,0,46.0,Populus tremula,-4.83036,109.94287,1.0,10.2,,Indonesia,Tropical,Tropical moist broadleaf forests,Asia,Indonesia site 12
IND-0391,IND-0391-T01,1948,,0,43.6,Quercus ilex,4.61162,104.26464,0.04,23.1,1.723,Indonesia,Mangrove,Tropical moist broadleaf forests,Asia,Indonesia site 13
IND-0391,IND-0391-T01,1953,1948,0,44.0,Quercus ilex,4.61162,104.26464,0.04,23.1,1.723,Indonesia,Mangrove,Tropical moist broadleaf forests,Asia,Indonesia site 13
IND-0391,IND-0391-T02,1948,,0,13.6,Shorea leprosula,4.61162,104.26464,0.04,27.8,0.924,Indonesia,Mangrove,Tropical moist broadleaf forests,Asia,Indonesia site 13
IND-0391,IND-0391-T02,1953,1948,0,13.7,Shorea leprosula,4.61162,104.26464,0.04,27.8,0.924,Indonesia,Mangrove,Tropical moist broadleaf forests,Asia,Indonesia site 13
IND-0391,IND-0391-T03,1948,,0,56.4,Eperua falcata,4.61162,104.26464,0.04,35.6,0.645,Indonesia,Mangrove,Tropical moist broadleaf forests,Asia,Indonesia site 13
IND-0391,IND-0391-T03,1953,1948,1,56.1,Eperua falcata,4.61162,104.26464,0.04,35.6,0.645,Indonesia,Mangrove,Tropical moist broadleaf forests,Asia,Indonesia site 13
IND-0391,IND-0391-T04,1948,,0,51.4,Inga edulis,4.61162,104.26464,0.04,12.9,1.937,Indonesia,Mangrove,Tropical moist broadleaf forests,Asia,Indonesia site 13
IND-0391,IND-0391-T04,1953,1948,0,51.9,Inga edulis,4.61162,104.26464,0.04,12.9,1.937,Indonesia,Mangrove,Tropical moist broadleaf forests,Asia,Indonesia site 13
IND-0391,IND-0391-T05,1948,,0,11.4,Ocotea aciphylla,4.61162,104.26464,0.04,12.3,0.84,Indonesia,Mangrove,Tropical moist broadleaf forests,Asia,Indonesia site 13
IND-0391,IND-0391-T05,1953,1948,0,10.1,Ocotea aciphylla,4.61162,104.26464,0.04,12.3,0.84,Indonesia,Mangrove,Tropical moist broadleaf forests,Asia,Indonesia site 13
IND-0391,IND-0391-T06,1948,,0,34.4,Populus tremula,4.61162,104.26464,0.04,33.0,3.033,Indonesia,Mangrove,Tropical moist broadleaf forests,Asia,Indonesia site 13
IND-0391,IND-0391-T06,1953,1948,0,34.0,Populus tremula,4.61162,104.26464,0.04,33.0,3.033,Indonesia,Mangrove,Tropical moist broadleaf forests,Asia,Indonesia site 13
IND-0391,IND-0391-T07,1948,,0,36.6,Shorea leprosula,4.61162,104.26464,0.04,23.3,2.657,Indonesia,Mangrove,Tropical moist broadleaf forests,Asia,Indonesia site 13
IND-0391,IND-0391-T07,1953,1948,0,37.3,Shorea leprosula,4.61162,104.26464,0.04,23.3,2.657,Indonesia,Mangrove,Tropical moist broadleaf forests,Asia,Indonesia site 13
IND-0391,IND-0391-T08,1948,,0,52.8,Ocotea aciphylla,4.61162,104.26464,0.04,8.7,1.842,Indonesia,Mangrove,Tropical moist broadleaf forests,Asia,Indonesia site 13
IND-0391,IND-0391-T08,1953,1948,0,53.3,Ocotea aciphylla,4.61162,104.26464,0.04,8.7,1.842,Indonesia,Mangrove,Tropical moist broadleaf forests,Asia,Indonesia site 13
IND-0392,IND-0392-T01,1974,,0,28.7,Eperua falcata,3.32103,112.24883,0.1,35.9,,Indonesia,Mangrove,Tropical moist broadleaf forests,Asia,Indonesia site 14
IND-0392,IND-0392-T01,1979,1974,0,29.4,Eperua falcata,3.32103,112.24883,0.1,35.9,,Indonesia,Mangrove,Tropical moist broadleaf forests,Asia,Indonesia site 14
IND-0392,IND-0392-T02,1974,,0,48.5,Betula pendula,3.32103,112.24883,0.1,34.3,,Indonesia,Mangrove,Tropical moist broadleaf forests,Asia,Indonesia site 14
IND-0392,IND-0392-T02,1979,1974,0,49.5,Betula pendula,3.32103,112.24883,0.1,34.3,,Indonesia,Mangrove,Tropical moist broadleaf forests,Asia,Indonesia site 14
IND-0392,IND-0392-T03,1974,,0,41.2,Quercus robur,3.32103,112.24883,0.1,25.5,,Indonesia,Mangrove,Tropical moist broadleaf forests,Asia,Indonesia site 14
IND-0392,IND-0392-T03,1979,1974,0,40.4,Quercus robur,3.32103,112.24883,0.1,25.5,,Indonesia,Mangrove,Tropical moist broadleaf forests,Asia,Indonesia site 14
IND-0392,IND-0392-T04,1974,,0,39.1,Betula pendula,3.32103,112.24883,0.1,17.0,,Indonesia,Mangrove,Tropical moist broadleaf forests,Asia,Indonesia site 14
IND-0392,IND-0392-T04,1979,1974,0,39.3,Betula pendula,3.32103,112.24883,0.1,17.0,,Indonesia,Mangrove,Tropical moist broadleaf forests,Asia,Indonesia site 14
IND-0392,IND-0392-T05,1974,,0,23.8,Tsuga canadensis,3.32103,112.24883,0.1,22.8,,Indonesia,Mangrove,Tropical moist broadleaf forests,Asia,Indonesia site 14
IND-0392,IND-0392-T05,1979,1974,0,23.7,Tsuga canadensis,3.32103,112.24883,0.1,22.8,,Indonesia,Mangrove,Tropical moist broadleaf forests,Asia,Indonesia site 14
IND-0392,IND-0392-T06,1974,,0,23.5,Quercus robur,3.32103,112.24883,0.1,18.3,,Indonesia,Mangrove,Tropical moist broadleaf forests,Asia,Indonesia site 14
IND-0392,IND-0392-T06,1979,1974,0,23.8,Quercus robur,3.32103,112.24883,0.1,18.3,,Indonesia,Mangrove,Tropical moist broadleaf forests,Asia,Indonesia site 14
IND-0392,IND-0392-T07,1974,,0,54.7,Picea abies,3.32103,112.24883,0.1,16.7,,Indonesia,Mangrove,Tropical moist broadleaf forests,Asia,Indonesia site 14
IND-0392,IND-0392-T07,1979,1974,0,54.2,Picea abies,3.32103,112.24883,0.1,16.7,,Indonesia,Mangrove,Tropical moist broadleaf forests,Asia,Indonesia site 14
IND-0392,IND-0392-T08,1974,,0,15.2,Eucalyptus camaldulensis,3.32103,112.24883,0.1,16.8,,Indonesia,Mangrove,Tropical moist broadleaf forests,Asia,Indonesia site 14
IND-0392,IND-0392-T08,1979,1974,0,15.2,Eucalyptus camaldulensis,3.32103,112.24883,0.1,16.8,,Indonesia,Mangrove,Tropical moist broadleaf forests,Asia,Indonesia site 14
IND-0392,IND-0392-T09,1974,,0,18.4,Populus tremula,3.32103,112.24883,0.1,27.4,,Indonesia,Mangrove,Tropical moist broadleaf forests,Asia,Indonesia site 14
IND-0392,IND-0392-T09,1979,1974,0,18.6,Populus tremula,3.32103,112.24883,0.1,27.4,,Indonesia,Mangrove,Tropical moist broadleaf forests,Asia,Indonesia site 14
IND-0393,IND-0393-T01,1972,,0,11.5,Eperua falcata,-0.24604,108.24063,0.1,35.7,2.207,Indonesia,Mangrove,Tropical moist broadleaf forests,Asia,Indonesia site 15
IND-0393,IND-0393-T02,1972,,0,8.6,Rhizophora mangle,-0.24604,108.24063,0.1,13.9,2.843,Indonesia,Mangrove,Tropical moist broadleaf forests,Asia,Indonesia site 15
IND-0393,IND-0393-T03,1972,,0,31.0,Eucalyptus camaldulensis,-0.24604,108.24063,0.1,8.1,0.322,Indonesia,Mangrove,Tropical moist broadleaf forests,Asia,Indonesia site 15
IND-0393,IND-0393-T04,1972,,0,9.5,Betula pendula,-0.24604,108.24063,0.1,36.5,0.24,Indonesia,Mangrove,Tropical moist broadleaf forests,Asia,Indonesia site 15
IND-0393,IND-0393-T05,1972,,0,36.0,Milicia excelsa,-0.24604,108.24063,0.1,23.1,1.223,Indonesia,Mangrove,Tropical moist broadleaf forests,Asia,Indonesia site 15
IND-0393,IND-0393-T06,1972,,0,49.8,Shorea leprosula,-0.24604,108.24063,0.1,34.1,0.932,Indonesia,Mangrove,Tropical moist broadleaf forests,Asia,Indonesia site 15
IND-0393,IND-0393-T07,1972,,1,30.8,Tsuga canadensis,-0.24604,108.24063,0.1,21.5,2.602,Indonesia,Mangrove,Tropical moist broadleaf forests,Asia,Indonesia site 15
IND-0394,IND-0394-T01,1953,,0,58.7,Acer saccharum,4.85264,119.53583,1.0,28.7,,Indonesia,Mangrove,Tropical moist broadleaf forests,Asia,Indonesia site 16
IND-0394,IND-0394-T01,1963,1953,0,58.9,Acer saccharum,4.85264,119.53583,1.0,28.7,,Indonesia,Mangrove,Tropical moist broadleaf forests,Asia,Indonesia site 16
IND-0394,IND-0394-T02,1953,,0,28.6,Tsuga canadensis,4.85264,119.53583,1.0,33.6,,Indonesia,Mangrove,Tropical moist broadleaf forests,Asia,Indonesia site 16
IND-0394,IND-0394-T02,1963,1953,0,29.5,Tsuga canadensis,4.85264,119.53583,1.0,33.6,,Indonesia,Mangrove,Tropical moist broadleaf forests,Asia,Indonesia site 16
IND-0394,IND-0394-T03,1953,,0,15.2,Quercus ilex,4.85264,119.53583,1.0,24.9,,Indonesia,Mangrove,Tropical moist broadleaf forests,Asia,Indonesia site 16
IND-0394,IND-0394-T03,1963,1953,0,15.3,Quercus ilex,4.85264,119.53583,1.0,24.9,,Indonesia,Mangrove,Tropical moist broadleaf forests,Asia,Indonesia site 16
IND-0394,IND-0394-T04,1953,,0,54.8,Picea abies,4.85264,119.53583,1.0,12.4,,Indonesia,Mangrove,Tropical moist broadleaf forests,Asia,Indonesia site 16
IND-0394,IND-0394-T04,1963,1953,0,53.6,Picea abies,4.85264,119.53583,1.0,12.4,,Indonesia,Mangrove,Tropical moist broadleaf forests,Asia,Indonesia site 16
IND-0394,IND-0394-T05,1953,,0,28.2,Tsuga canadensis,4.85264,119.53583,1.0,32.7,,Indonesia,Mangrove,Tropical moist broadleaf forests,Asia,Indonesia site 16
IND-0394,IND-0394-T05,1963,1953,0,26.8,Tsuga canadensis,4.85264,119.53583,1.0,32.7,,Indonesia,Mangrove,Tropical moist broadleaf forests,Asia,Indonesia site 16
IND-0394,IND-0394-T06,1953,,0,29.1,Dipterocarpus grandiflorus,4.85264,119.53583,1.0,22.3,,Indonesia,Mangrove,Tropical moist broadleaf forests,Asia,Indonesia site 16
IND-0394,IND-0394-T06,1963,1953,0,29.2,Dipterocarpus grandiflorus,4.85264,119.53583,1.0,22.3,,Indonesia,Mangrove,Tropical moist broadleaf forests,Asia,Indonesia site 16
IND-0394,IND-0394-T07,1953,,0,37.2,Fagus sylvatica,4.85264,119.53583,1.0,9.5,,Indonesia,Mangrove,Tropical moist broadleaf forests,Asia,Indonesia site 16
IND-0394,IND-0394-T07,1963,1953,0,36.8,Fagus sylvatica,4.85264,119.53583,1.0,9.5,,Indonesia,Mangrove,Tropical moist broadleaf forests,Asia,Indonesia site 16
IND-0394,IND-0394-T08,1953,,0,23.4,Fagus sylvatica,4.85264,119.53583,1.0,27.1,,Indonesia,Mangrove,Tropical moist broadleaf forests,Asia,Indonesia site 16
IND-0394,IND-0394-T08,1963,1953,0,23.6,Fagus sylvatica,4.85264,119.53583,1.0,27.1,,Indonesia,Mangrove,Tropical moist broadleaf forests,Asia,Indonesia site 16
IND-0394,IND-0394-T09,1953,,0,56.3,Inga edulis,4.85264,119.53583,1.0,18.2,,Indonesia,Mangrove,Tropical moist broadleaf forests,Asia,Indonesia site 16
IND-0394,IND-0394-T09,1963,1953,0,55.2,Inga edulis,4.85264,119.53583,1.0,18.2,,Indonesia,Mangrove,Tropical moist broadleaf forests,Asia,Indonesia site 16
IND-0394,IND-0394-T10,1953,,0,22.8,Picea abies,4.85264,119.53583,1.0,27.4,,Indonesia,Mangrove,Tropical moist broadleaf forests,Asia,Indonesia site 16
IND-0394,IND-0394-T10,1963,1953,1,22.5,Picea abies,4.85264,119.53583,1.0,27.4,,Indonesia,Mangrove,Tropical moist broadleaf forests,Asia,Indonesia site 16
IND-0394,IND-0394-T11,1953,,0,41.7,Fagus sylvatica,4.85264,119.53583,1.0,8.4,,Indonesia,Mangrove,Tropical moist broadleaf forests,Asia,Indonesia site 16
IND-0394,IND-0394-T11,1963,1953,0,41.3,Fagus sylvatica,4.85264,119.53583,1.0,8.4,,Indonesia,Mangrove,Tropical moist broadleaf forests,Asia,Indonesia site 16
IND-0395,IND-0395-T01,2021,,0,53.4,Avicennia germinans,-4.24264,118.45346,0.04,21.5,1.195,Indonesia,Tropical,Tropical moist broadleaf forests,Asia,Indonesia site 17
IND-0395,IND-0395-T02,2021,,0,10.0,Quercus ilex,-4.24264,118.45346,0.04,34.7,3.561,Indonesia,Tropical,Tropical moist broadleaf forests,Asia,Indonesia site 17
IND-0395,IND-0395-T03,2021,,0,56.5,Inga edulis,-4.24264,118.45346,0.04,23.8,2.523,Indonesia,Tropical,Tropical moist broadleaf forests,Asia,Indonesia site 17
IND-0395,IND-0395-T04,2021,,0,45.9,Avicennia germinans,-4.24264,118.45346,0.04,21.1,0.498,Indonesia,Tropical,Tropical moist broadleaf forests,Asia,Indonesia site 17
IND-0395,IND-0395-T05,2021,,0,30.9,Inga edulis,-4.24264,118.45346,0.04,32.0,4.4,Indonesia,Tropical,Tropical moist broadleaf forests,Asia,Indonesia site 17
IND-0396,IND-0396-T01,1943,,0,52.6,Avicennia germinans,-5.68028,110.29807,0.04,,,Indonesia,Mangrove,Tropical moist broadleaf forests,Asia,Indonesia site 18
IND-0396,IND-0396-T01,1953,1943,0,53.0,Avicennia germinans,-5.68028,110.29807,0.04,,,Indonesia,Mangrove,Tropical moist broadleaf forests,Asia,Indonesia site 18
IND-0396,IND-0396-T02,1943,,0,18.8,Milicia excelsa,-5.68028,110.29807,0.04,,,Indonesia,Mangrove,Tropical moist broadleaf forests,Asia,Indonesia site 18
IND-0396,IND-0396-T02,1953,1943,0,18.0,Milicia excelsa,-5.68028,110.29807,0.04,,,Indonesia,Mangrove,Tropical moist broadleaf forests,Asia,Indonesia site 18
IND-0396,IND-0396-T03,1943,,0,26.0,Quercus robur,-5.68028,110.29807,0.04,,,Indonesia,Mangrove,Tropical moist broadleaf forests,Asia,Indonesia site 18
IND-0396,IND-0396-T03,1953,1943,0,25.9,Quercus robur,-5.68028,110.29807,0.04,,,Indonesia,Mangrove,Tropical moist broadleaf forests,Asia,Indonesia site 18
IND-0396,IND-0396-T04,1943,,0,11.6,Nothofagus pumilio,-5.68028,110.29807,0.04,,,Indonesia,Mangrove,Tropical moist broadleaf forests,Asia,Indonesia site 18
IND-0396,IND-0396-T04,1953,1943,0,12.1,Nothofagus pumilio,-5.68028,110.29807,0.04,,,Indonesia,Mangrove,Tropical moist broadleaf forests,Asia,Indonesia site 18
IND-0396,IND-0396-T05,1943,,0,27.7,Populus tremula,-5.68028,110.29807,0.04,,,Indonesia,Mangrove,Tropical moist broadleaf forests,Asia,Indonesia site 18
IND-0396,IND-0396-T05,1953,1943,0,28.2,Populus tremula,-5.68028,110.29807,0.04,,,Indonesia,Mangrove,Tropical moist broadleaf forests,Asia,Indonesia site 18
IND-0396,IND-0396-T06,1943,,0,16.8,Eucalyptus camaldulensis,-5.68028,110.29807,0.04,,,Indonesia,Mangrove,Tropical moist broadleaf forests,Asia,Indonesia site 18
IND-0396,IND-0396-T06,1953,1943,0,16.3,Eucalyptus camaldulensis,-5.68028,110.29807,0.04,,,Indonesia,Mangrove,Tropical moist broadleaf forests,Asia,Indonesia site 18
IND-0396,IND-0396-T07,1943,,1,26.1,Avicennia germinans,-5.68028,110.29807,0.04,,,Indonesia,Mangrove,Tropical moist broadleaf forests,Asia,Indonesia site 18
IND-0396,IND-0396-T07,1953,1943,0,25.7,Avicennia germinans,-5.68028,110.29807,0.04,,,Indonesia,Mangrove,Tropical moist broadleaf forests,Asia,Indonesia site 18
IND-0396,IND-0396-T08,1943,,0,31.1,Cecropia obtusa,-5.68028,110.29807,0.04,,,Indonesia,Mangrove,Tropical moist broadleaf forests,Asia,Indonesia site 18
IND-0396,IND-0396-T08,1953,1943,0,29.6,Cecropia obtusa,-5.68028,110.29807,0.04,,,Indonesia,Mangrove,Tropical moist broadleaf forests,Asia,Indonesia site 18
IND-0396,IND-0396-T09,1943,,0,8.3,Tsuga canadensis,-5.68028,110.29807,0.04,,,Indonesia,Mangrove,Tropical moist broadleaf forests,Asia,Indonesia site 18
IND-0396,IND-0396-T09,1953,1943,0,7.9,Tsuga canadensis,-5.68028,110.29807,0.04,,,Indonesia,Mangrove,Tropical moist broadleaf forests,Asia,Indonesia site 18
IND-0397,IND-0397-T01,2007,,0,48.7,Avicennia germinans,-1.86914,104.41326,0.5,20.9,2.53,Indonesia,Tropical,Tropical moist broadleaf forests,Asia,Indonesia site 19
IND-0397,IND-0397-T02,2007,,0,25.1,Shorea leprosula,-1.86914,104.41326,0.5,27.1,3.653,Indonesia,Tropical,Tropical moist broadleaf forests,Asia,Indonesia site 19
IND-0397,IND-0397-T03,2007,,0,25.3,Acer saccharum,-1.86914,104.41326,0.5,34.2,1.68,Indonesia,Tropical,Tropical moist broadleaf forests,Asia,Indonesia site 19
IND-0397,IND-0397-T04,2007,,0,60.3,Picea abies,-1.86914,104.41326,0.5,8.1,2.459,Indonesia,Tropical,Tropical moist broadleaf forests,Asia,Indonesia site 19
IND-0397,IND-0397-T05,2007,,0,36.9,Quercus robur,-1.86914,104.41326,0.5,24.9,2.134,Indonesia,Tropical,Tropical moist broadleaf forests,Asia,Indonesia site 19
IND-0397,IND-0397-T06,2007,,0,42.5,Quercus robur,-1.86914,104.41326,0.5,31.0,1.022,Indonesia,Tropical,Tropical moist broadleaf forests,Asia,Indonesia site 19
IND-0398,IND-0398-T01,1961,,0,59.3,Acer saccharum,4.73111,104.04422,0.1,31.8,,Indonesia,Tropical,Tropical moist broadleaf forests,Asia,Indonesia site 20
IND-0398,IND-0398-T02,1961,,0,14.5,Picea abies,4.73111,104.04422,0.1,30.8,,Indonesia,Tropical,Tropical moist broadleaf forests,Asia,Indonesia site 20
IND-0398,IND-0398-T03,1961,,0,14.9,Eperua falcata,4.73111,104.04422,0.1,30.0,,Indonesia,Tropical,Tropical moist broadleaf forests,Asia,Indonesia site 20
IND-0398,IND-0398-T04,1961,,0,18.7,Inga edulis,4.73111,104.04422,0.1,31.4,,Indonesia,Tropical,Tropical moist broadleaf forests,Asia,Indonesia site 20
IND-0398,IND-0398-T05,1961,,1,57.0,Rhizophora mangle,4.73111,104.04422,0.1,12.4,,Indonesia,Tropical,Tropical moist broadleaf forests,Asia,Indonesia site 20
IND-0398,IND-0398-T06,1961,,0,46.7,Betula pendula,4.73111,104.04422,0.1,16.4,,Indonesia,Tropical,Tropical moist broadleaf forests,Asia,Indonesia site 20
IND-0398,IND-0398-T07,1961,,0,23.7,Milicia excelsa,4.73111,104.04422,0.1,14.5,,Indonesia,Tropical,Tropical moist broadleaf forests,Asia,Indonesia site 20
IND-0398,IND-0398-T08,1961,,0,26.8,Fagus sylvatica,4.73111,104.04422,0.1,27.8,,Indonesia,Tropical,Tropical moist broadleaf forests,Asia,Indonesia site 20
IND-0398,IND-0398-T09,1961,,0,32.1,Milicia excelsa,4.73111,104.04422,0.1,22.1,,Indonesia,Tropical,Tropical moist broadleaf forests,Asia,Indonesia site 20
IND-0398,IND-0398-T10,1961,,0,58.5,Cecropia obtusa,4.73111,104.04422,0.1,28.3,,Indonesia,Tropical,Tropical moist broadleaf forests,Asia,Indonesia site 20
IND-0398,IND-0398-T11,1961,,0,13.9,Avicennia germinans,4.73111,104.04422,0.1,18.9,,Indonesia,Tropical,Tropical moist broadleaf forests,Asia,Indonesia site 20
IND-0399,IND-0399-T01,1990,,0,29.7,Inga edulis,2.68502,112.75998,1.0,,,Indonesia,Mangrove,Tropical moist broadleaf forests,Asia,Indonesia site 21
IND-0399,IND-0399-T02,1990,,0,10.2,Dipterocarpus grandiflorus,2.68502,112.75998,1.0,,,Indonesia,Mangrove,Tropical moist broadleaf forests,Asia,Indonesia site 21
IND-0399,IND-0399-T03,1990,,0,28.4,Milicia excelsa,2.68502,112.75998,1.0,,,Indonesia,Mangrove,Tropical moist broadleaf forests,Asia,Indonesia site 21
IND-0399,IND-0399-T04,1990,,0,23.5,Tsuga canadensis,2.68502,112.75998,1.0,,,Indonesia,Mangrove,Tropical moist broadleaf forests,Asia,Indonesia site 21
IND-0399,IND-0399-T05,1990,,0,41.2,Quercus robur,2.68502,112.75998,1.0,,,Indonesia,Mangrove,Tropical moist broadleaf forests,Asia,Indonesia site 21
IND-0399,IND-0399-T06,1990,,0,58.6,Acer saccharum,2.68502,112.75998,1.0,,,Indonesia,Mangrove,Tropical moist broadleaf forests,Asia,Indonesia site 21
IND-0399,IND-0399-T07,1990,,0,61.3,Betula pendula,2.68502,112.75998,1.0,,,Indonesia,Mangrove,Tropical moist broadleaf forests,Asia,Indonesia site 21
IND-0400,IND-0400-T01,1990,,0,50.1,Tsuga canadensis,-1.29079,117.45197,0.1,26.7,,Indonesia,Mangrove,Tropical moist broadleaf forests,Asia,Indonesia site 22
IND-0400,IND-0400-T01,1995,1990,0,51.0,Tsuga canadensis,-1.29079,117.45197,0.1,26.7,,Indonesia,Mangrove,Tropical moist broadleaf forests,Asia,Indonesia site 22
IND-0400,IND-0400-T02,1990,,1,21.2,Shorea leprosula,-1.29079,117.45197,0.1,26.7,,Indonesia,Mangrove,Tropical moist broadleaf forests,Asia,Indonesia site 22
IND-0400,IND-0400-T02,1995,1990,0,22.1,Shorea leprosula,-1.29079,117.45197,0.1,26.7,,Indonesia,Mangrove,Tropical moist broadleaf forests,Asia,Indonesia site 22
IND-0400,IND-0400-T03,1990,,0,30.8,Populus tremula,-1.29079,117.45197,0.1,30.9,,Indonesia,Mangrove,Tropical moist broadleaf forests,Asia,Indonesia site 22
IND-0400,IND-0400-T03,1995,1990,0,30.3,Populus tremula,-1.29079,117.45197,0.1,30.9,,Indonesia,Mangrove,Tropical moist broadleaf forests,Asia,Indonesia site 22
IND-0400,IND-0400-T04,1990,,1,10.0,Eperua falcata,-1.29079,117.45197,0.1,29.1,,Indonesia,Mangrove,Tropical moist broadleaf forests,Asia,Indonesia site 22
IND-0400,IND-0400-T04,1995,1990,0,10.5,Eperua falcata,-1.29079,117.45197,0.1,29.1,,Indonesia,Mangrove,Tropical moist broadleaf forests,Asia,Indonesia site 22
IND-0400,IND-0400-T05,1990,,0,9.7,Quercus robur,-1.29079,117.45197,0.1,9.0,,Indonesia,Mangrove,Tropical moist broadleaf forests,Asia,Indonesia site 22
IND-0400,IND-0400-T05,1995,1990,0,9.8,Quercus robur,-1.29079,117.45197,0.1,9.0,,Indonesia,Mangrove,Tropical moist broadleaf forests,Asia,Indonesia site 22
IND-0400,IND-0400-T06,1990,,0,57.1,Rhizophora mangle,-1.29079,117.45197,0.1,25.9,,Indonesia,Mangrove,Tropical moist broadleaf forests,Asia,Indonesia site 22
IND-0400,IND-0400-T06,1995,1990,0,55.8,Rhizophora mangle,-1.29079,117.45197,0.1,25.9,,Indonesia,Mangrove,Tropical moist broadleaf forests,Asia,Indonesia site 22
IND-0400,IND-0400-T07,1990,,0,35.0,Eucalyptus camaldulensis,-1.29079,117.45197,0.1,14.2,,Indonesia,Mangrove,Tropical moist broadleaf forests,Asia,Indonesia site 22
IND-0400,IND-0400-T07,1995,1990,0,35.1,Eucalyptus camaldulensis,-1.29079,117.45197,0.1,14.2,,Indonesia,Mangrove,Tropical moist broadleaf forests,Asia,Indonesia site 22
IND-0400,IND-0400-T08,1990,,0,33.5,Inga edulis,-1.29079,117.45197,0.1,10.7,,Indonesia,Mangrove,Tropical moist broadleaf forests,Asia,Indonesia site 22
IND-0400,IND-0400-T08,1995,1990,0,34.3,Inga edulis,-1.29079,117.45197,0.1,10.7,,Indonesia,Mangrove,Tropical moist broadleaf forests,Asia,Indonesia site 22
IND-0400,IND-0400-T09,1990,,0,61.2,Cecropia obtusa,-1.29079,117.45197,0.1,19.6,,Indonesia,Mangrove,Tropical moist broadleaf forests,Asia,Indonesia site 22
IND-0400,IND-0400-T09,1995,1990,1,61.0,Cecropia obtusa,-1.29079,117.45197,0.1,19.6,,Indonesia,Mangrove,Tropical moist broadleaf forests,Asia,Indonesia site 22
IND-0400,IND-0400-T10,1990,,0,12.9,Tsuga canadensis,-1.29079,117.45197,0.1,37.8,,Indonesia,Mangrove,Tropical moist broadleaf forests,Asia,Indonesia site 22
IND-0400,IND-0400-T10,1995,1990,0,13.6,Tsuga canadensis,-1.29079,117.45197,0.1,37.8,,Indonesia,Mangrove,Tropical moist broadleaf forests,Asia,Indonesia site 22
IND-0401,IND-0401-T01,2001,,0,15.7,Eucalyptus camaldulensis,-0.72804,115.96035,0.04,19.8,1.512,Indonesia,Tropical,Tropical moist broadleaf forests,Asia,Indonesia site 23
IND-0401,IND-0401-T02,2001,,0,56.7,Juniperus thurifera,-0.72804,115.96035,0.04,37.7,2.251,Indonesia,Tropical,Tropical moist broadleaf forests,Asia,Indonesia site 23
IND-0401,IND-0401-T03,2001,,0,10.1,Quercus robur,-0.72804,115.96035,0.04,9.0,3.965,Indonesia,Tropical,Tropical moist broadleaf forests,Asia,Indonesia site 23
IND-0401,IND-0401-T04,2001,,0,9.1,Betula pendula,-0.72804,115.96035,0.04,19.7,0.242,Indonesia,Tropical,Tropical moist broadleaf forests,Asia,Indonesia site 23
IND-0401,IND-0401-T05,2001,,0,50.7,Inga edulis,-0.72804,115.96035,0.04,17.6,2.66,Indonesia,Tropical,Tropical moist broadleaf forests,Asia,Indonesia site 23
IND-0401,IND-0401-T06,2001,,0,23.1,Eperua falcata,-0.72804,115.96035,0.04,32.7,2.24,Indonesia,Tropical,Tropical moist broadleaf forests,Asia,Indonesia site 23
IND-0402,IND-0402-T01,1938,,0,55.5,Fagus sylvatica,1.35939,103.23606,0.5,,,Indonesia,Tropical,Tropical moist broadleaf forests,Asia,Indonesia site 24
IND-0402,IND-0402-T01,1942,1938,0,55.5,Fagus sylvatica,1.35939,103.23606,0.5,,,Indonesia,Tropical,Tropical moist broadleaf forests,Asia,Indonesia site 24
IND-0402,IND-0402-T02,1938,,0,57.1,Khaya ivorensis,1.35939,103.23606,0.5,,,Indonesia,Tropical,Tropical moist broadleaf forests,Asia,Indonesia site 24
IND-0402,IND-0402-T02,1942,1938,0,57.1,Khaya ivorensis,1.35939,103.23606,0.5,,,Indonesia,Tropical,Tropical moist broadleaf forests,Asia,Indonesia site 24
IND-0402,IND-0402-T03,1938,,1,12.8,Quercus robur,1.35939,103.23606,0.5,,,Indonesia,Tropical,Tropical moist broadleaf forests,Asia,Indonesia site 24
IND-0402,IND-0402-T03,1942,1938,0,12.4,Quercus robur,1.35939,103.23606,0.5,,,Indonesia,Tropical,Tropical moist broadleaf forests,Asia,Indonesia site 24
IND-0402,IND-0402-T04,1938,,0,39.8,Quercus ilex,1.35939,103.23606,0.5,,,Indonesia,Tropical,Tropical moist broadleaf forests,Asia,Indonesia site 24
IND-0402,IND-0402-T04,1942,1938,1,39.2,Quercus ilex,1.35939,103.23606,0.5,,,Indonesia,Tropical,Tropical moist broadleaf forests,Asia,Indonesia site 24
IND-0402,IND-0402-T05,1938,,0,54.1,Dipterocarpus grandiflorus,1.35939,103.23606,0.5,,,Indonesia,Tropical,Tropical moist broadleaf forests,Asia,Indonesia site 24
IND-0402,IND-0402-T05,1942,1938,0,54.7,Dipterocarpus grandiflorus,1.35939,103.23606,0.5,,,Indonesia,Tropical,Tropical moist broadleaf forests,Asia,Indonesia site 24
IND-0402,IND-0402-T06,1938,,0,26.1,Populus tremula,1.35939,103.23606,0.5,,,Indonesia,Tropical,Tropical moist broadleaf forests,Asia,Indonesia site 24
IND-0402,IND-0402-T06,1942,1938,0,26.7,Populus tremula,1.35939,103.23606,0.5,,,Indonesia,Tropical,Tropical moist broadleaf forests,Asia,Indonesia site 24
IND-0402,IND-0402-T07,1938,,1,41.7,Acer saccharum,1.35939,103.23606,0.5,,,Indonesia,Tropical,Tropical moist broadleaf forests,Asia,Indonesia site 24
IND-0402,IND-0402-T07,1942,1938,0,40.5,Acer saccharum,1.35939,103.23606,0.5,,,Indonesia,Tropical,Tropical moist broadleaf forests,Asia,Indonesia site 24
IND-0402,IND-0402-T08,1938,,0,42.2,Populus tremula,1.35939,103.23606,0.5,,,Indonesia,Tropical,Tropical moist broadleaf forests,Asia,Indonesia site 24
IND-0402,IND-0402-T08,1942,1938,0,43.2,Populus tremula,1.35939,103.23606,0.5,,,Indonesia,Tropical,Tropical moist broadleaf forests,Asia,Indonesia site 24
IND-0402,IND-0402-T09,1938,,1,57.5,Nothofagus pumilio,1.35939,103.23606,0.5,,,Indonesia,Tropical,Tropical moist broadleaf forests,Asia,Indonesia site 24
IND-0402,IND-0402-T09,1942,1938,0,56.2,Nothofagus pumilio,1.35939,103.23606,0.5,,,Indonesia,Tropical,Tropical moist broadleaf forests,Asia,Indonesia site 24
IND-0402,IND-0402-T10,1938,,0,42.3,Milicia excelsa,1.35939,103.23606,0.5,,,Indonesia,Tropical,Tropical moist broadleaf forests,Asia,Indonesia site 24
IND-0402,IND-0402-T10,1942,1938,0,43.1,Milicia excelsa,1.35939,103.23606,0.5,,,Indonesia,Tropical,Tropical moist broadleaf forests,Asia,Indonesia site 24
MAL-0403,MAL-0403-T01,1947,,0,56.3,Rhizophora mangle,4.763,109.55657,0.25,37.4,3.466,Malaysia,Mangrove,Tropical moist broadleaf forests,Asia,Malaysia site 1
MAL-0403,MAL-0403-T02,1947,,0,57.2,Ocotea aciphylla,4.763,109.55657,0.25,14.6,4.471,Malaysia,Mangrove,Tropical moist broadleaf forests,Asia,Malaysia site 1
MAL-0403,MAL-0403-T03,1947,,0,10.0,Pinus sylvestris,4.763,109.55657,0.25,18.5,2.477,Malaysia,Mangrove,Tropical moist broadleaf forests,Asia,Malaysia site 1
MAL-0403,MAL-0403-T04,1947,,0,8.5,Populus tremula,4.763,109.55657,0.25,26.4,2.247,Malaysia,Mangrove,Tropical moist broadleaf forests,Asia,Malaysia site 1
MAL-0403,MAL-0403-T05,1947,,0,41.4,Rhizophora mangle,4.763,109.55657,0.25,16.7,0.645,Malaysia,Mangrove,Tropical moist broadleaf forests,Asia,Malaysia site 1
MAL-0403,MAL-0403-T06,1947,,0,48.3,Picea abies,4.763,109.55657,0.25,12.2,1.911,Malaysia,Mangrove,Tropical moist broadleaf forests,Asia,Malaysia site 1
MAL-0403,MAL-0403-T07,1947,,0,47.6,Cecropia obtusa,4.763,109.55657,0.25,18.7,0.149,Malaysia,Mangrove,Tropical moist broadleaf forests,Asia,Malaysia site 1
MAL-0404,MAL-0404-T01,1949,,0,31.1,Avicennia germinans,5.64002,106.55183,0.04,28.7,0.46,Malaysia,Tropical,Tropical moist broadleaf forests,Asia,Malaysia site 2
MAL-0404,MAL-0404-T02,1949,,0,55.0,Inga edulis,5.64002,106.55183,0.04,11.8,2.398,Malaysia,Tropical,Tropical moist broadleaf forests,Asia,Malaysia site 2
MAL-0404,MAL-0404-T03,1949,,0,30.1,Tsuga canadensis,5.64002,106.55183,0.04,15.1,2.46,Malaysia,Tropical,Tropical moist broadleaf forests,Asia,Malaysia site 2
MAL-0404,MAL-0404-T04,1949,,0,27.3,Milicia excelsa,5.64002,106.55183,0.04,10.6,2.953,Malaysia,Tropical,Tropical moist broadleaf forests,Asia,Malaysia site 2
MAL-0404,MAL-0404-T05,1949,,0,16.7,Khaya ivorensis,5.64002,106.55183,0.04,35.7,0.79,Malaysia,Tropical,Tropical moist broadleaf forests,Asia,Malaysia site 2
MAL-0404,MAL-0404-T06,1949,,0,31.3,Cecropia obtusa,5.64002,106.55183,0.04,21.3,3.742,Malaysia,Tropical,Tropical moist broadleaf forests,Asia,Malaysia site 2
MAL-0404,MAL-0404-T07,1949,,0,45.8,Juniperus thurifera,5.64002,106.55183,0.04,13.8,2.903,Malaysia,Tropical,Tropical moist broadleaf forests,Asia,Malaysia site 2
MAL-0404,MAL-0404-T08,1949,,0,61.4,Inga edulis,5.64002,106.55183,0.04,17.7,0.859,Malaysia,Tropical,Tropical moist broadleaf forests,Asia,Malaysia site 2
MAL-0405,MAL-0405-T01,1976,,1,60.2,Nothofagus pumilio,2.45423,108.61288,1.0,,,Malaysia,Tropical,Tropical moist broadleaf forests,Asia,Malaysia site 3
MAL-0405,MAL-0405-T01,1986,1976,0,60.5,Nothofagus pumilio,2.45423,108.61288,1.0,,,Malaysia,Tropical,Tropical moist broadleaf forests,Asia,Malaysia site 3
MAL-0405,MAL-0405-T02,1976,,0,36.9,Juniperus thurifera,2.45423,108.61288,1.0,,,Malaysia,Tropical,Tropical moist broadleaf forests,Asia,Malaysia site 3
MAL-0405,MAL-0405-T02,1986,1976,0,37.0,Juniperus thurifera,2.45423,108.61288,1.0,,,Malaysia,Tropical,Tropical moist broadleaf forests,Asia,Malaysia site 3
MAL-0405,MAL-0405-T03,1976,,0,25.4,Cecropia obtusa,2.45423,108.61288,1.0,,,Malaysia,Tropical,Tropical moist broadleaf forests,Asia,Malaysia site 3
MAL-0405,MAL-0405-T03,1986,1976,0,24.9,Cecropia obtusa,2.45423,108.61288,1.0,,,Malaysia,Tropical,Tropical moist broadleaf forests,Asia,Malaysia site 3
MAL-0405,MAL-0405-T04,1976,,0,57.3,Tsuga canadensis,2.45423,108.61288,1.0,,,Malaysia,Tropical,Tropical moist broadleaf forests,Asia,Malaysia site 3
MAL-0405,MAL-0405-T04,1986,1976,1,56.0,Tsuga canadensis,2.45423,108.61288,1.0,,,Malaysia,Tropical,Tropical moist broadleaf forests,Asia,Malaysia site 3
MAL-0405,MAL-0405-T05,1976,,0,57.6,Pinus sylvestris,2.45423,108.61288,1.0,,,Malaysia,Tropical,Tropical moist broadleaf forests,Asia,Malaysia site 3
MAL-0405,MAL-0405-T05,1986,1976,0,58.2,Pinus sylvestris,2.45423,108.61288,1.0,,,Malaysia,Tropical,Tropical moist broadleaf forests,Asia,Malaysia site 3
MAL-0405,MAL-0405-T06,1976,,0,25.8,Inga edulis,2.45423,108.61288,1.0,,,Malaysia,Tropical,Tropical moist broadleaf forests,Asia,Malaysia site 3
MAL-0405,MAL-0405-T06,1986,1976,0,25.5,Inga edulis,2.45423,108.61288,1.0,,,Malaysia,Tropical,Tropical moist broadleaf forests,Asia,Malaysia site 3
MAL-0405,MAL-0405-T07,1976,,0,59.7,Juniperus thurifera,2.45423,108.61288,1.0,,,Malaysia,Tropical,Tropical moist broadleaf forests,Asia,Malaysia site 3
MAL-0405,MAL-0405-T07,1986,1976,0,58.7,Juniperus thurifera,2.45423,108.61288,1.0,,,Malaysia,Tropical,Tropical moist broadleaf forests,Asia,Malaysia site 3
MAL-0405,MAL-0405-T08,1976,,0,31.8,Nothofagus pumilio,2.45423,108.61288,1.0,,,Malaysia,Tropical,Tropical moist broadleaf forests,Asia,Malaysia site 3
MAL-0405,MAL-0405-T08,1986,1976,0,30.9,Nothofagus pumilio,2.45423,108.61288,1.0,,,Malaysia,Tropical,Tropical moist broadleaf forests,Asia,Malaysia site 3
MAL-0405,MAL-0405-T09,1976,,0,55.1,Fagus sylvatica,2.45423,108.61288,1.0,,,Malaysia,Tropical,Tropical moist broadleaf forests,Asia,Malaysia site 3
MAL-0405,MAL-0405-T09,1986,1976,0,56.0,Fagus sylvatica,2.45423,108.61288,1.0,,,Malaysia,Tropical,Tropical moist broadleaf forests,Asia,Malaysia site 3
MAL-0406,MAL-0406-T01,1982,,0,46.0,Quercus ilex,4.0058,114.93208,0.5,13.4,,Malaysia,Mangrove,Tropical moist broadleaf forests,Asia,Malaysia site 4
MAL-0406,MAL-0406-T02,1982,,0,53.1,Nothofagus pumilio,4.0058,114.93208,0.5,22.7,,Malaysia,Mangrove,Tropical moist broadleaf forests,Asia,Malaysia site 4
MAL-0406,MAL-0406-T03,1982,,0,41.8,Fagus sylvatica,4.0058,114.93208,0.5,27.3,,Malaysia,Mangrove,Tropical moist broadleaf forests,Asia,Malaysia site 4
MAL-0406,MAL-0406-T04,1982,,0,18.6,Juniperus thurifera,4.0058,114.93208,0.5,11.7,,Malaysia,Mangrove,Tropical moist broadleaf forests,Asia,Malaysia site 4
MAL-0406,MAL-0406-T05,1982,,0,26.4,Betula pendula,4.0058,114.93208,0.5,8.4,,Malaysia,Mangrove,Tropical moist broadleaf forests,Asia,Malaysia site 4
MAL-0406,MAL-0406-T06,1982,,0,53.1,Inga edulis,4.0058,114.93208,0.5,9.1,,Malaysia,Mangrove,Tropical moist broadleaf forests,Asia,Malaysia site 4
MAL-0406,MAL-0406-T07,1982,,0,48.7,Juniperus thurifera,4.0058,114.93208,0.5,8.7,,Malaysia,Mangrove,Tropical moist broadleaf forests,Asia,Malaysia site 4
MAL-0407,MAL-0407-T01,1943,,0,16.1,Ocotea aciphylla,2.71525,117.24862,0.04,13.4,1.037,Malaysia,Tropical,Tropical moist broadleaf forests,Asia,Malaysia site 5
MAL-0407,MAL-0407-T02,1943,,0,19.4,Quercus ilex,2.71525,117.24862,0.04,11.6,2.532,Malaysia,Tropical,Tropical moist broadleaf forests,Asia,Malaysia site 5
MAL-0407,MAL-0407-T03,1943,,1,8.7,Fagus sylvatica,2.71525,117.24862,0.04,36.6,2.882,Malaysia,Tropical,Tropical moist broadleaf forests,Asia,Malaysia site 5
MAL-0407,MAL-0407-T04,1943,,0,51.9,Betula pendula,2.71525,117.24862,0.04,31.6,4.073,Malaysia,Tropical,Tropical moist broadleaf forests,Asia,Malaysia site 5
MAL-0407,MAL-0407-T05,1943,,0,15.5,Cecropia obtusa,2.71525,117.24862,0.04,29.1,2.592,Malaysia,Tropical,Tropical moist broadleaf forests,Asia,Malaysia site 5
MAL-0407,MAL-0407-T06,1943,,1,59.0,Avicennia germinans,2.71525,117.24862,0.04,30.0,1.311,Malaysia,Tropical,Tropical moist broadleaf forests,Asia,Malaysia site 5
MAL-0407,MAL-0407-T07,1943,,0,34.7,Eperua falcata,2.71525,117.24862,0.04,31.5,0.432,Malaysia,Tropical,Tropical moist broadleaf forests,Asia,Malaysia site 5
MAL-0407,MAL-0407-T08,1943,,0,24.5,Shorea leprosula,2.71525,117.24862,0.04,36.4,4.325,Malaysia,Tropical,Tropical moist broadleaf forests,Asia,Malaysia site 5
MAL-0407,MAL-0407-T09,1943,,0,44.6,Cecropia obtusa,2.71525,117.24862,0.04,35.2,1.166,Malaysia,Tropical,Tropical moist broadleaf forests,Asia,Malaysia site 5
MAL-0408,MAL-0408-T01,1999,,0,27.5,Tsuga canadensis,3.77544,111.60432,0.25,17.1,4.23,Malaysia,Tropical,Tropical moist broadleaf forests,Asia,Malaysia site 6
MAL-0408,MAL-0408-T01,2004,1999,0,27.0,Tsuga canadensis,3.77544,111.60432,0.25,17.1,4.23,Malaysia,Tropical,Tropical moist broadleaf forests,Asia,Malaysia site 6
MAL-0408,MAL-0408-T02,1999,,0,56.4,Cecropia obtusa,3.77544,111.60432,0.25,37.3,2.989,Malaysia,Tropical,Tropical moist broadleaf forests,Asia,Malaysia site 6
MAL-0408,MAL-0408-T02,2004,1999,0,55.6,Cecropia obtusa,3.77544,111.60432,0.25,37.3,2.989,Malaysia,Tropical,Tropical moist broadleaf forests,Asia,Malaysia site 6
MAL-0408,MAL-0408-T03,1999,,0,35.4,Shorea leprosula,3.77544,111.60432,0.25,31.6,2.536,Malaysia,Tropical,Tropical moist broadleaf forests,Asia,Malaysia site 6
MAL-0408,MAL-0408-T03,2004,1999,0,35.6,Shorea leprosula,3.77544,111.60432,0.25,31.6,2.536,Malaysia,Tropical,Tropical moist broadleaf forests,Asia,Malaysia site 6
MAL-0408,MAL-0408-T04,1999,,0,42.0,Cecropia obtusa,3.77544,111.60432,0.25,33.6,3.748,Malaysia,Tropical,Tropical moist broadleaf forests,Asia,Malaysia site 6
MAL-0408,MAL-0408-T04,2004,1999,0,41.5,Cecropia obtusa,3.77544,111.60432,0.25,33.6,3.748,Malaysia,Tropical,Tropical moist broadleaf forests,Asia,Malaysia site 6
MAL-0408,MAL-0408-T05,1999,,0,16.3,Populus tremula,3.77544,111.60432,0.25,33.8,3.655,Malaysia,Tropical,Tropical moist broadleaf forests,Asia,Malaysia site 6
MAL-0408,MAL-0408-T05,2004,1999,0,15.4,Populus tremula,3.77544,111.60432,0.25,33.8,3.655,Malaysia,Tropical,Tropical moist broadleaf forests,Asia,Malaysia site 6
MAL-0408,MAL-0408-T06,1999,,0,23.7,Quercus ilex,3.77544,111.60432,0.25,12.8,3.98,Malaysia,Tropical,Tropical moist broadleaf forests,Asia,Malaysia site 6
MAL-0408,MAL-0408-T06,2004,1999,0,23.1,Quercus ilex,3.77544,111.60432,0.25,12.8,3.98,Malaysia,Tropical,Tropical moist broadleaf forests,Asia,Malaysia site 6
MAL-0408,MAL-0408-T07,1999,,0,21.6,Khaya ivorensis,3.77544,111.60432,0.25,15.3,4.39,Malaysia,Tropical,Tropical moist broadleaf forests,Asia,Malaysia site 6
MAL-0408,MAL-0408-T07,2004,1999,0,21.0,Khaya ivorensis,3.77544,111.60432,0.25,15.3,4.39,Malaysia,Tropical,Tropical moist broadleaf forests,Asia,Malaysia site 6
MAL-0408,MAL-0408-T08,1999,,0,9.3,Ocotea aciphylla,3.77544,111.60432,0.25,29.7,1.389,Malaysia,Tropical,Tropical moist broadleaf forests,Asia,Malaysia site 6
MAL-0408,MAL-0408-T08,2004,1999,0,9.7,Ocotea aciphylla,3.77544,111.60432,0.25,29.7,1.389,Malaysia,Tropical,Tropical moist broadleaf forests,Asia,Malaysia site 6
MAL-0408,MAL-0408-T09,1999,,1,22.5,Nothofagus pumilio,3.77544,111.60432,0.25,21.9,3.303,Malaysia,Tropical,Tropical moist broadleaf forests,Asia,Malaysia site 6
MAL-0408,MAL-0408-T09,2004,1999,0,22.1,Nothofagus pumilio,3.77544,111.60432,0.25,21.9,3.303,Malaysia,Tropical,Tropical moist broadleaf forests,Asia,Malaysia site 6
MAL-0409,MAL-0409-T01,2017,,0,49.0,Quercus ilex,4.26901,116.16907,0.25,25.0,3.142,Malaysia,Mangrove,Tropical moist broadleaf forests,Asia,Malaysia site 7
MAL-0409,MAL-0409-T02,2017,,0,57.0,Avicennia germinans,4.26901,116.16907,0.25,33.3,2.665,Malaysia,Mangrove,Tropical moist broadleaf forests,Asia,Malaysia site 7
MAL-0409,MAL-0409-T03,2017,,0,44.0,Ocotea aciphylla,4.26901,116.16907,0.25,37.1,0.041,Malaysia,Mangrove,Tropical moist broadleaf forests,Asia,Malaysia site 7
MAL-0409,MAL-0409-T04,2017,,0,11.4,Quercus robur,4.26901,116.16907,0.25,12.1,2.525,Malaysia,Mangrove,Tropical moist broadleaf forests,Asia,Malaysia site 7
MAL-0409,MAL-0409-T05,2017,,1,10.1,Ocotea aciphylla,4.26901,116.16907,0.25,12.0,3.143,Malaysia,Mangrove,Tropical moist broadleaf forests,Asia,Malaysia site 7
MAL-0409,MAL-0409-T06,2017,,0,9.3,Eperua falcata,4.26901,116.16907,0.25,13.5,2.539,Malaysia,Mangrove,Tropical moist broadleaf forests,Asia,Malaysia site 7
MAL-0409,MAL-0409-T07,2017,,0,20.3,Eperua falcata,4.26901,116.16907,0.25,9.9,4.092,Malaysia,Mangrove,Tropical moist broadleaf forests,Asia,Malaysia site 7
MAL-0409,MAL-0409-T08,2017,,0,45.1,Milicia excelsa,4.26901,116.16907,0.25,28.5,3.713,Malaysia,Mangrove,Tropical moist broadleaf forests,Asia,Malaysia site 7
MAL-0409,MAL-0409-T09,2017,,0,54.4,Quercus ilex,4.26901,116.16907,0.25,30.8,0.863,Malaysia,Mangrove,Tropical moist broadleaf forests,Asia,Malaysia site 7
MAL-0409,MAL-0409-T10,2017,,1,14.0,Picea abies,4.26901,116.16907,0.25,15.2,1.6,Malaysia,Mangrove,Tropical moist broadleaf forests,Asia,Malaysia site 7
MAL-0409,MAL-0409-T11,2017,,0,29.7,Acer saccharum,4.26901,116.16907,0.25,13.5,2.084,Malaysia,Mangrove,Tropical moist broadleaf forests,Asia,Malaysia site 7
MAL-0410,MAL-0410-T01,1961,,0,53.4,Cecropia obtusa,2.64316,109.6357,0.1,,,Malaysia,Tropical,Tropical moist broadleaf forests,Asia,Malaysia site 8
MAL-0410,MAL-0410-T02,1961,,0,51.5,Acer saccharum,2.64316,109.6357,0.1,,,Malaysia,Tropical,Tropical moist broadleaf forests,Asia,Malaysia site 8
MAL-0410,MAL-0410-T03,1961,,0,36.3,Fagus sylvatica,2.64316,109.6357,0.1,,,Malaysia,Tropical,Tropical moist broadleaf forests,Asia,Malaysia site 8
MAL-0410,MAL-0410-T04,1961,,0,18.4,Eucalyptus camaldulensis,2.64316,109.6357,0.1,,,Malaysia,Tropical,Tropical moist broadleaf forests,Asia,Malaysia site 8
MAL-0410,MAL-0410-T05,1961,,0,26.8,Ocotea aciphylla,2.64316,109.6357,0.1,,,Malaysia,Tropical,Tropical moist broadleaf forests,Asia,Malaysia site 8
MAL-0410,MAL-0410-T06,1961,,0,22.0,Pinus sylvestris,2.64316,109.6357,0.1,,,Malaysia,Tropical,Tropical moist broadleaf forests,Asia,Malaysia site 8
MAL-0410,MAL-0410-T07,1961,,0,51.1,Fagus sylvatica,2.64316,109.6357,0.1,,,Malaysia,Tropical,Tropical moist broadleaf forests,Asia,Malaysia site 8
MAL-0410,MAL-0410-T08,1961,,0,12.4,Khaya ivorensis,2.64316,109.6357,0.1,,,Malaysia,Tropical,Tropical moist broadleaf forests,Asia,Malaysia site 8
MAL-0410,MAL-0410-T09,1961,,0,12.2,Picea abies,2.64316,109.6357,0.1,,,Malaysia,Tropical,Tropical moist broadleaf forests,Asia,Malaysia site 8
MAL-0411,MAL-0411-T01,1951,,0,52.8,Ocotea aciphylla,3.47869,103.6928,0.04,17.4,,Malaysia,Tropical,Tropical moist broadleaf forests,Asia,Malaysia site 9
MAL-0411,MAL-0411-T02,1951,,0,45.7,Rhizophora mangle,3.47869,103.6928,0.04,35.7,,Malaysia,Tropical,Tropical moist broadleaf forests,Asia,Malaysia site 9
MAL-0411,MAL-0411-T03,1951,,0,18.1,Avicennia germinans,3.47869,103.6928,0.04,33.4,,Malaysia,Tropical,Tropical moist broadleaf forests,Asia,Malaysia site 9
MAL-0411,MAL-0411-T04,1951,,0,21.4,Tsuga canadensis,3.47869,103.6928,0.04,15.5,,Malaysia,Tropical,Tropical moist broadleaf forests,Asia,Malaysia site 9
MAL-0411,MAL-0411-T05,1951,,0,53.7,Betula pendula,3.47869,103.6928,0.04,28.0,,Malaysia,Tropical,Tropical moist broadleaf forests,Asia,Malaysia site 9
MAL-0411,MAL-0411-T06,1951,,0,60.0,Ocotea aciphylla,3.47869,103.6928,0.04,29.6,,Malaysia,Tropical,Tropical moist broadleaf forests,Asia,Malaysia site 9
MAL-0411,MAL-0411-T07,1951,,0,49.1,Acer saccharum,3.47869,103.6928,0.04,15.7,,Malaysia,Tropical,Tropical moist broadleaf forests,Asia,Malaysia site 9
MAL-0412,MAL-0412-T01,2012,,0,9.6,Cecropia obtusa,5.79116,116.7006,0.1,15.7,,Malaysia,Mangrove,Tropical moist broadleaf forests,Asia,Malaysia site 10
MAL-0412,MAL-0412-T02,2012,,0,31.9,Khaya ivorensis,5.79116,116.7006,0.1,12.8,,Malaysia,Mangrove,Tropical moist broadleaf forests,Asia,Malaysia site 10
MAL-0412,MAL-0412-T03,2012,,0,30.9,Fagus sylvatica,5.79116,116.7006,0.1,15.0,,Malaysia,Mangrove,Tropical moist broadleaf forests,Asia,Malaysia site 10
MAL-0412,MAL-0412-T04,2012,,0,21.0,Cecropia obtusa,5.79116,116.7006,0.1,31.7,,Malaysia,Mangrove,Tropical moist broadleaf forests,Asia,Malaysia site 10
MAL-0412,MAL-0412-T05,2012,,0,40.3,Quercus ilex,5.79116,116.7006,0.1,36.5,,Malaysia,Mangrove,Tropical moist broadleaf forests,Asia,Malaysia site 10
MAL-0412,MAL-0412-T06,2012,,1,58.8,Avicennia germinans,5.79116,116.7006,0.1,17.3,,Malaysia,Mangrove,Tropical moist broadleaf forests,Asia,Malaysia site 10
MAL-0412,MAL-0412-T07,2012,,0,46.9,Eperua falcata,5.79116,116.7006,0.1,32.6,,Malaysia,Mangrove,Tropical moist broadleaf forests,Asia,Malaysia site 10
MAL-0412,MAL-0412-T08,2012,,0,57.4,Betula pendula,5.79116,116.7006,0.1,29.1,,Malaysia,Mangrove,Tropical moist broadleaf forests,Asia,Malaysia site 10
MAL-0412,MAL-0412-T09,2012,,0,44.5,Populus tremula,5.79116,116.7006,0.1,11.0,,Malaysia,Mangrove,Tropical moist broadleaf forests,Asia,Malaysia site 10
MAL-0412,MAL-0412-T10,2012,,0,23.1,Tsuga canadensis,5.79116,116.7006,0.1,14.9,,Malaysia,Mangrove,Tropical moist broadleaf forests,Asia,Malaysia site 10
MAL-0412,MAL-0412-T11,2012,,0,36.7,Nothofagus pumilio,5.79116,116.7006,0.1,9.2,,Malaysia,Mangrove,Tropical moist broadleaf forests,Asia,Malaysia site 10
MAL-0413,MAL-0413-T01,1974,,1,43.5,Pinus sylvestris,4.91418,116.60126,0.25,27.5,,Malaysia,Mangrove,Tropical moist broadleaf forests,Asia,Malaysia site 11
MAL-0413,MAL-0413-T02,1974,,0,40.8,Ocotea aciphylla,4.91418,116.60126,0.25,15.3,,Malaysia,Mangrove,Tropical moist broadleaf forests,Asia,Malaysia site 11
MAL-0413,MAL-0413-T03,1974,,0,54.4,Fagus sylvatica,4.91418,116.60126,0.25,12.3,,Malaysia,Mangrove,Tropical moist broadleaf forests,Asia,Malaysia site 11
MAL-0413,MAL-0413-T04,1974,,0,13.8,Populus tremula,4.91418,116.60126,0.25,15.7,,Malaysia,Mangrove,Tropical moist broadleaf forests,Asia,Malaysia site 11
MAL-0413,MAL-0413-T05,1974,,0,31.8,Ocotea aciphylla,4.91418,116.60126,0.25,22.0,,Malaysia,Mangrove,Tropical moist broadleaf forests,Asia,Malaysia site 11
MAL-0413,MAL-0413-T06,1974,,0,14.0,Pinus sylvestris,4.91418,116.60126,0.25,17.9,,Malaysia,Mangrove,Tropical moist broadleaf forests,Asia,Malaysia site 11
MAL-0413,MAL-0413-T07,1974,,0,42.0,Dipterocarpus grandiflorus,4.91418,116.60126,0.25,13.8,,Malaysia,Mangrove,Tropical moist broadleaf forests,Asia,Malaysia site 11
MAL-0413,MAL-0413-T08,1974,,0,42.9,Tsuga canadensis,4.91418,116.60126,0.25,15.5,,Malaysia,Mangrove,Tropical moist broadleaf forests,Asia,Malaysia site 11
MAL-0413,MAL-0413-T09,1974,,0,20.2,Ocotea aciphylla,4.91418,116.60126,0.25,31.9,,Malaysia,Mangrove,Tropical moist broadleaf forests,Asia,Malaysia site 11
MAL-0413,MAL-0413-T10,1974,,0,43.3,Milicia excelsa,4.91418,116.60126,0.25,12.7,,Malaysia,Mangrove,Tropical moist broadleaf forests,Asia,Malaysia site 11
MAL-0413,MAL-0413-T11,1974,,0,34.1,Avicennia germinans,4.91418,116.60126,0.25,28.3,,Malaysia,Mangrove,Tropical moist broadleaf forests,Asia,Malaysia site 11
MAL-0414,MAL-0414-T01,2002,,0,44.9,Betula pendula,3.30547,110.94672,0.1,11.4,3.036,Malaysia,Mangrove,Tropical moist broadleaf forests,Asia,Malaysia site 12
MAL-0414,MAL-0414-T01,2007,2002,0,46.0,Betula pendula,3.30547,110.94672,0.1,11.4,3.036,Malaysia,Mangrove,Tropical moist broadleaf forests,Asia,Malaysia site 12
MAL-0414,MAL-0414-T02,2002,,0,57.1,Pinus sylvestris,3.30547,110.94672,0.1,14.4,0.745,Malaysia,Mangrove,Tropical moist broadleaf forests,Asia,Malaysia site 12
MAL-0414,MAL-0414-T02,2007,2002,0,57.3,Pinus sylvestris,3.30547,110.94672,0.1,14.4,0.745,Malaysia,Mangrove,Tropical moist broadleaf forests,Asia,Malaysia site 12
MAL-0414,MAL-0414-T03,2002,,0,47.5,Fagus sylvatica,3.30547,110.94672,0.1,22.7,3.694,Malaysia,Mangrove,Tropical moist broadleaf forests,Asia,Malaysia site 12
MAL-0414,MAL-0414-T03,2007,2002,0,48.0,Fagus sylvatica,3.30547,110.94672,0.1,22.7,3.694,Malaysia,Mangrove,Tropical moist broadleaf forests,Asia,Malaysia site 12
MAL-0414,MAL-0414-T04,2002,,0,50.5,Pinus sylvestris,3.30547,110.94672,0.1,21.3,3.064,Malaysia,Mangrove,Tropical moist broadleaf forests,Asia,Malaysia site 12
MAL-0414,MAL-0414-T04,2007,2002,0,50.8,Pinus sylvestris,3.30547,110.94672,0.1,21.3,3.064,Malaysia,Mangrove,Tropical moist broadleaf forests,Asia,Malaysia site 12
MAL-0414,MAL-0414-T05,2002,,0,35.7,Juniperus thurifera,3.30547,110.94672,0.1,21.5,0.024,Malaysia,Mangrove,Tropical moist broadleaf forests,Asia,Malaysia site 12
MAL-0414,MAL-0414-T05,2007,2002,0,35.9,Juniperus thurifera,3.30547,110.94672,0.1,21.5,0.024,Malaysia,Mangrove,Tropical moist broadleaf forests,Asia,Malaysia site 12
MAL-0415,MAL-0415-T01,1986,,0,28.2,Pinus sylvestris,4.04622,101.00886,0.25,13.9,,Malaysia,Tropical,Tropical moist broadleaf forests,Asia,Malaysia site 13
MAL-0415,MAL-0415-T02,1986,,0,10.8,Eperua falcata,4.04622,101.00886,0.25,32.3,,Malaysia,Tropical,Tropical moist broadleaf forests,Asia,Malaysia site 13
MAL-0415,MAL-0415-T03,1986,,0,49.9,Betula pendula,4.04622,101.00886,0.25,19.3,,Malaysia,Tropical,Tropical moist broadleaf forests,Asia,Malaysia site 13
MAL-0415,MAL-0415-T04,1986,,1,38.3,Populus tremula,4.04622,101.00886,0.25,24.6,,Malaysia,Tropical,Tropical moist broadleaf forests,Asia,Malaysia site 13
MAL-0415,MAL-0415-T05,1986,,0,48.2,Tsuga canadensis,4.04622,101.00886,0.25,17.3,,Malaysia,Tropical,Tropical moist broadleaf forests,Asia,Malaysia site 13
MAL-0415,MAL-0415-T06,1986,,0,17.2,Fagus sylvatica,4.04622,101.00886,0.25,17.5,,Malaysia,Tropical,Tropical moist broadleaf forests,Asia,Malaysia site 13
MAL-0415,MAL-0415-T07,1986,,1,10.6,Inga edulis,4.04622,101.00886,0.25,27.5,,Malaysia,Tropical,Tropical moist broadleaf forests,Asia,Malaysia site 13
MAL-0415,MAL-0415-T08,1986,,0,40.6,Quercus robur,4.04622,101.00886,0.25,29.6,,Malaysia,Tropical,Tropical moist broadleaf forests,Asia,Malaysia site 13
MAL-0415,MAL-0415-T09,1986,,0,45.0,Cecropia obtusa,4.04622,101.00886,0.25,21.8,,Malaysia,Tropical,Tropical moist broadleaf forests,Asia,Malaysia site 13
MAL-0415,MAL-0415-T10,1986,,0,11.7,Khaya ivorensis,4.04622,101.00886,0.25,29.3,,Malaysia,Tropical,Tropical moist broadleaf forests,Asia,Malaysia site 13
MAL-0416,MAL-0416-T01,1940,,0,35.3,Nothofagus pumilio,5.55122,113.3475,0.5,,0.22,Malaysia,Mangrove,Tropical moist broadleaf forests,Asia,Malaysia site 14
MAL-0416,MAL-0416-T01,1945,1940,0,34.9,Nothofagus pumilio,5.55122,113.3475,0.5,,0.22,Malaysia,Mangrove,Tropical moist broadleaf forests,Asia,Malaysia site 14
MAL-0416,MAL-0416-T02,1940,,0,10.6,Pinus sylvestris,5.55122,113.3475,0.5,,3.382,Malaysia,Mangrove,Tropical moist broadleaf forests,Asia,Malaysia site 14
MAL-0416,MAL-0416-T02,1945,1940,0,10.7,Pinus sylvestris,5.55122,113.3475,0.5,,3.382,Malaysia,Mangrove,Tropical moist broadleaf forests,Asia,Malaysia site 14
MAL-0416,MAL-0416-T03,1940,,0,16.6,Dipterocarpus grandiflorus,5.55122,113.3475,0.5,,0.033,Malaysia,Mangrove,Tropical moist broadleaf forests,Asia,Malaysia site 14
MAL-0416,MAL-0416-T03,1945,1940,0,15.7,Dipterocarpus grandiflorus,5.55122,113.3475,0.5,,0.033,Malaysia,Mangrove,Tropical moist broadleaf forests,Asia,Malaysia site 14
MAL-0416,MAL-0416-T04,1940,,0,9.7,Acer saccharum,5.55122,113.3475,0.5,,2.485,Malaysia,Mangrove,Tropical moist broadleaf forests,Asia,Malaysia site 14
MAL-0416,MAL-0416-T04,1945,1940,0,9.7,Acer saccharum,5.55122,113.3475,0.5,,2.485,Malaysia,Mangrove,Tropical moist broadleaf forests,Asia,Malaysia site 14
MAL-0416,MAL-0416-T05,1940,,0,14.6,Eucalyptus camaldulensis,5.55122,113.3475,0.5,,3.513,Malaysia,Mangrove,Tropical moist broadleaf forests,Asia,Malaysia site 14
MAL-0416,MAL-0416-T05,1945,1940,0,13.8,Eucalyptus camaldulensis,5.55122,113.3475,0.5,,3.513,Malaysia,Mangrove,Tropical moist broadleaf forests,Asia,Malaysia site 14
MAL-0416,MAL-0416-T06,1940,,0,44.0,Milicia excelsa,5.55122,113.3475,0.5,,0.405,Malaysia,Mangrove,Tropical moist broadleaf forests,Asia,Malaysia site 14
MAL-0416,MAL-0416-T06,1945,1940,0,43.5,Milicia excelsa,5.55122,113.3475,0.5,,0.405,Malaysia,Mangrove,Tropical moist broadleaf forests,Asia,Malaysia site 14
MAL-0416,MAL-0416-T07,1940,,0,33.2,Quercus robur,5.55122,113.3475,0.5,,2.306,Malaysia,Mangrove,Tropical moist broadleaf forests,Asia,Malaysia site 14
MAL-0416,MAL-0416-T07,1945,1940,0,32.7,Quercus robur,5.55122,113.3475,0.5,,2.306,Malaysia,Mangrove,Tropical moist broadleaf forests,Asia,Malaysia site 14
MAL-0416,MAL-0416-T08,1940,,0,9.2,Fagus sylvatica,5.55122,113.3475,0.5,,0.6,Malaysia,Mangrove,Tropical moist broadleaf forests,Asia,Malaysia site 14
MAL-0416,MAL-0416-T08,1945,1940,0,9.2,Fagus sylvatica,5.55122,113.3475,0.5,,0.6,Malaysia,Mangrove,Tropical moist broadleaf forests,Asia,Malaysia site 14
MAL-0416,MAL-0416-T09,1940,,0,32.7,Quercus robur,5.55122,113.3475,0.5,,1.963,Malaysia,Mangrove,Tropical moist broadleaf forests,Asia,Malaysia site 14
MAL-0416,MAL-0416-T09,1945,1940,0,33.2,Quercus robur,5.55122,113.3475,0.5,,1.963,Malaysia,Mangrove,Tropical moist broadleaf forests,Asia,Malaysia site 14
MAL-0416,MAL-0416-T10,1940,,0,36.8,Milicia excelsa,5.55122,113.3475,0.5,,2.738,Malaysia,Mangrove,Tropical moist broadleaf forests,Asia,Malaysia site 14
MAL-0416,MAL-0416-T10,1945,1940,0,36.4,Milicia excelsa,5.55122,113.3475,0.5,,2.738,Malaysia,Mangrove,Tropical moist broadleaf forests,Asia,Malaysia site 14
MAL-0416,MAL-0416-T11,1940,,0,55.6,Picea abies,5.55122,113.3475,0.5,,2.637,Malaysia,Mangrove,Tropical moist broadleaf forests,Asia,Malaysia site 14
MAL-0416,MAL-0416-T11,1945,1940,0,56.1,Picea abies,5.55122,113.3475,0.5,,2.637,Malaysia,Mangrove,Tropical moist broadleaf forests,Asia,Malaysia site 14
MAL-0417,MAL-0417-T01,1984,,0,33.5,Quercus ilex,5.84038,113.61005,0.04,26.5,,Malaysia,Tropical,Tropical moist broadleaf forests,Asia,Malaysia site 15
MAL-0417,MAL-0417-T01,1989,1984,0,33.0,Quercus ilex,5.84038,113.61005,0.04,26.5,,Malaysia,Tropical,Tropical moist broadleaf forests,Asia,Malaysia site 15
MAL-0417,MAL-0417-T02,1984,,0,34.9,Cecropia obtusa,5.84038,113.61005,0.04,15.1,,Malaysia,Tropical,Tropical moist broadleaf forests,Asia,Malaysia site 15
MAL-0417,MAL-0417-T02,1989,1984,0,33.9,Cecropia obtusa,5.84038,113.61005,0.04,15.1,,Malaysia,Tropical,Tropical moist broadleaf forests,Asia,Malaysia site 15
MAL-0417,MAL-0417-T03,1984,,0,35.0,Eucalyptus camaldulensis,5.84038,113.61005,0.04,30.5,,Malaysia,Tropical,Tropical moist broadleaf forests,Asia,Malaysia site 15
MAL-0417,MAL-0417-T03,1989,1984,0,35.0,Eucalyptus camaldulensis,5.84038,113.61005,0.04,30.5,,Malaysia,Tropical,Tropical moist broadleaf forests,Asia,Malaysia site 15
MAL-0417,MAL-0417-T04,1984,,0,49.3,Inga edulis,5.84038,113.61005,0.04,19.5,,Malaysia,Tropical,Tropical moist broadleaf forests,Asia,Malaysia site 15
MAL-0417,MAL-0417-T04,1989,1984,0,49.7,Inga edulis,5.84038,113.61005,0.04,19.5,,Malaysia,Tropical,Tropical moist broadleaf forests,Asia,Malaysia site 15
MAL-0417,MAL-0417-T05,1984,,0,19.2,Avicennia germinans,5.84038,113.61005,0.04,11.0,,Malaysia,Tropical,Tropical moist broadleaf forests,Asia,Malaysia site 15
MAL-0417,MAL-0417-T05,1989,1984,0,18.4,Avicennia germinans,5.84038,113.61005,0.04,11.0,,Malaysia,Tropical,Tropical moist broadleaf forests,Asia,Malaysia site 15
MAL-0417,MAL-0417-T06,1984,,0,17.0,Fagus sylvatica,5.84038,113.61005,0.04,12.2,,Malaysia,Tropical,Tropical moist broadleaf forests,Asia,Malaysia site 15
MAL-0417,MAL-0417-T06,1989,1984,0,16.5,Fagus sylvatica,5.84038,113.61005,0.04,12.2,,Malaysia,Tropical,Tropical moist broadleaf forests,Asia,Malaysia site 15
MAL-0417,MAL-0417-T07,1984,,0,59.9,Inga edulis,5.84038,113.61005,0.04,17.1,,Malaysia,Tropical,Tropical moist broadleaf forests,Asia,Malaysia site 15
MAL-0417,MAL-0417-T07,1989,1984,0,58.7,Inga edulis,5.84038,113.61005,0.04,17.1,,Malaysia,Tropical,Tropical moist broadleaf forests,Asia,Malaysia site 15
MAL-0418,MAL-0418-T01,2005,,0,24.0,Quercus robur,5.30499,115.02253,0.25,28.4,,Malaysia,Tropical,Tropical moist broadleaf forests,Asia,Malaysia site 16
MAL-0418,MAL-0418-T01,2009,2005,0,24.4,Quercus robur,5.30499,115.02253,0.25,28.4,,Malaysia,Tropical,Tropical moist broadleaf forests,Asia,Malaysia site 16
MAL-0418,MAL-0418-T02,2005,,0,41.8,Acer saccharum,5.30499,115.02253,0.25,11.1,,Malaysia,Tropical,Tropical moist broadleaf forests,Asia,Malaysia site 16
MAL-0418,MAL-0418-T02,2009,2005,0,41.1,Acer saccharum,5.30499,115.02253,0.25,11.1,,Malaysia,Tropical,Tropical moist broadleaf forests,Asia,Malaysia site 16
MAL-0418,MAL-0418-T03,2005,,0,47.8,Nothofagus pumilio,5.30499,115.02253,0.25,14.2,,Malaysia,Tropical,Tropical moist broadleaf forests,Asia,Malaysia site 16
MAL-0418,MAL-0418-T03,2009,2005,0,47.3,Nothofagus pumilio,5.30499,115.02253,0.25,14.2,,Malaysia,Tropical,Tropical moist broadleaf forests,Asia,Malaysia site 16
MAL-0418,MAL-0418-T04,2005,,0,28.4,Eperua falcata,5.30499,115.02253,0.25,37.3,,Malaysia,Tropical,Tropical moist broadleaf forests,Asia,Malaysia site 16
MAL-0418,MAL-0418-T04,2009,2005,1,28.2,Eperua falcata,5.30499,115.02253,0.25,37.3,,Malaysia,Tropical,Tropical moist broadleaf forests,Asia,Malaysia site 16
MAL-0418,MAL-0418-T05,2005,,0,37.8,Inga edulis,5.30499,115.02253,0.25,31.4,,Malaysia,Tropical,Tropical moist broadleaf forests,Asia,Malaysia site 16
MAL-0418,MAL-0418-T05,2009,2005,0,38.5,Inga edulis,5.30499,115.02253,0.25,31.4,,Malaysia,Tropical,Tropical moist broadleaf forests,Asia,Malaysia site 16
MAL-0418,MAL-0418-T06,2005,,0,57.7,Quercus ilex,5.30499,115.02253,0.25,14.8,,Malaysia,Tropical,Tropical moist broadleaf forests,Asia,Malaysia site 16
MAL-0418,MAL-0418-T06,2009,2005,0,56.6,Quercus ilex,5.30499,115.02253,0.25,14.8,,Malaysia,Tropical,Tropical moist broadleaf forests,Asia,Malaysia site 16
MAL-0418,MAL-0418-T07,2005,,0,48.3,Acer saccharum,5.30499,115.02253,0.25,12.3,,Malaysia,Tropical,Tropical moist broadleaf forests,Asia,Malaysia site 16
MAL-0418,MAL-0418-T07,2009,2005,0,47.5,Acer saccharum,5.30499,115.02253,0.25,12.3,,Malaysia,Tropical,Tropical moist broadleaf forests,Asia,Malaysia site 16
MAL-0418,MAL-0418-T08,2005,,0,34.1,Acer saccharum,5.30499,115.02253,0.25,9.7,,Malaysia,Tropical,Tropical moist broadleaf forests,Asia,Malaysia site 16
MAL-0418,MAL-0418-T08,2009,2005,0,33.7,Acer saccharum,5.30499,115.02253,0.25,9.7,,Malaysia,Tropical,Tropical moist broadleaf forests,Asia,Malaysia site 16
MAL-0418,MAL-0418-T09,2005,,0,28.4,Fagus sylvatica,5.30499,115.02253,0.25,36.1,,Malaysia,Tropical,Tropical moist broadleaf forests,Asia,Malaysia site 16
MAL-0418,MAL-0418-T09,2009,2005,0,28.9,Fagus sylvatica,5.30499,115.02253,0.25,36.1,,Malaysia,Tropical,Tropical moist broadleaf forests,Asia,Malaysia site 16
MAL-0418,MAL-0418-T10,2005,,0,16.5,Eucalyptus camaldulensis,5.30499,115.02253,0.25,22.4,,Malaysia,Tropical,Tropical moist broadleaf forests,Asia,Malaysia site 16
MAL-0418,MAL-0418-T10,2009,2005,0,17.2,Eucalyptus camaldulensis,5.30499,115.02253,0.25,22.4,,Malaysia,Tropical,Tropical moist broadleaf forests,Asia,Malaysia site 16
AUS-0419,AUS-0419-T01,1970,,0,43.2,Inga edulis,-29.05804,123.56626,0.04,,,Australia,Mixed,Mediterranean forests,Oceania,Australia site 1
AUS-0419,AUS-0419-T02,1970,,0,26.1,Avicennia germinans,-29.05804,123.56626,0.04,,,Australia,Mixed,Mediterranean forests,Oceania,Australia site 1
AUS-0419,AUS-0419-T03,1970,,0,47.4,Quercus ilex,-29.05804,123.56626,0.04,,,Australia,Mixed,Mediterranean forests,Oceania,Australia site 1
AUS-0419,AUS-0419-T04,1970,,0,43.4,Eucalyptus camaldulensis,-29.05804,123.56626,0.04,,,Australia,Mixed,Mediterranean forests,Oceania,Australia site 1
AUS-0419,AUS-0419-T05,1970,,0,56.3,Avicennia germinans,-29.05804,123.56626,0.04,,,Australia,Mixed,Mediterranean forests,Oceania,Australia site 1
AUS-0419,AUS-0419-T06,1970,,1,41.7,Rhizophora mangle,-29.05804,123.56626,0.04,,,Australia,Mixed,Mediterranean forests,Oceania,Australia site 1
AUS-0419,AUS-0419-T07,1970,,0,58.2,Acer saccharum,-29.05804,123.56626,0.04,,,Australia,Mixed,Mediterranean forests,Oceania,Australia site 1
AUS-0419,AUS-0419-T08,1970,,0,14.7,Avicennia germinans,-29.05804,123.56626,0.04,,,Australia,Mixed,Mediterranean forests,Oceania,Australia site 1
AUS-0419,AUS-0419-T09,1970,,0,50.7,Cecropia obtusa,-29.05804,123.56626,0.04,,,Australia,Mixed,Mediterranean forests,Oceania,Australia site 1
AUS-0420,AUS-0420-T01,2020,,0,47.8,Eucalyptus camaldulensis,-27.36235,128.06208,1.0,24.6,2.415,Australia,Mixed,Mediterranean forests,Oceania,Australia site 2
AUS-0420,AUS-0420-T02,2020,,0,31.4,Quercus robur,-27.36235,128.06208,1.0,22.8,2.851,Australia,Mixed,Mediterranean forests,Oceania,Australia site 2
AUS-0420,AUS-0420-T03,2020,,0,29.9,Eperua falcata,-27.36235,128.06208,1.0,15.3,4.469,Australia,Mixed,Mediterranean forests,Oceania,Australia site 2
AUS-0420,AUS-0420-T04,2020,,0,17.1,Picea abies,-27.36235,128.06208,1.0,21.8,4.299,Australia,Mixed,Mediterranean forests,Oceania,Australia site 2
AUS-0420,AUS-0420-T05,2020,,0,52.2,Rhizophora mangle,-27.36235,128.06208,1.0,30.3,3.395,Australia,Mixed,Mediterranean forests,Oceania,Australia site 2
AUS-0420,AUS-0420-T06,2020,,0,24.5,Quercus ilex,-27.36235,128.06208,1.0,20.3,2.206,Australia,Mixed,Mediterranean forests,Oceania,Australia site 2
AUS-0420,AUS-0420-T07,2020,,0,12.8,Pinus sylvestris,-27.36235,128.06208,1.0,33.2,0.966,Australia,Mixed,Mediterranean forests,Oceania,Australia site 2
AUS-0421,AUS-0421-T01,1981,,1,43.0,Juniperus thurifera,-26.14264,127.45945,0.25,34.6,,Australia,Mediterranean,Mediterranean forests,Oceania,Australia site 3
AUS-0421,AUS-0421-T02,1981,,1,60.8,Eucalyptus camaldulensis,-26.14264,127.45945,0.25,13.0,,Australia,Mediterranean,Mediterranean forests,Oceania,Australia site 3
AUS-0421,AUS-0421-T03,1981,,0,42.7,Tsuga canadensis,-26.14264,127.45945,0.25,8.4,,Australia,Mediterranean,Mediterranean forests,Oceania,Australia site 3
AUS-0421,AUS-0421-T04,1981,,0,26.8,Avicennia germinans,-26.14264,127.45945,0.25,31.9,,Australia,Mediterranean,Mediterranean forests,Oceania,Australia site 3
AUS-0421,AUS-0421-T05,1981,,0,29.0,Picea abies,-26.14264,127.45945,0.25,32.1,,Australia,Mediterranean,Mediterranean forests,Oceania,Australia site 3
AUS-0421,AUS-0421-T06,1981,,0,57.7,Cecropia obtusa,-26.14264,127.45945,0.25,32.1,,Australia,Mediterranean,Mediterranean forests,Oceania,Australia site 3
AUS-0421,AUS-0421-T07,1981,,0,41.2,Avicennia germinans,-26.14264,127.45945,0.25,23.8,,Australia,Mediterranean,Mediterranean forests,Oceania,Australia site 3
AUS-0421,AUS-0421-T08,1981,,0,48.7,Fagus sylvatica,-26.14264,127.45945,0.25,9.4,,Australia,Mediterranean,Mediterranean forests,Oceania,Australia site 3
AUS-0421,AUS-0421-T09,1981,,0,21.1,Fagus sylvatica,-26.14264,127.45945,0.25,28.2,,Australia,Mediterranean,Mediterranean forests,Oceania,Australia site 3
AUS-0421,AUS-0421-T10,1981,,0,28.1,Dipterocarpus grandiflorus,-26.14264,127.45945,0.25,31.3,,Australia,Mediterranean,Mediterranean forests,Oceania,Australia site 3
AUS-0422,AUS-0422-T01,1985,,0,56.8,Cecropia obtusa,-27.25131,138.97385,0.25,32.6,,Australia,Mediterranean,Mediterranean forests,Oceania,Australia site 4
AUS-0422,AUS-0422-T02,1985,,0,57.5,Quercus ilex,-27.25131,138.97385,0.25,24.4,,Australia,Mediterranean,Mediterranean forests,Oceania,Australia site 4
AUS-0422,AUS-0422-T03,1985,,0,34.0,Betula pendula,-27.25131,138.97385,0.25,16.4,,Australia,Mediterranean,Mediterranean forests,Oceania,Australia site 4
AUS-0422,AUS-0422-T04,1985,,0,42.1,Quercus ilex,-27.25131,138.97385,0.25,12.4,,Australia,Mediterranean,Mediterranean forests,Oceania,Australia site 4
AUS-0422,AUS-0422-T05,1985,,0,13.7,Eperua falcata,-27.25131,138.97385,0.25,32.3,,Australia,Mediterranean,Mediterranean forests,Oceania,Australia site 4
AUS-0422,AUS-0422-T06,1985,,0,45.8,Quercus ilex,-27.25131,138.97385,0.25,13.5,,Australia,Mediterranean,Mediterranean forests,Oceania,Australia site 4
AUS-0422,AUS-0422-T07,1985,,0,42.0,Pinus sylvestris,-27.25131,138.97385,0.25,33.3,,Australia,Mediterranean,Mediterranean forests,Oceania,Australia site 4
AUS-0423,AUS-0423-T01,1996,,0,52.9,Shorea leprosula,-32.64407,147.23176,0.1,34.0,4.043,Australia,Mediterranean,Mediterranean forests,Oceania,Australia site 5
AUS-0423,AUS-0423-T02,1996,,0,52.2,Picea abies,-32.64407,147.23176,0.1,37.7,3.186,Australia,Mediterranean,Mediterranean forests,Oceania,Australia site 5
AUS-0423,AUS-0423-T03,1996,,0,14.6,Fagus sylvatica,-32.64407,147.23176,0.1,24.3,1.065,Australia,Mediterranean,Mediterranean forests,Oceania,Australia site 5
AUS-0423,AUS-0423-T04,1996,,0,21.9,Ocotea aciphylla,-32.64407,147.23176,0.1,32.7,3.261,Australia,Mediterranean,Mediterranean forests,Oceania,Australia site 5
AUS-0423,AUS-0423-T05,1996,,1,20.6,Eperua falcata,-32.64407,147.23176,0.1,17.4,0.995,Australia,Mediterranean,Mediterranean forests,Oceania,Australia site 5
AUS-0423,AUS-0423-T06,1996,,0,8.5,Populus tremula,-32.64407,147.23176,0.1,31.2,2.127,Australia,Mediterranean,Mediterranean forests,Oceania,Australia site 5
AUS-0423,AUS-0423-T07,1996,,0,47.8,Milicia excelsa,-32.64407,147.23176,0.1,31.3,2.805,Australia,Mediterranean,Mediterranean forests,Oceania,Australia site 5
AUS-0423,AUS-0423-T08,1996,,0,45.6,Cecropia obtusa,-32.64407,147.23176,0.1,17.2,3.971,Australia,Mediterranean,Mediterranean forests,Oceania,Australia site 5
AUS-0423,AUS-0423-T09,1996,,0,15.3,Rhizophora mangle,-32.64407,147.23176,0.1,16.3,3.288,Australia,Mediterranean,Mediterranean forests,Oceania,Australia site 5
AUS-0423,AUS-0423-T10,1996,,0,40.7,Quercus ilex,-32.64407,147.23176,0.1,13.3,0.502,Australia,Mediterranean,Mediterranean forests,Oceania,Australia site 5
AUS-0423,AUS-0423-T11,1996,,0,25.7,Tsuga canadensis,-32.64407,147.23176,0.1,36.4,4.167,Australia,Mediterranean,Mediterranean forests,Oceania,Australia site 5
AUS-0424,AUS-0424-T01,1964,,0,11.6,Pinus sylvestris,-31.76626,125.90507,0.25,14.2,4.334,Australia,Mediterranean,Mediterranean forests,Oceania,Australia site 6
AUS-0424,AUS-0424-T02,1964,,0,32.5,Cecropia obtusa,-31.76626,125.90507,0.25,22.3,0.63,Australia,Mediterranean,Mediterranean forests,Oceania,Australia site 6
AUS-0424,AUS-0424-T03,1964,,0,46.2,Populus tremula,-31.76626,125.90507,0.25,37.2,3.184,Australia,Mediterranean,Mediterranean forests,Oceania,Australia site 6
AUS-0424,AUS-0424-T04,1964,,0,43.1,Betula pendula,-31.76626,125.90507,0.25,27.4,3.313,Australia,Mediterranean,Mediterranean forests,Oceania,Australia site 6
AUS-0424,AUS-0424-T05,1964,,0,45.2,Picea abies,-31.76626,125.90507,0.25,23.8,3.568,Australia,Mediterranean,Mediterranean forests,Oceania,Australia site 6
AUS-0424,AUS-0424-T06,1964,,0,30.2,Fagus sylvatica,-31.76626,125.90507,0.25,35.4,0.848,Australia,Mediterranean,Mediterranean forests,Oceania,Australia site 6
AUS-0424,AUS-0424-T07,1964,,0,24.7,Eperua falcata,-31.76626,125.90507,0.25,8.4,4.014,Australia,Mediterranean,Mediterranean forests,Oceania,Australia site 6
AUS-0424,AUS-0424-T08,1964,,0,23.7,Dipterocarpus grandiflorus,-31.76626,125.90507,0.25,13.0,3.428,Australia,Mediterranean,Mediterranean forests,Oceania,Australia site 6
AUS-0424,AUS-0424-T09,1964,,0,16.4,Shorea leprosula,-31.76626,125.90507,0.25,37.6,0.158,Australia,Mediterranean,Mediterranean forests,Oceania,Australia site 6
AUS-0425,AUS-0425-T01,1950,,0,8.4,Ocotea aciphylla,-36.14933,122.93011,0.1,26.0,,Australia,Mediterranean,Mediterranean forests,Oceania,Australia site 7
AUS-0425,AUS-0425-T02,1950,,0,45.9,Ocotea aciphylla,-36.14933,122.93011,0.1,36.1,,Australia,Mediterranean,Mediterranean forests,Oceania,Australia site 7
AUS-0425,AUS-0425-T03,1950,,0,31.0,Eucalyptus camaldulensis,-36.14933,122.93011,0.1,10.0,,Australia,Mediterranean,Mediterranean forests,Oceania,Australia site 7
AUS-0425,AUS-0425-T04,1950,,0,8.4,Shorea leprosula,-36.14933,122.93011,0.1,32.1,,Australia,Mediterranean,Mediterranean forests,Oceania,Australia site 7
AUS-0425,AUS-0425-T05,1950,,0,34.7,Dipterocarpus grandiflorus,-36.14933,122.93011,0.1,13.8,,Australia,Mediterranean,Mediterranean forests,Oceania,Australia site 7
AUS-0425,AUS-0425-T06,1950,,0,56.5,Pinus sylvestris,-36.14933,122.93011,0.1,22.0,,Australia,Mediterranean,Mediterranean forests,Oceania,Australia site 7
AUS-0426,AUS-0426-T01,1964,,0,24.2,Betula pendula,-27.69028,132.97177,0.04,17.7,,Australia,Mediterranean,Mediterranean forests,Oceania,Australia site 8
AUS-0426,AUS-0426-T01,1974,1964,0,23.2,Betula pendula,-27.69028,132.97177,0.04,17.7,,Australia,Mediterranean,Mediterranean forests,Oceania,Australia site 8
AUS-0426,AUS-0426-T02,1964,,0,28.8,Acer saccharum,-27.69028,132.97177,0.04,10.3,,Australia,Mediterranean,Mediterranean forests,Oceania,Australia site 8
AUS-0426,AUS-0426-T02,1974,1964,0,27.5,Acer saccharum,-27.69028,132.97177,0.04,10.3,,Australia,Mediterranean,Mediterranean forests,Oceania,Australia site 8
AUS-0426,AUS-0426-T03,1964,,0,25.3,Inga edulis,-27.69028,132.97177,0.04,16.0,,Australia,Mediterranean,Mediterranean forests,Oceania,Australia site 8
AUS-0426,AUS-0426-T03,1974,1964,0,24.6,Inga edulis,-27.69028,132.97177,0.04,16.0,,Australia,Mediterranean,Mediterranean forests,Oceania,Australia site 8
AUS-0426,AUS-0426-T04,1964,,0,21.1,Acer saccharum,-27.69028,132.97177,0.04,19.5,,Australia,Mediterranean,Mediterranean forests,Oceania,Australia site 8
AUS-0426,AUS-0426-T04,1974,1964,0,21.5,Acer saccharum,-27.69028,132.97177,0.04,19.5,,Australia,Mediterranean,Mediterranean forests,Oceania,Australia site 8
AUS-0426,AUS-0426-T05,1964,,0,49.9,Acer saccharum,-27.69028,132.97177,0.04,25.1,,Australia,Mediterranean,Mediterranean forests,Oceania,Australia site 8
AUS-0426,AUS-0426-T05,1974,1964,0,49.0,Acer saccharum,-27.69028,132.97177,0.04,25.1,,Australia,Mediterranean,Mediterranean forests,Oceania,Australia site 8
AUS-0426,AUS-0426-T06,1964,,0,41.8,Pinus sylvestris,-27.69028,132.97177,0.04,24.3,,Australia,Mediterranean,Mediterranean forests,Oceania,Australia site 8
AUS-0426,AUS-0426-T06,1974,1964,0,40.7,Pinus sylvestris,-27.69028,132.97177,0.04,24.3,,Australia,Mediterranean,Mediterranean forests,Oceania,Australia site 8
AUS-0426,AUS-0426-T07,1964,,0,50.3,Populus tremula,-27.69028,132.97177,0.04,17.2,,Australia,Mediterranean,Mediterranean forests,Oceania,Australia site 8
AUS-0426,AUS-0426-T07,1974,1964,1,49.4,Populus tremula,-27.69028,132.97177,0.04,17.2,,Australia,Mediterranean,Mediterranean forests,Oceania,Australia site 8
AUS-0426,AUS-0426-T08,1964,,0,44.4,Cecropia obtusa,-27.69028,132.97177,0.04,23.4,,Australia,Mediterranean,Mediterranean forests,Oceania,Australia site 8
AUS-0426,AUS-0426-T08,1974,1964,0,43.9,Cecropia obtusa,-27.69028,132.97177,0.04,23.4,,Australia,Mediterranean,Mediterranean forests,Oceania,Australia site 8
AUS-0426,AUS-0426-T09,1964,,0,37.1,Eucalyptus camaldulensis,-27.69028,132.97177,0.04,14.9,,Australia,Mediterranean,Mediterranean forests,Oceania,Australia site 8
AUS-0426,AUS-0426-T09,1974,1964,0,37.3,Eucalyptus camaldulensis,-27.69028,132.97177,0.04,14.9,,Australia,Mediterranean,Mediterranean forests,Oceania,Australia site 8
AUS-0426,AUS-0426-T10,1964,,0,28.6,Eucalyptus camaldulensis,-27.69028,132.97177,0.04,35.1,,Australia,Mediterranean,Mediterranean forests,Oceania,Australia site 8
AUS-0426,AUS-0426-T10,1974,1964,0,29.1,Eucalyptus camaldulensis,-27.69028,132.97177,0.04,35.1,,Australia,Mediterranean,Mediterranean forests,Oceania,Australia site 8
AUS-0426,AUS-0426-T11,1964,,0,17.5,Dipterocarpus grandiflorus,-27.69028,132.97177,0.04,15.5,,Australia,Mediterranean,Mediterranean forests,Oceania,Australia site 8
AUS-0426,AUS-0426-T11,1974,1964,0,17.7,Dipterocarpus grandiflorus,-27.69028,132.97177,0.04,15.5,,Australia,Mediterranean,Mediterranean forests,Oceania,Australia site 8
AUS-0427,AUS-0427-T01,1981,,0,32.3,Quercus robur,-36.10776,141.11693,0.25,,0.935,Australia,Mediterranean,Mediterranean forests,Oceania,Australia site 9
AUS-0427,AUS-0427-T01,1986,1981,0,33.5,Quercus robur,-36.10776,141.11693,0.25,,0.935,Australia,Mediterranean,Mediterranean forests,Oceania,Australia site 9
AUS-0427,AUS-0427-T02,1981,,0,42.2,Nothofagus pumilio,-36.10776,141.11693,0.25,,4.213,Australia,Mediterranean,Mediterranean forests,Oceania,Australia site 9
AUS-0427,AUS-0427-T02,1986,1981,0,41.4,Nothofagus pumilio,-36.10776,141.11693,0.25,,4.213,Australia,Mediterranean,Mediterranean forests,Oceania,Australia site 9
AUS-0427,AUS-0427-T03,1981,,0,53.6,Avicennia germinans,-36.10776,141.11693,0.25,,3.898,Australia,Mediterranean,Mediterranean forests,Oceania,Australia site 9
AUS-0427,AUS-0427-T03,1986,1981,0,54.2,Avicennia germinans,-36.10776,141.11693,0.25,,3.898,Australia,Mediterranean,Mediterranean forests,Oceania,Australia site 9
AUS-0427,AUS-0427-T04,1981,,0,23.3,Cecropia obtusa,-36.10776,141.11693,0.25,,0.959,Australia,Mediterranean,Mediterranean forests,Oceania,Australia site 9
AUS-0427,AUS-0427-T04,1986,1981,0,22.6,Cecropia obtusa,-36.10776,141.11693,0.25,,0.959,Australia,Mediterranean,Mediterranean forests,Oceania,Australia site 9
AUS-0427,AUS-0427-T05,1981,,0,32.7,Shorea leprosula,-36.10776,141.11693,0.25,,3.616,Australia,Mediterranean,Mediterranean forests,Oceania,Australia site 9
AUS-0427,AUS-0427-T05,1986,1981,0,33.7,Shorea leprosula,-36.10776,141.11693,0.25,,3.616,Australia,Mediterranean,Mediterranean forests,Oceania,Australia site 9
AUS-0427,AUS-0427-T06,1981,,0,22.8,Eperua falcata,-36.10776,141.11693,0.25,,2.486,Australia,Mediterranean,Mediterranean forests,Oceania,Australia site 9
AUS-0427,AUS-0427-T06,1986,1981,0,22.8,Eperua falcata,-36.10776,141.11693,0.25,,2.486,Australia,Mediterranean,Mediterranean forests,Oceania,Australia site 9
AUS-0427,AUS-0427-T07,1981,,0,42.8,Quercus ilex,-36.10776,141.11693,0.25,,3.008,Australia,Mediterranean,Mediterranean forests,Oceania,Australia site 9
AUS-0427,AUS-0427-T07,1986,1981,0,42.7,Quercus ilex,-36.10776,141.11693,0.25,,3.008,Australia,Mediterranean,Mediterranean forests,Oceania,Australia site 9
AUS-0428,AUS-0428-T01,1974,,0,32.7,Shorea leprosula,-25.46457,121.01207,1.0,20.3,,Australia,Mediterranean,Mediterranean forests,Oceania,Australia site 10
AUS-0428,AUS-0428-T02,1974,,0,9.2,Khaya ivorensis,-25.46457,121.01207,1.0,33.9,,Australia,Mediterranean,Mediterranean forests,Oceania,Australia site 10
AUS-0428,AUS-0428-T03,1974,,0,10.8,Juniperus thurifera,-25.46457,121.01207,1.0,33.4,,Australia,Mediterranean,Mediterranean forests,Oceania,Australia site 10
AUS-0428,AUS-0428-T04,1974,,0,12.4,Pinus sylvestris,-25.46457,121.01207,1.0,36.9,,Australia,Mediterranean,Mediterranean forests,Oceania,Australia site 10
AUS-0428,AUS-0428-T05,1974,,0,22.1,Eucalyptus camaldulensis,-25.46457,121.01207,1.0,36.5,,Australia,Mediterranean,Mediterranean forests,Oceania,Australia site 10
AUS-0428,AUS-0428-T06,1974,,0,13.5,Rhizophora mangle,-25.46457,121.01207,1.0,19.8,,Australia,Mediterranean,Mediterranean forests,Oceania,Australia site 10
AUS-0428,AUS-0428-T07,1974,,0,31.3,Cecropia obtusa,-25.46457,121.01207,1.0,17.8,,Australia,Mediterranean,Mediterranean forests,Oceania,Australia site 10
AUS-0428,AUS-0428-T08,1974,,0,37.3,Pinus sylvestris,-25.46457,121.01207,1.0,23.2,,Australia,Mediterranean,Mediterranean forests,Oceania,Australia site 10
AUS-0428,AUS-0428-T09,1974,,0,13.2,Milicia excelsa,-25.46457,121.01207,1.0,22.7,,Australia,Mediterranean,Mediterranean forests,Oceania,Australia site 10
AUS-0429,AUS-0429-T01,2005,,0,17.8,Milicia excelsa,-36.60478,144.21598,0.5,16.5,,Australia,Mixed,Mediterranean forests,Oceania,Australia site 11
AUS-0429,AUS-0429-T02,2005,,0,41.0,Ocotea aciphylla,-36.60478,144.21598,0.5,27.2,,Australia,Mixed,Mediterranean forests,Oceania,Australia site 11
AUS-0429,AUS-0429-T03,2005,,0,25.7,Eucalyptus camaldulensis,-36.60478,144.21598,0.5,34.5,,Australia,Mixed,Mediterranean forests,Oceania,Australia site 11
AUS-0429,AUS-0429-T04,2005,,0,25.5,Shorea leprosula,-36.60478,144.21598,0.5,35.3,,Australia,Mixed,Mediterranean forests,Oceania,Australia site 11
AUS-0429,AUS-0429-T05,2005,,0,30.1,Cecropia obtusa,-36.60478,144.21598,0.5,29.2,,Australia,Mixed,Mediterranean forests,Oceania,Australia site 11
AUS-0429,AUS-0429-T06,2005,,0,34.2,Populus tremula,-36.60478,144.21598,0.5,17.3,,Australia,Mixed,Mediterranean forests,Oceania,Australia site 11
AUS-0429,AUS-0429-T07,2005,,0,56.7,Shorea leprosula,-36.60478,144.21598,0.5,31.9,,Australia,Mixed,Mediterranean forests,Oceania,Australia site 11
AUS-0429,AUS-0429-T08,2005,,0,52.9,Avicennia germinans,-36.60478,144.21598,0.5,24.1,,Australia,Mixed,Mediterranean forests,Oceania,Australia site 11
AUS-0429,AUS-0429-T09,2005,,0,51.3,Eperua falcata,-36.60478,144.21598,0.5,11.7,,Australia,Mixed,Mediterranean forests,Oceania,Australia site 11
AUS-0430,AUS-0430-T01,1984,,0,25.8,Betula pendula,-30.75728,116.4213,0.25,37.4,3.078,Australia,Mixed,Mediterranean forests,Oceania,Australia site 12
AUS-0430,AUS-0430-T02,1984,,0,55.0,Eperua falcata,-30.75728,116.4213,0.25,38.0,1.937,Australia,Mixed,Mediterranean forests,Oceania,Australia site 12
AUS-0430,AUS-0430-T03,1984,,0,55.2,Inga edulis,-30.75728,116.4213,0.25,17.0,4.467,Australia,Mixed,Mediterranean forests,Oceania,Australia site 12
AUS-0430,AUS-0430-T04,1984,,0,49.1,Cecropia obtusa,-30.75728,116.4213,0.25,15.5,2.918,Australia,Mixed,Mediterranean forests,Oceania,Australia site 12
AUS-0430,AUS-0430-T05,1984,,0,54.4,Cecropia obtusa,-30.75728,116.4213,0.25,34.0,3.027,Australia,Mixed,Mediterranean forests,Oceania,Australia site 12
AUS-0430,AUS-0430-T06,1984,,1,26.9,Eucalyptus camaldulensis,-30.75728,116.4213,0.25,8.6,3.783,Australia,Mixed,Mediterranean forests,Oceania,Australia site 12
AUS-0430,AUS-0430-T07,1984,,0,53.9,Pinus sylvestris,-30.75728,116.4213,0.25,12.2,2.481,Australia,Mixed,Mediterranean forests,Oceania,Australia site 12
AUS-0430,AUS-0430-T08,1984,,1,12.5,Eperua falcata,-30.75728,116.4213,0.25,32.2,2.925,Australia,Mixed,Mediterranean forests,Oceania,Australia site 12
AUS-0430,AUS-0430-T09,1984,,0,42.7,Dipterocarpus grandiflorus,-30.75728,116.4213,0.25,23.1,1.673,Australia,Mixed,Mediterranean forests,Oceania,Australia site 12
AUS-0430,AUS-0430-T10,1984,,1,32.8,Avicennia germinans,-30.75728,116.4213,0.25,23.7,3.42,Australia,Mixed,Mediterranean forests,Oceania,Australia site 12
AUS-0430,AUS-0430-T11,1984,,0,28.9,Tsuga canadensis,-30.75728,116.4213,0.25,20.4,0.251,Australia,Mixed,Mediterranean forests,Oceania,Australia site 12
AUS-0431,AUS-0431-T01,2005,,0,24.4,Shorea leprosula,-37.09508,144.43704,0.5,,1.28,Australia,Mixed,Mediterranean forests,Oceania,Australia site 13
AUS-0431,AUS-0431-T01,2009,2005,0,24.7,Shorea leprosula,-37.09508,144.43704,0.5,,1.28,Australia,Mixed,Mediterranean forests,Oceania,Australia site 13
AUS-0431,AUS-0431-T02,2005,,0,20.6,Populus tremula,-37.09508,144.43704,0.5,,2.427,Australia,Mixed,Mediterranean forests,Oceania,Australia site 13
AUS-0431,AUS-0431-T02,2009,2005,0,20.6,Populus tremula,-37.09508,144.43704,0.5,,2.427,Australia,Mixed,Mediterranean forests,Oceania,Australia site 13
AUS-0431,AUS-0431-T03,2005,,0,12.8,Cecropia obtusa,-37.09508,144.43704,0.5,,3.219,Australia,Mixed,Mediterranean forests,Oceania,Australia site 13
AUS-0431,AUS-0431-T03,2009,2005,0,13.9,Cecropia obtusa,-37.09508,144.43704,0.5,,3.219,Australia,Mixed,Mediterranean forests,Oceania,Australia site 13
AUS-0431,AUS-0431-T04,2005,,0,24.3,Rhizophora mangle,-37.09508,144.43704,0.5,,3.901,Australia,Mixed,Mediterranean forests,Oceania,Australia site 13
AUS-0431,AUS-0431-T04,2009,2005,0,23.1,Rhizophora mangle,-37.09508,144.43704,0.5,,3.901,Australia,Mixed,Mediterranean forests,Oceania,Australia site 13
AUS-0431,AUS-0431-T05,2005,,0,29.0,Betula pendula,-37.09508,144.43704,0.5,,4.246,Australia,Mixed,Mediterranean forests,Oceania,Australia site 13
AUS-0431,AUS-0431-T05,2009,2005,0,28.5,Betula pendula,-37.09508,144.43704,0.5,,4.246,Australia,Mixed,Mediterranean forests,Oceania,Australia site 13
AUS-0431,AUS-0431-T06,2005,,0,57.4,Nothofagus pumilio,-37.09508,144.43704,0.5,,2.732,Australia,Mixed,Mediterranean forests,Oceania,Australia site 13
AUS-0431,AUS-0431-T06,2009,2005,0,57.6,Nothofagus pumilio,-37.09508,144.43704,0.5,,2.732,Australia,Mixed,Mediterranean forests,Oceania,Australia site 13
AUS-0431,AUS-0431-T07,2005,,0,41.1,Ocotea aciphylla,-37.09508,144.43704,0.5,,3.085,Australia,Mixed,Mediterranean forests,Oceania,Australia site 13
AUS-0431,AUS-0431-T07,2009,2005,0,40.8,Ocotea aciphylla,-37.09508,144.43704,0.5,,3.085,Australia,Mixed,Mediterranean forests,Oceania,Australia site 13
AUS-0431,AUS-0431-T08,2005,,0,39.7,Betula pendula,-37.09508,144.43704,0.5,,3.821,Australia,Mixed,Mediterranean forests,Oceania,Australia site 13
AUS-0431,AUS-0431-T08,2009,2005,0,39.3,Betula pendula,-37.09508,144.43704,0.5,,3.821,Australia,Mixed,Mediterranean forests,Oceania,Australia site 13
AUS-0432,AUS-0432-T01,1941,,0,33.7,Populus tremula,-26.39844,120.90531,0.25,,2.106,Australia,Mediterranean,Mediterranean forests,Oceania,Australia site 14
AUS-0432,AUS-0432-T02,1941,,1,9.4,Dipterocarpus grandiflorus,-26.39844,120.90531,0.25,,3.927,Australia,Mediterranean,Mediterranean forests,Oceania,Australia site 14
AUS-0432,AUS-0432-T03,1941,,0,30.7,Avicennia germinans,-26.39844,120.90531,0.25,,1.609,Australia,Mediterranean,Mediterranean forests,Oceania,Australia site 14
AUS-0432,AUS-0432-T04,1941,,0,26.9,Rhizophora mangle,-26.39844,120.90531,0.25,,1.355,Australia,Mediterranean,Mediterranean forests,Oceania,Australia site 14
AUS-0432,AUS-0432-T05,1941,,0,49.4,Avicennia germinans,-26.39844,120.90531,0.25,,2.94,Australia,Mediterranean,Mediterranean forests,Oceania,Australia site 14
AUS-0433,AUS-0433-T01,1998,,0,11.1,Juniperus thurifera,-27.5872,148.01288,0.25,9.0,,Australia,Mixed,Mediterranean forests,Oceania,Australia site 15
AUS-0433,AUS-0433-T02,1998,,0,54.0,Juniperus thurifera,-27.5872,148.01288,0.25,30.2,,Australia,Mixed,Mediterranean forests,Oceania,Australia site 15
AUS-0433,AUS-0433-T03,1998,,0,29.5,Ocotea aciphylla,-27.5872,148.01288,0.25,29.8,,Australia,Mixed,Mediterranean forests,Oceania,Australia site 15
AUS-0433,AUS-0433-T04,1998,,0,47.0,Dipterocarpus grandiflorus,-27.5872,148.01288,0.25,18.3,,Australia,Mixed,Mediterranean forests,Oceania,Australia site 15
AUS-0433,AUS-0433-T05,1998,,0,43.4,Eperua falcata,-27.5872,148.01288,0.25,20.7,,Australia,Mixed,Mediterranean forests,Oceania,Australia site 15
AUS-0433,AUS-0433-T06,1998,,0,57.3,Acer saccharum,-27.5872,148.01288,0.25,33.9,,Australia,Mixed,Mediterranean forests,Oceania,Australia site 15
AUS-0433,AUS-0433-T07,1998,,0,31.2,Cecropia obtusa,-27.5872,148.01288,0.25,9.0,,Australia,Mixed,Mediterranean forests,Oceania,Australia site 15
AUS-0433,AUS-0433-T08,1998,,1,49.2,Milicia excelsa,-27.5872,148.01288,0.25,33.9,,Australia,Mixed,Mediterranean forests,Oceania,Australia site 15
AUS-0433,AUS-0433-T09,1998,,0,9.6,Rhizophora mangle,-27.5872,148.01288,0.25,38.0,,Australia,Mixed,Mediterranean forests,Oceania,Australia site 15
AUS-0434,AUS-0434-T01,2011,,0,52.0,Populus tremula,-25.74876,116.04032,0.04,,,Australia,Mixed,Mediterranean forests,Oceania,Australia site 16
AUS-0434,AUS-0434-T01,2015,2011,0,51.2,Populus tremula,-25.74876,116.04032,0.04,,,Australia,Mixed,Mediterranean forests,Oceania,Australia site 16
AUS-0434,AUS-0434-T02,2011,,0,40.4,Pinus sylvestris,-25.74876,116.04032,0.04,,,Australia,Mixed,Mediterranean forests,Oceania,Australia site 16
AUS-0434,AUS-0434-T02,2015,2011,0,40.4,Pinus sylvestris,-25.74876,116.04032,0.04,,,Australia,Mixed,Mediterranean forests,Oceania,Australia site 16
AUS-0434,AUS-0434-T03,2011,,0,61.7,Eperua falcata,-25.74876,116.04032,0.04,,,Australia,Mixed,Mediterranean forests,Oceania,Australia site 16
AUS-0434,AUS-0434-T03,2015,2011,0,62.7,Eperua falcata,-25.74876,116.04032,0.04,,,Australia,Mixed,Mediterranean forests,Oceania,Australia site 16
AUS-0434,AUS-0434-T04,2011,,0,50.5,Rhizophora mangle,-25.74876,116.04032,0.04,,,Australia,Mixed,Mediterranean forests,Oceania,Australia site 16
AUS-0434,AUS-0434-T04,2015,2011,0,50.2,Rhizophora mangle,-25.74876,116.04032,0.04,,,Australia,Mixed,Mediterranean forests,Oceania,Australia site 16
AUS-0434,AUS-0434-T05,2011,,0,31.0,Rhizophora mangle,-25.74876,116.04032,0.04,,,Australia,Mixed,Mediterranean forests,Oceania,Australia site 16
AUS-0434,AUS-0434-T05,2015,2011,0,30.9,Rhizophora mangle,-25.74876,116.04032,0.04,,,Australia,Mixed,Mediterranean forests,Oceania,Australia site 16
AUS-0435,AUS-0435-T01,2024,,0,23.2,Quercus robur,-35.37489,138.17326,0.5,21.8,,Australia,Mediterranean,Mediterranean forests,Oceania,Australia site 17
AUS-0435,AUS-0435-T02,2024,,0,44.2,Inga edulis,-35.37489,138.17326,0.5,33.8,,Australia,Mediterranean,Mediterranean forests,Oceania,Australia site 17
AUS-0435,AUS-0435-T03,2024,,1,55.8,Nothofagus pumilio,-35.37489,138.17326,0.5,29.2,,Australia,Mediterranean,Mediterranean forests,Oceania,Australia site 17
AUS-0435,AUS-0435-T04,2024,,0,46.4,Ocotea aciphylla,-35.37489,138.17326,0.5,19.1,,Australia,Mediterranean,Mediterranean forests,Oceania,Australia site 17
AUS-0435,AUS-0435-T05,2024,,0,39.7,Quercus ilex,-35.37489,138.17326,0.5,8.5,,Australia,Mediterranean,Mediterranean forests,Oceania,Australia site 17
AUS-0435,AUS-0435-T06,2024,,0,22.9,Pinus sylvestris,-35.37489,138.17326,0.5,12.9,,Australia,Mediterranean,Mediterranean forests,Oceania,Australia site 17
AUS-0435,AUS-0435-T07,2024,,0,8.2,Populus tremula,-35.37489,138.17326,0.5,13.4,,Australia,Mediterranean,Mediterranean forests,Oceania,Australia site 17
AUS-0435,AUS-0435-T08,2024,,1,30.8,Avicennia germinans,-35.37489,138.17326,0.5,16.6,,Australia,Mediterranean,Mediterranean forests,Oceania,Australia site 17
AUS-0435,AUS-0435-T09,2024,,0,53.3,Shorea leprosula,-35.37489,138.17326,0.5,28.4,,Australia,Mediterranean,Mediterranean forests,Oceania,Australia site 17
AUS-0435,AUS-0435-T10,2024,,0,17.4,Cecropia obtusa,-35.37489,138.17326,0.5,12.7,,Australia,Mediterranean,Mediterranean forests,Oceania,Australia site 17
AUS-0436,AUS-0436-T01,2008,,0,55.3,Tsuga canadensis,-33.10762,131.08797,0.04,24.0,,Australia,Mediterranean,Mediterranean forests,Oceania,Australia site 18
AUS-0436,AUS-0436-T01,2012,2008,0,55.2,Tsuga canadensis,-33.10762,131.08797,0.04,24.0,,Australia,Mediterranean,Mediterranean forests,Oceania,Australia site 18
AUS-0436,AUS-0436-T02,2008,,0,37.8,Tsuga canadensis,-33.10762,131.08797,0.04,33.1,,Australia,Mediterranean,Mediterranean forests,Oceania,Australia site 18
AUS-0436,AUS-0436-T02,2012,2008,0,37.3,Tsuga canadensis,-33.10762,131.08797,0.04,33.1,,Australia,Mediterranean,Mediterranean forests,Oceania,Australia site 18
AUS-0436,AUS-0436-T03,2008,,0,24.2,Rhizophora mangle,-33.10762,131.08797,0.04,17.1,,Australia,Mediterranean,Mediterranean forests,Oceania,Australia site 18
AUS-0436,AUS-0436-T03,2012,2008,0,24.7,Rhizophora mangle,-33.10762,131.08797,0.04,17.1,,Australia,Mediterranean,Mediterranean forests,Oceania,Australia site 18
AUS-0436,AUS-0436-T04,2008,,0,58.2,Quercus robur,-33.10762,131.08797,0.04,30.4,,Australia,Mediterranean,Mediterranean forests,Oceania,Australia site 18
AUS-0436,AUS-0436-T04,2012,2008,0,56.9,Quercus robur,-33.10762,131.08797,0.04,30.4,,Australia,Mediterranean,Mediterranean forests,Oceania,Australia site 18
AUS-0436,AUS-0436-T05,2008,,0,20.2,Khaya ivorensis,-33.10762,131.08797,0.04,18.7,,Australia,Mediterranean,Mediterranean forests,Oceania,Australia site 18
AUS-0436,AUS-0436-T05,2012,2008,0,19.6,Khaya ivorensis,-33.10762,131.08797,0.04,18.7,,Australia,Mediterranean,Mediterranean forests,Oceania,Australia site 18
AUS-0436,AUS-0436-T06,2008,,0,30.3,Cecropia obtusa,-33.10762,131.08797,0.04,35.8,,Australia,Mediterranean,Mediterranean forests,Oceania,Australia site 18
AUS-0436,AUS-0436-T06,2012,2008,0,29.5,Cecropia obtusa,-33.10762,131.08797,0.04,35.8,,Australia,Mediterranean,Mediterranean forests,Oceania,Australia site 18
AUS-0436,AUS-0436-T07,2008,,0,57.6,Tsuga canadensis,-33.10762,131.08797,0.04,10.3,,Australia,Mediterranean,Mediterranean forests,Oceania,Australia site 18
AUS-0436,AUS-0436-T07,2012,2008,0,58.0,Tsuga canadensis,-33.10762,131.08797,0.04,10.3,,Australia,Mediterranean,Mediterranean forests,Oceania,Australia site 18
AUS-0437,AUS-0437-T01,2018,,0,49.7,Cecropia obtusa,-29.09014,135.02736,0.5,24.0,0.372,Australia,Mixed,Mediterranean forests,Oceania,Australia site 19
AUS-0437,AUS-0437-T02,2018,,0,58.5,Quercus ilex,-29.09014,135.02736,0.5,31.3,1.654,Australia,Mixed,Mediterranean forests,Oceania,Australia site 19
AUS-0437,AUS-0437-T03,2018,,0,34.4,Picea abies,-29.09014,135.02736,0.5,26.1,1.56,Australia,Mixed,Mediterranean forests,Oceania,Australia site 19
AUS-0437,AUS-0437-T04,2018,,0,11.1,Quercus ilex,-29.09014,135.02736,0.5,25.3,1.38,Australia,Mixed,Mediterranean forests,Oceania,Australia site 19
AUS-0437,AUS-0437-T05,2018,,0,57.5,Pinus sylvestris,-29.09014,135.02736,0.5,37.1,2.502,Australia,Mixed,Mediterranean forests,Oceania,Australia site 19
AUS-0437,AUS-0437-T06,2018,,0,51.6,Ocotea aciphylla,-29.09014,135.02736,0.5,33.2,4.379,Australia,Mixed,Mediterranean forests,Oceania,Australia site 19
AUS-0437,AUS-0437-T07,2018,,0,26.6,Rhizophora mangle,-29.09014,135.02736,0.5,26.6,0.984,Australia,Mixed,Mediterranean forests,Oceania,Australia site 19
AUS-0438,AUS-0438-T01,1987,,0,19.9,Juniperus thurifera,-37.63409,116.57915,0.25,24.0,,Australia,Mixed,Mediterranean forests,Oceania,Australia site 20
AUS-0438,AUS-0438-T01,1991,1987,0,21.0,Juniperus thurifera,-37.63409,116.57915,0.25,24.0,,Australia,Mixed,Mediterranean forests,Oceania,Australia site 20
AUS-0438,AUS-0438-T02,1987,,0,61.6,Fagus sylvatica,-37.63409,116.57915,0.25,36.8,,Australia,Mixed,Mediterranean forests,Oceania,Australia site 20
AUS-0438,AUS-0438-T02,1991,1987,0,61.7,Fagus sylvatica,-37.63409,116.57915,0.25,36.8,,Australia,Mixed,Mediterranean forests,Oceania,Australia site 20
AUS-0438,AUS-0438-T03,1987,,0,61.0,Quercus ilex,-37.63409,116.57915,0.25,13.2,,Australia,Mixed,Mediterranean forests,Oceania,Australia site 20
AUS-0438,AUS-0438-T03,1991,1987,0,61.6,Quercus ilex,-37.63409,116.57915,0.25,13.2,,Australia,Mixed,Mediterranean forests,Oceania,Australia site 20
AUS-0438,AUS-0438-T04,1987,,0,48.2,Rhizophora mangle,-37.63409,116.57915,0.25,15.3,,Australia,Mixed,Mediterranean forests,Oceania,Australia site 20
AUS-0438,AUS-0438-T04,1991,1987,0,48.9,Rhizophora mangle,-37.63409,116.57915,0.25,15.3,,Australia,Mixed,Mediterranean forests,Oceania,Australia site 20
AUS-0438,AUS-0438-T05,1987,,0,11.4,Acer saccharum,-37.63409,116.57915,0.25,17.4,,Australia,Mixed,Mediterranean forests,Oceania,Australia site 20
AUS-0438,AUS-0438-T05,1991,1987,0,11.1,Acer saccharum,-37.63409,116.57915,0.25,17.4,,Australia,Mixed,Mediterranean forests,Oceania,Australia site 20
AUS-0438,AUS-0438-T06,1987,,0,12.8,Inga edulis,-37.63409,116.57915,0.25,15.5,,Australia,Mixed,Mediterranean forests,Oceania,Australia site 20
AUS-0438,AUS-0438-T06,1991,1987,0,12.2,Inga edulis,-37.63409,116.57915,0.25,15.5,,Australia,Mixed,Mediterranean forests,Oceania,Australia site 20
AUS-0438,AUS-0438-T07,1987,,1,25.3,Pinus sylvestris,-37.63409,116.57915,0.25,9.2,,Australia,Mixed,Mediterranean forests,Oceania,Australia site 20
AUS-0438,AUS-0438-T07,1991,1987,0,24.7,Pinus sylvestris,-37.63409,116.57915,0.25,9.2,,Australia,Mixed,Mediterranean forests,Oceania,Australia site 20
AUS-0438,AUS-0438-T08,1987,,1,44.3,Pinus sylvestris,-37.63409,116.57915,0.25,11.0,,Australia,Mixed,Mediterranean forests,Oceania,Australia site 20
AUS-0438,AUS-0438-T08,1991,1987,0,43.7,Pinus sylvestris,-37.63409,116.57915,0.25,11.0,,Australia,Mixed,Mediterranean forests,Oceania,Australia site 20
AUS-0438,AUS-0438-T09,1987,,0,24.4,Nothofagus pumilio,-37.63409,116.57915,0.25,31.0,,Australia,Mixed,Mediterranean forests,Oceania,Australia site 20
AUS-0438,AUS-0438-T09,1991,1987,0,24.9,Nothofagus pumilio,-37.63409,116.57915,0.25,31.0,,Australia,Mixed,Mediterranean forests,Oceania,Australia site 20
AUS-0438,AUS-0438-T10,1987,,0,25.6,Dipterocarpus grandiflorus,-37.63409,116.57915,0.25,34.6,,Australia,Mixed,Mediterranean forests,Oceania,Australia site 20
AUS-0438,AUS-0438-T10,1991,1987,0,26.1,Dipterocarpus grandiflorus,-37.63409,116.57915,0.25,34.6,,Australia,Mixed,Mediterranean forests,Oceania,Australia site 20
AUS-0438,AUS-0438-T11,1987,,0,15.6,Picea abies,-37.63409,116.57915,0.25,36.2,,Australia,Mixed,Mediterranean forests,Oceania,Australia site 20
AUS-0438,AUS-0438-T11,1991,1987,1,15.0,Picea abies,-37.63409,116.57915,0.25,36.2,,Australia,Mixed,Mediterranean forests,Oceania,Australia site 20
NEW-0439,NEW-0439-T01,1951,,0,58.5,Pinus sylvestris,-39.81534,172.74025,0.04,,4.13,New Zealand,Mixed,Temperate broadleaf & mixed forests,Oceania,New Zealand site 1
NEW-0439,NEW-0439-T01,1961,1951,0,59.9,Pinus sylvestris,-39.81534,172.74025,0.04,,4.13,New Zealand,Mixed,Temperate broadleaf & mixed forests,Oceania,New Zealand site 1
NEW-0439,NEW-0439-T02,1951,,0,61.0,Inga edulis,-39.81534,172.74025,0.04,,1.725,New Zealand,Mixed,Temperate broadleaf & mixed forests,Oceania,New Zealand site 1
NEW-0439,NEW-0439-T02,1961,1951,0,62.2,Inga edulis,-39.81534,172.74025,0.04,,1.725,New Zealand,Mixed,Temperate broadleaf & mixed forests,Oceania,New Zealand site 1
NEW-0439,NEW-0439-T03,1951,,0,42.4,Eucalyptus camaldulensis,-39.81534,172.74025,0.04,,0.737,New Zealand,Mixed,Temperate broadleaf & mixed forests,Oceania,New Zealand site 1
NEW-0439,NEW-0439-T03,1961,1951,0,41.2,Eucalyptus camaldulensis,-39.81534,172.74025,0.04,,0.737,New Zealand,Mixed,Temperate broadleaf & mixed forests,Oceania,New Zealand site 1
NEW-0439,NEW-0439-T04,1951,,0,52.5,Cecropia obtusa,-39.81534,172.74025,0.04,,4.164,New Zealand,Mixed,Temperate broadleaf & mixed forests,Oceania,New Zealand site 1
NEW-0439,NEW-0439-T04,1961,1951,0,53.5,Cecropia obtusa,-39.81534,172.74025,0.04,,4.164,New Zealand,Mixed,Temperate broadleaf & mixed forests,Oceania,New Zealand site 1
NEW-0439,NEW-0439-T05,1951,,0,29.7,Khaya ivorensis,-39.81534,172.74025,0.04,,2.934,New Zealand,Mixed,Temperate broadleaf & mixed forests,Oceania,New Zealand site 1
NEW-0439,NEW-0439-T05,1961,1951,0,29.8,Khaya ivorensis,-39.81534,172.74025,0.04,,2.934,New Zealand,Mixed,Temperate broadleaf & mixed forests,Oceania,New Zealand site 1
NEW-0439,NEW-0439-T06,1951,,0,36.6,Quercus robur,-39.81534,172.74025,0.04,,2.849,New Zealand,Mixed,Temperate broadleaf & mixed forests,Oceania,New Zealand site 1
NEW-0439,NEW-0439-T06,1961,1951,0,36.3,Quercus robur,-39.81534,172.74025,0.04,,2.849,New Zealand,Mixed,Temperate broadleaf & mixed forests,Oceania,New Zealand site 1
NEW-0439,NEW-0439-T07,1951,,0,26.6,Quercus robur,-39.81534,172.74025,0.04,,1.052,New Zealand,Mixed,Temperate broadleaf & mixed forests,Oceania,New Zealand site 1
NEW-0439,NEW-0439-T07,1961,1951,0,26.9,Quercus robur,-39.81534,172.74025,0.04,,1.052,New Zealand,Mixed,Temperate broadleaf & mixed forests,Oceania,New Zealand site 1
NEW-0440,NEW-0440-T01,1944,,0,15.0,Avicennia germinans,-41.9781,171.12241,1.0,12.0,,New Zealand,Mixed,Temperate broadleaf & mixed forests,Oceania,New Zealand site 2
NEW-0440,NEW-0440-T02,1944,,1,46.0,Fagus sylvatica,-41.9781,171.12241,1.0,12.7,,New Zealand,Mixed,Temperate broadleaf & mixed forests,Oceania,New Zealand site 2
NEW-0440,NEW-0440-T03,1944,,0,43.7,Khaya ivorensis,-41.9781,171.12241,1.0,35.4,,New Zealand,Mixed,Temperate broadleaf & mixed forests,Oceania,New Zealand site 2
NEW-0440,NEW-0440-T04,1944,,0,41.2,Eperua falcata,-41.9781,171.12241,1.0,30.1,,New Zealand,Mixed,Temperate broadleaf & mixed forests,Oceania,New Zealand site 2
NEW-0440,NEW-0440-T05,1944,,0,38.1,Tsuga canadensis,-41.9781,171.12241,1.0,36.2,,New Zealand,Mixed,Temperate broadleaf & mixed forests,Oceania,New Zealand site 2
NEW-0440,NEW-0440-T06,1944,,0,12.8,Ocotea aciphylla,-41.9781,171.12241,1.0,18.0,,New Zealand,Mixed,Temperate broadleaf & mixed forests,Oceania,New Zealand site 2
NEW-0440,NEW-0440-T07,1944,,0,25.9,Fagus sylvatica,-41.9781,171.12241,1.0,37.9,,New Zealand,Mixed,Temperate broadleaf & mixed forests,Oceania,New Zealand site 2
NEW-0441,NEW-0441-T01,2001,,0,46.2,Quercus robur,-39.91645,175.79286,0.04,,,New Zealand,Mixed,Temperate broadleaf & mixed forests,Oceania,New Zealand site 3
NEW-0441,NEW-0441-T01,2011,2001,1,45.9,Quercus robur,-39.91645,175.79286,0.04,,,New Zealand,Mixed,Temperate broadleaf & mixed forests,Oceania,New Zealand site 3
NEW-0441,NEW-0441-T02,2001,,0,10.4,Inga edulis,-39.91645,175.79286,0.04,,,New Zealand,Mixed,Temperate broadleaf & mixed forests,Oceania,New Zealand site 3
NEW-0441,NEW-0441-T02,2011,2001,0,11.4,Inga edulis,-39.91645,175.79286,0.04,,,New Zealand,Mixed,Temperate broadleaf & mixed forests,Oceania,New Zealand site 3
NEW-0441,NEW-0441-T03,2001,,0,30.6,Quercus robur,-39.91645,175.79286,0.04,,,New Zealand,Mixed,Temperate broadleaf & mixed forests,Oceania,New Zealand site 3
NEW-0441,NEW-0441-T03,2011,2001,0,30.7,Quercus robur,-39.91645,175.79286,0.04,,,New Zealand,Mixed,Temperate broadleaf & mixed forests,Oceania,New Zealand site 3
NEW-0441,NEW-0441-T04,2001,,0,45.4,Inga edulis,-39.91645,175.79286,0.04,,,New Zealand,Mixed,Temperate broadleaf & mixed forests,Oceania,New Zealand site 3
NEW-0441,NEW-0441-T04,2011,2001,1,45.9,Inga edulis,-39.91645,175.79286,0.04,,,New Zealand,Mixed,Temperate broadleaf & mixed forests,Oceania,New Zealand site 3
NEW-0441,NEW-0441-T05,2001,,0,42.3,Pinus sylvestris,-39.91645,175.79286,0.04,,,New Zealand,Mixed,Temperate broadleaf & mixed forests,Oceania,New Zealand site 3
NEW-0441,NEW-0441-T05,2011,2001,0,41.8,Pinus sylvestris,-39.91645,175.79286,0.04,,,New Zealand,Mixed,Temperate broadleaf & mixed forests,Oceania,New Zealand site 3
NEW-0441,NEW-0441-T06,2001,,0,19.0,Shorea leprosula,-39.91645,175.79286,0.04,,,New Zealand,Mixed,Temperate broadleaf & mixed forests,Oceania,New Zealand site 3
NEW-0441,NEW-0441-T06,2011,2001,0,19.2,Shorea leprosula,-39.91645,175.79286,0.04,,,New Zealand,Mixed,Temperate broadleaf & mixed forests,Oceania,New Zealand site 3
NEW-0441,NEW-0441-T07,2001,,0,19.9,Betula pendula,-39.91645,175.79286,0.04,,,New Zealand,Mixed,Temperate broadleaf & mixed forests,Oceania,New Zealand site 3
NEW-0441,NEW-0441-T07,2011,2001,0,20.4,Betula pendula,-39.91645,175.79286,0.04,,,New Zealand,Mixed,Temperate broadleaf & mixed forests,Oceania,New Zealand site 3
NEW-0441,NEW-0441-T08,2001,,0,26.8,Inga edulis,-39.91645,175.79286,0.04,,,New Zealand,Mixed,Temperate broadleaf & mixed forests,Oceania,New Zealand site 3
NEW-0441,NEW-0441-T08,2011,2001,0,26.1,Inga edulis,-39.91645,175.79286,0.04,,,New Zealand,Mixed,Temperate broadleaf & mixed forests,Oceania,New Zealand site 3
NEW-0441,NEW-0441-T09,2001,,0,19.1,Pinus sylvestris,-39.91645,175.79286,0.04,,,New Zealand,Mixed,Temperate broadleaf & mixed forests,Oceania,New Zealand site 3
NEW-0441,NEW-0441-T09,2011,2001,0,19.9,Pinus sylvestris,-39.91645,175.79286,0.04,,,New Zealand,Mixed,Temperate broadleaf & mixed forests,Oceania,New Zealand site 3
NEW-0441,NEW-0441-T10,2001,,1,53.5,Betula pendula,-39.91645,175.79286,0.04,,,New Zealand,Mixed,Temperate broadleaf & mixed forests,Oceania,New Zealand site 3
NEW-0441,NEW-0441-T10,2011,2001,0,53.4,Betula pendula,-39.91645,175.79286,0.04,,,New Zealand,Mixed,Temperate broadleaf & mixed forests,Oceania,New Zealand site 3
NEW-0441,NEW-0441-T11,2001,,1,38.0,Tsuga canadensis,-39.91645,175.79286,0.04,,,New Zealand,Mixed,Temperate broadleaf & mixed forests,Oceania,New Zealand site 3
NEW-0441,NEW-0441-T11,2011,2001,0,38.7,Tsuga canadensis,-39.91645,175.79286,0.04,,,New Zealand,Mixed,Temperate broadleaf & mixed forests,Oceania,New Zealand site 3
NEW-0442,NEW-0442-T01,1993,,1,48.7,Pinus sylvestris,-38.59051,171.80215,0.1,26.5,0.98,New Zealand,Temperate,Temperate broadleaf & mixed forests,Oceania,New Zealand site 4
NEW-0442,NEW-0442-T01,1998,1993,0,49.2,Pinus sylvestris,-38.59051,171.80215,0.1,26.5,0.98,New Zealand,Temperate,Temperate broadleaf & mixed forests,Oceania,New Zealand site 4
NEW-0442,NEW-0442-T02,1993,,0,39.7,Eucalyptus camaldulensis,-38.59051,171.80215,0.1,37.7,1.465,New Zealand,Temperate,Temperate broadleaf & mixed forests,Oceania,New Zealand site 4
NEW-0442,NEW-0442-T02,1998,1993,0,40.4,Eucalyptus camaldulensis,-38.59051,171.80215,0.1,37.7,1.465,New Zealand,Temperate,Temperate broadleaf & mixed forests,Oceania,New Zealand site 4
NEW-0442,NEW-0442-T03,1993,,0,39.8,Pinus sylvestris,-38.59051,171.80215,0.1,30.6,1.183,New Zealand,Temperate,Temperate broadleaf & mixed forests,Oceania,New Zealand site 4
NEW-0442,NEW-0442-T03,1998,1993,0,39.9,Pinus sylvestris,-38.59051,171.80215,0.1,30.6,1.183,New Zealand,Temperate,Temperate broadleaf & mixed forests,Oceania,New Zealand site 4
NEW-0442,NEW-0442-T04,1993,,0,14.9,Rhizophora mangle,-38.59051,171.80215,0.1,15.2,1.626,New Zealand,Temperate,Temperate broadleaf & mixed forests,Oceania,New Zealand site 4
NEW-0442,NEW-0442-T04,1998,1993,0,14.3,Rhizophora mangle,-38.59051,171.80215,0.1,15.2,1.626,New Zealand,Temperate,Temperate broadleaf & mixed forests,Oceania,New Zealand site 4
NEW-0442,NEW-0442-T05,1993,,0,25.9,Juniperus thurifera,-38.59051,171.80215,0.1,14.6,2.966,New Zealand,Temperate,Temperate broadleaf & mixed forests,Oceania,New Zealand site 4
NEW-0442,NEW-0442-T05,1998,1993,0,26.6,Juniperus thurifera,-38.59051,171.80215,0.1,14.6,2.966,New Zealand,Temperate,Temperate broadleaf & mixed forests,Oceania,New Zealand site 4
NEW-0442,NEW-0442-T06,1993,,0,29.8,Eucalyptus camaldulensis,-38.59051,171.80215,0.1,26.8,3.372,New Zealand,Temperate,Temperate broadleaf & mixed forests,Oceania,New Zealand site 4
NEW-0442,NEW-0442-T06,1998,1993,0,29.0,Eucalyptus camaldulensis,-38.59051,171.80215,0.1,26.8,3.372,New Zealand,Temperate,Temperate broadleaf & mixed forests,Oceania,New Zealand site 4
NEW-0442,NEW-0442-T07,1993,,0,56.1,Juniperus thurifera,-38.59051,171.80215,0.1,19.0,2.993,New Zealand,Temperate,Temperate broadleaf & mixed forests,Oceania,New Zealand site 4
NEW-0442,NEW-0442-T07,1998,1993,0,56.2,Juniperus thurifera,-38.59051,171.80215,0.1,19.0,2.993,New Zealand,Temperate,Temperate broadleaf & mixed forests,Oceania,New Zealand site 4
NEW-0442,NEW-0442-T08,1993,,0,46.7,Acer saccharum,-38.59051,171.80215,0.1,35.0,3.425,New Zealand,Temperate,Temperate broadleaf & mixed forests,Oceania,New Zealand site 4
NEW-0442,NEW-0442-T08,1998,1993,0,46.7,Acer saccharum,-38.59051,171.80215,0.1,35.0,3.425,New Zealand,Temperate,Temperate broadleaf & mixed forests,Oceania,New Zealand site 4
NEW-0442,NEW-0442-T09,1993,,0,56.5,Cecropia obtusa,-38.59051,171.80215,0.1,23.4,1.933,New Zealand,Temperate,Temperate broadleaf & mixed forests,Oceania,New Zealand site 4
NEW-0442,NEW-0442-T09,1998,1993,0,56.5,Cecropia obtusa,-38.59051,171.80215,0.1,23.4,1.933,New Zealand,Temperate,Temperate broadleaf & mixed forests,Oceania,New Zealand site 4
NEW-0442,NEW-0442-T10,1993,,0,42.5,Cecropia obtusa,-38.59051,171.80215,0.1,23.1,2.756,New Zealand,Temperate,Temperate broadleaf & mixed forests,Oceania,New Zealand site 4
NEW-0442,NEW-0442-T10,1998,1993,0,42.7,Cecropia obtusa,-38.59051,171.80215,0.1,23.1,2.756,New Zealand,Temperate,Temperate broadleaf & mixed forests,Oceania,New Zealand site 4
NEW-0442,NEW-0442-T11,1993,,0,47.6,Shorea leprosula,-38.59051,171.80215,0.1,25.2,3.743,New Zealand,Temperate,Temperate broadleaf & mixed forests,Oceania,New Zealand site 4
NEW-0442,NEW-0442-T11,1998,1993,0,47.6,Shorea leprosula,-38.59051,171.80215,0.1,25.2,3.743,New Zealand,Temperate,Temperate broadleaf & mixed forests,Oceania,New Zealand site 4
NEW-0443,NEW-0443-T01,2016,,0,25.4,Avicennia germinans,-40.6195,175.04717,1.0,,,New Zealand,Mixed,Temperate broadleaf & mixed forests,Oceania,New Zealand site 5
NEW-0443,NEW-0443-T02,2016,,0,40.4,Eperua falcata,-40.6195,175.04717,1.0,,,New Zealand,Mixed,Temperate broadleaf & mixed forests,Oceania,New Zealand site 5
NEW-0443,NEW-0443-T03,2016,,0,45.8,Eucalyptus camaldulensis,-40.6195,175.04717,1.0,,,New Zealand,Mixed,Temperate broadleaf & mixed forests,Oceania,New Zealand site 5
NEW-0443,NEW-0443-T04,2016,,0,46.3,Nothofagus pumilio,-40.6195,175.04717,1.0,,,New Zealand,Mixed,Temperate broadleaf & mixed forests,Oceania,New Zealand site 5
NEW-0443,NEW-0443-T05,2016,,0,60.2,Pinus sylvestris,-40.6195,175.04717,1.0,,,New Zealand,Mixed,Temperate broadleaf & mixed forests,Oceania,New Zealand site 5
NEW-0444,NEW-0444-T01,2019,,0,60.4,Dipterocarpus grandiflorus,-39.18708,168.47905,0.1,19.6,3.995,New Zealand,Mixed,Temperate broadleaf & mixed forests,Oceania,New Zealand site 6
NEW-0444,NEW-0444-T02,2019,,0,32.0,Cecropia obtusa,-39.18708,168.47905,0.1,30.8,3.779,New Zealand,Mixed,Temperate broadleaf & mixed forests,Oceania,New Zealand site 6
NEW-0444,NEW-0444-T03,2019,,0,41.4,Quercus ilex,-39.18708,168.47905,0.1,20.7,1.519,New Zealand,Mixed,Temperate broadleaf & mixed forests,Oceania,New Zealand site 6
NEW-0444,NEW-0444-T04,2019,,0,27.2,Cecropia obtusa,-39.18708,168.47905,0.1,17.5,3.458,New Zealand,Mixed,Temperate broadleaf & mixed forests,Oceania,New Zealand site 6
NEW-0444,NEW-0444-T05,2019,,0,24.8,Cecropia obtusa,-39.18708,168.47905,0.1,11.3,1.827,New Zealand,Mixed,Temperate broadleaf & mixed forests,Oceania,New Zealand site 6
NEW-0444,NEW-0444-T06,2019,,1,20.8,Cecropia obtusa,-39.18708,168.47905,0.1,29.7,4.113,New Zealand,Mixed,Temperate broadleaf & mixed forests,Oceania,New Zealand site 6
NEW-0444,NEW-0444-T07,2019,,0,27.0,Tsuga canadensis,-39.18708,168.47905,0.1,23.1,0.843,New Zealand,Mixed,Temperate broadleaf & mixed forests,Oceania,New Zealand site 6
NEW-0444,NEW-0444-T08,2019,,0,50.4,Inga edulis,-39.18708,168.47905,0.1,33.1,0.405,New Zealand,Mixed,Temperate broadleaf & mixed forests,Oceania,New Zealand site 6
NEW-0444,NEW-0444-T09,2019,,0,33.7,Juniperus thurifera,-39.18708,168.47905,0.1,27.2,0.793,New Zealand,Mixed,Temperate broadleaf & mixed forests,Oceania,New Zealand site 6
NEW-0444,NEW-0444-T10,2019,,0,36.3,Betula pendula,-39.18708,168.47905,0.1,30.8,3.568,New Zealand,Mixed,Temperate broadleaf & mixed forests,Oceania,New Zealand site 6
NEW-0445,NEW-0445-T01,1960,,0,40.4,Milicia excelsa,-42.86452,170.29636,0.1,22.4,,New Zealand,Mixed,Temperate broadleaf & mixed forests,Oceania,New Zealand site 7
NEW-0445,NEW-0445-T02,1960,,0,38.7,Fagus sylvatica,-42.86452,170.29636,0.1,23.6,,New Zealand,Mixed,Temperate broadleaf & mixed forests,Oceania,New Zealand site 7
NEW-0445,NEW-0445-T03,1960,,0,45.5,Khaya ivorensis,-42.86452,170.29636,0.1,36.6,,New Zealand,Mixed,Temperate broadleaf & mixed forests,Oceania,New Zealand site 7
NEW-0445,NEW-0445-T04,1960,,0,60.4,Eucalyptus camaldulensis,-42.86452,170.29636,0.1,16.2,,New Zealand,Mixed,Temperate broadleaf & mixed forests,Oceania,New Zealand site 7
NEW-0445,NEW-0445-T05,1960,,0,57.1,Tsuga canadensis,-42.86452,170.29636,0.1,24.6,,New Zealand,Mixed,Temperate broadleaf & mixed forests,Oceania,New Zealand site 7
NEW-0445,NEW-0445-T06,1960,,0,55.0,Eperua falcata,-42.86452,170.29636,0.1,21.2,,New Zealand,Mixed,Temperate broadleaf & mixed forests,Oceania,New Zealand site 7
NEW-0445,NEW-0445-T07,1960,,0,29.6,Eucalyptus camaldulensis,-42.86452,170.29636,0.1,37.6,,New Zealand,Mixed,Temperate broadleaf & mixed forests,Oceania,New Zealand site 7
NEW-0445,NEW-0445-T08,1960,,0,25.6,Ocotea aciphylla,-42.86452,170.29636,0.1,16.2,,New Zealand,Mixed,Temperate broadleaf & mixed forests,Oceania,New Zealand site 7
NEW-0445,NEW-0445-T09,1960,,0,21.2,Ocotea aciphylla,-42.86452,170.29636,0.1,12.6,,New Zealand,Mixed,Temperate broadleaf & mixed forests,Oceania,New Zealand site 7
NEW-0445,NEW-0445-T10,1960,,0,56.1,Quercus ilex,-42.86452,170.29636,0.1,22.5,,New Zealand,Mixed,Temperate broadleaf & mixed forests,Oceania,New Zealand site 7
NEW-0445,NEW-0445-T11,1960,,0,42.2,Inga edulis,-42.86452,170.29636,0.1,12.1,,New Zealand,Mixed,Temperate broadleaf & mixed forests,Oceania,New Zealand site 7
NEW-0446,NEW-0446-T01,2017,,0,48.5,Eperua falcata,-37.75476,169.61592,0.25,19.9,3.142,New Zealand,Temperate,Temperate broadleaf & mixed forests,Oceania,New Zealand site 8
NEW-0446,NEW-0446-T02,2017,,0,39.0,Quercus ilex,-37.75476,169.61592,0.25,11.2,3.115,New Zealand,Temperate,Temperate broadleaf & mixed forests,Oceania,New Zealand site 8
NEW-0446,NEW-0446-T03,2017,,0,30.1,Ocotea aciphylla,-37.75476,169.61592,0.25,30.2,4.166,New Zealand,Temperate,Temperate broadleaf & mixed forests,Oceania,New Zealand site 8
NEW-0446,NEW-0446-T04,2017,,0,27.7,Eucalyptus camaldulensis,-37.75476,169.61592,0.25,9.3,4.415,New Zealand,Temperate,Temperate broadleaf & mixed forests,Oceania,New Zealand site 8
NEW-0446,NEW-0446-T05,2017,,0,60.4,Ocotea aciphylla,-37.75476,169.61592,0.25,29.7,3.827,New Zealand,Temperate,Temperate broadleaf & mixed forests,Oceania,New Zealand site 8
NEW-0446,NEW-0446-T06,2017,,0,19.7,Milicia excelsa,-37.75476,169.61592,0.25,15.4,0.108,New Zealand,Temperate,Temperate broadleaf & mixed forests,Oceania,New Zealand site 8
NEW-0446,NEW-0446-T07,2017,,0,55.2,Eperua falcata,-37.75476,169.61592,0.25,24.5,0.42,New Zealand,Temperate,Temperate broadleaf & mixed forests,Oceania,New Zealand site 8
NEW-0446,NEW-0446-T08,2017,,0,30.5,Acer saccharum,-37.75476,169.61592,0.25,14.5,2.741,New Zealand,Temperate,Temperate broadleaf & mixed forests,Oceania,New Zealand site 8
NEW-0446,NEW-0446-T09,2017,,0,35.6,Khaya ivorensis,-37.75476,169.61592,0.25,16.7,1.791,New Zealand,Temperate,Temperate broadleaf & mixed forests,Oceania,New Zealand site 8
NEW-0446,NEW-0446-T10,2017,,0,49.9,Quercus ilex,-37.75476,169.61592,0.25,8.7,2.173,New Zealand,Temperate,Temperate broadleaf & mixed forests,Oceania,New Zealand site 8
NEW-0447,NEW-0447-T01,1937,,0,58.7,Juniperus thurifera,-42.61617,168.50865,0.5,,,New Zealand,Temperate,Temperate broadleaf & mixed forests,Oceania,New Zealand site 9
NEW-0447,NEW-0447-T01,1947,1937,0,59.2,Juniperus thurifera,-42.61617,168.50865,0.5,,,New Zealand,Temperate,Temperate broadleaf & mixed forests,Oceania,New Zealand site 9
NEW-0447,NEW-0447-T02,1937,,0,38.9,Betula pendula,-42.61617,168.50865,0.5,,,New Zealand,Temperate,Temperate broadleaf & mixed forests,Oceania,New Zealand site 9
NEW-0447,NEW-0447-T02,1947,1937,0,39.5,Betula pendula,-42.61617,168.50865,0.5,,,New Zealand,Temperate,Temperate broadleaf & mixed forests,Oceania,New Zealand site 9
NEW-0447,NEW-0447-T03,1937,,0,26.3,Acer saccharum,-42.61617,168.50865,0.5,,,New Zealand,Temperate,Temperate broadleaf & mixed forests,Oceania,New Zealand site 9
NEW-0447,NEW-0447-T03,1947,1937,0,25.9,Acer saccharum,-42.61617,168.50865,0.5,,,New Zealand,Temperate,Temperate broadleaf & mixed forests,Oceania,New Zealand site 9
NEW-0447,NEW-0447-T04,1937,,0,49.0,Eucalyptus camaldulensis,-42.61617,168.50865,0.5,,,New Zealand,Temperate,Temperate broadleaf & mixed forests,Oceania,New Zealand site 9
NEW-0447,NEW-0447-T04,1947,1937,0,49.1,Eucalyptus camaldulensis,-42.61617,168.50865,0.5,,,New Zealand,Temperate,Temperate broadleaf & mixed forests,Oceania,New Zealand site 9
NEW-0447,NEW-0447-T05,1937,,0,22.7,Avicennia germinans,-42.61617,168.50865,0.5,,,New Zealand,Temperate,Temperate broadleaf & mixed forests,Oceania,New Zealand site 9
NEW-0447,NEW-0447-T05,1947,1937,0,23.2,Avicennia germinans,-42.61617,168.50865,0.5,,,New Zealand,Temperate,Temperate broadleaf & mixed forests,Oceania,New Zealand site 9
NEW-0447,NEW-0447-T06,1937,,0,34.0,Fagus sylvatica,-42.61617,168.50865,0.5,,,New Zealand,Temperate,Temperate broadleaf & mixed forests,Oceania,New Zealand site 9
NEW-0447,NEW-0447-T06,1947,1937,0,34.3,Fagus sylvatica,-42.61617,168.50865,0.5,,,New Zealand,Temperate,Temperate broadleaf & mixed forests,Oceania,New Zealand site 9
NEW-0447,NEW-0447-T07,1937,,0,42.5,Tsuga canadensis,-42.61617,168.50865,0.5,,,New Zealand,Temperate,Temperate broadleaf & mixed forests,Oceania,New Zealand site 9
NEW-0447,NEW-0447-T07,1947,1937,0,41.4,Tsuga canadensis,-42.61617,168.50865,0.5,,,New Zealand,Temperate,Temperate broadleaf & mixed forests,Oceania,New Zealand site 9
NEW-0447,NEW-0447-T08,1937,,0,13.5,Avicennia germinans,-42.61617,168.50865,0.5,,,New Zealand,Temperate,Temperate broadleaf & mixed forests,Oceania,New Zealand site 9
NEW-0447,NEW-0447-T08,1947,1937,0,12.4,Avicennia germinans,-42.61617,168.50865,0.5,,,New Zealand,Temperate,Temperate broadleaf & mixed forests,Oceania,New Zealand site 9
NEW-0447,NEW-0447-T09,1937,,0,52.8,Quercus robur,-42.61617,168.50865,0.5,,,New Zealand,Temperate,Temperate broadleaf & mixed forests,Oceania,New Zealand site 9
NEW-0447,NEW-0447-T09,1947,1937,0,53.0,Quercus robur,-42.61617,168.50865,0.5,,,New Zealand,Temperate,Temperate broadleaf & mixed forests,Oceania,New Zealand site 9
NEW-0447,NEW-0447-T10,1937,,0,24.1,Populus tremula,-42.61617,168.50865,0.5,,,New Zealand,Temperate,Temperate broadleaf & mixed forests,Oceania,New Zealand site 9
NEW-0447,NEW-0447-T10,1947,1937,0,24.6,Populus tremula,-42.61617,168.50865,0.5,,,New Zealand,Temperate,Temperate broadleaf & mixed forests,Oceania,New Zealand site 9
NEW-0448,NEW-0448-T01,1998,,0,10.6,Milicia excelsa,-44.27801,172.79857,0.25,11.7,,New Zealand,Temperate,Temperate broadleaf & mixed forests,Oceania,New Zealand site 10
NEW-0448,NEW-0448-T02,1998,,0,33.0,Shorea leprosula,-44.27801,172.79857,0.25,33.8,,New Zealand,Temperate,Temperate broadleaf & mixed forests,Oceania,New Zealand site 10
NEW-0448,NEW-0448-T03,1998,,0,59.9,Quercus ilex,-44.27801,172.79857,0.25,15.2,,New Zealand,Temperate,Temperate broadleaf & mixed forests,Oceania,New Zealand site 10
NEW-0448,NEW-0448-T04,1998,,0,22.2,Milicia excelsa,-44.27801,172.79857,0.25,24.1,,New Zealand,Temperate,Temperate broadleaf & mixed forests,Oceania,New Zealand site 10
NEW-0448,NEW-0448-T05,1998,,0,58.9,Ocotea aciphylla,-44.27801,172.79857,0.25,22.0,,New Zealand,Temperate,Temperate broadleaf & mixed forests,Oceania,New Zealand site 10
NEW-0449,NEW-0449-T01,1954,,0,13.6,Shorea leprosula,-41.4842,170.03445,1.0,18.3,,New Zealand,Mixed,Temperate broadleaf & mixed forests,Oceania,New Zealand site 11
NEW-0449,NEW-0449-T02,1954,,0,34.3,Khaya ivorensis,-41.4842,170.03445,1.0,10.9,,New Zealand,Mixed,Temperate broadleaf & mixed forests,Oceania,New Zealand site 11
NEW-0449,NEW-0449-T03,1954,,0,28.2,Khaya ivorensis,-41.4842,170.03445,1.0,14.4,,New Zealand,Mixed,Temperate broadleaf & mixed forests,Oceania,New Zealand site 11
NEW-0449,NEW-0449-T04,1954,,0,20.8,Betula pendula,-41.4842,170.03445,1.0,12.3,,New Zealand,Mixed,Temperate broadleaf & mixed forests,Oceania,New Zealand site 11
NEW-0449,NEW-0449-T05,1954,,0,26.9,Ocotea aciphylla,-41.4842,170.03445,1.0,8.5,,New Zealand,Mixed,Temperate broadleaf & mixed forests,Oceania,New Zealand site 11
NEW-0449,NEW-0449-T06,1954,,0,50.4,Juniperus thurifera,-41.4842,170.03445,1.0,33.1,,New Zealand,Mixed,Temperate broadleaf & mixed forests,Oceania,New Zealand site 11
NEW-0449,NEW-0449-T07,1954,,0,24.3,Quercus ilex,-41.4842,170.03445,1.0,22.6,,New Zealand,Mixed,Temperate broadleaf & mixed forests,Oceania,New Zealand site 11
NEW-0449,NEW-0449-T08,1954,,0,43.3,Picea abies,-41.4842,170.03445,1.0,20.1,,New Zealand,Mixed,Temperate broadleaf & mixed forests,Oceania,New Zealand site 11
NEW-0450,NEW-0450-T01,2011,,0,41.9,Shorea leprosula,-38.42908,168.16859,1.0,11.5,,New Zealand,Mixed,Temperate broadleaf & mixed forests,Oceania,New Zealand site 12
NEW-0450,NEW-0450-T02,2011,,0,20.9,Acer saccharum,-38.42908,168.16859,1.0,30.2,,New Zealand,Mixed,Temperate broadleaf & mixed forests,Oceania,New Zealand site 12
NEW-0450,NEW-0450-T03,2011,,1,24.3,Khaya ivorensis,-38.42908,168.16859,1.0,8.1,,New Zealand,Mixed,Temperate broadleaf & mixed forests,Oceania,New Zealand site 12
NEW-0450,NEW-0450-T04,2011,,0,21.6,Picea abies,-38.42908,168.16859,1.0,32.2,,New Zealand,Mixed,Temperate broadleaf & mixed forests,Oceania,New Zealand site 12
NEW-0450,NEW-0450-T05,2011,,0,42.2,Rhizophora mangle,-38.42908,168.16859,1.0,10.9,,New Zealand,Mixed,Temperate broadleaf & mixed forests,Oceania,New Zealand site 12
NEW-0450,NEW-0450-T06,2011,,0,44.1,Avicennia germinans,-38.42908,168.16859,1.0,22.7,,New Zealand,Mixed,Temperate broadleaf & mixed forests,Oceania,New Zealand site 12
NEW-0450,NEW-0450-T07,2011,,0,60.6,Populus tremula,-38.42908,168.16859,1.0,11.7,,New Zealand,Mixed,Temperate broadleaf & mixed forests,Oceania,New Zealand site 12
NEW-0450,NEW-0450-T08,2011,,0,38.9,Eperua falcata,-38.42908,168.16859,1.0,37.8,,New Zealand,Mixed,Temperate broadleaf & mixed forests,Oceania,New Zealand site 12
NEW-0450,NEW-0450-T09,2011,,0,35.0,Tsuga canadensis,-38.42908,168.16859,1.0,16.5,,New Zealand,Mixed,Temperate broadleaf & mixed forests,Oceania,New Zealand site 12
CAM-0451,CAM-0451-T01,1992,,0,14.6,Fagus sylvatica,5.05575,11.67455,0.1,,0.134,Cameroon,Tropical,Tropical moist broadleaf forests,Africa,Cameroon site 1
CAM-0451,CAM-0451-T02,1992,,0,13.4,Inga edulis,5.05575,11.67455,0.1,,0.369,Cameroon,Tropical,Tropical moist broadleaf forests,Africa,Cameroon site 1
CAM-0451,CAM-0451-T03,1992,,0,9.7,Milicia excelsa,5.05575,11.67455,0.1,,3.812,Cameroon,Tropical,Tropical moist broadleaf forests,Africa,Cameroon site 1
CAM-0451,CAM-0451-T04,1992,,0,48.5,Rhizophora mangle,5.05575,11.67455,0.1,,4.232,Cameroon,Tropical,Tropical moist broadleaf forests,Africa,Cameroon site 1
CAM-0451,CAM-0451-T05,1992,,0,22.6,Khaya ivorensis,5.05575,11.67455,0.1,,0.17,Cameroon,Tropical,Tropical moist broadleaf forests,Africa,Cameroon site 1
CAM-0451,CAM-0451-T06,1992,,0,17.6,Quercus ilex,5.05575,11.67455,0.1,,2.39,Cameroon,Tropical,Tropical moist broadleaf forests,Africa,Cameroon site 1
CAM-0451,CAM-0451-T07,1992,,0,29.5,Picea abies,5.05575,11.67455,0.1,,3.172,Cameroon,Tropical,Tropical moist broadleaf forests,Africa,Cameroon site 1
CAM-0451,CAM-0451-T08,1992,,0,39.2,Ocotea aciphylla,5.05575,11.67455,0.1,,3.517,Cameroon,Tropical,Tropical moist broadleaf forests,Africa,Cameroon site 1
CAM-0452,CAM-0452-T01,1952,,0,30.9,Juniperus thurifera,3.48068,11.19423,0.25,,,Cameroon,Tropical,Tropical moist broadleaf forests,Africa,Cameroon site 2
CAM-0452,CAM-0452-T02,1952,,0,27.1,Populus tremula,3.48068,11.19423,0.25,,,Cameroon,Tropical,Tropical moist broadleaf forests,Africa,Cameroon site 2
CAM-0452,CAM-0452-T03,1952,,0,34.3,Cecropia obtusa,3.48068,11.19423,0.25,,,Cameroon,Tropical,Tropical moist broadleaf forests,Africa,Cameroon site 2
CAM-0452,CAM-0452-T04,1952,,0,51.0,Milicia excelsa,3.48068,11.19423,0.25,,,Cameroon,Tropical,Tropical moist broadleaf forests,Africa,Cameroon site 2
CAM-0452,CAM-0452-T05,1952,,0,30.0,Quercus ilex,3.48068,11.19423,0.25,,,Cameroon,Tropical,Tropical moist broadleaf forests,Africa,Cameroon site 2
CAM-0452,CAM-0452-T06,1952,,0,14.9,Rhizophora mangle,3.48068,11.19423,0.25,,,Cameroon,Tropical,Tropical moist broadleaf forests,Africa,Cameroon site 2
CAM-0452,CAM-0452-T07,1952,,0,22.6,Tsuga canadensis,3.48068,11.19423,0.25,,,Cameroon,Tropical,Tropical moist broadleaf forests,Africa,Cameroon site 2
CAM-0452,CAM-0452-T08,1952,,0,20.4,Tsuga canadensis,3.48068,11.19423,0.25,,,Cameroon,Tropical,Tropical moist broadleaf forests,Africa,Cameroon site 2
CAM-0452,CAM-0452-T09,1952,,0,48.7,Picea abies,3.48068,11.19423,0.25,,,Cameroon,Tropical,Tropical moist broadleaf forests,Africa,Cameroon site 2
CAM-0452,CAM-0452-T10,1952,,1,22.7,Pinus sylvestris,3.48068,11.19423,0.25,,,Cameroon,Tropical,Tropical moist broadleaf forests,Africa,Cameroon site 2
CAM-0452,CAM-0452-T11,1952,,0,57.2,Rhizophora mangle,3.48068,11.19423,0.25,,,Cameroon,Tropical,Tropical moist broadleaf forests,Africa,Cameroon site 2
CAM-0453,CAM-0453-T01,2010,,0,24.7,Khaya ivorensis,5.46072,13.122,0.25,26.4,1.956,Cameroon,Tropical,Tropical moist broadleaf forests,Africa,Cameroon site 3
CAM-0453,CAM-0453-T02,2010,,0,24.9,Populus tremula,5.46072,13.122,0.25,29.4,3.278,Cameroon,Tropical,Tropical moist broadleaf forests,Africa,Cameroon site 3
CAM-0453,CAM-0453-T03,2010,,0,59.3,Pinus sylvestris,5.46072,13.122,0.25,16.0,4.335,Cameroon,Tropical,Tropical moist broadleaf forests,Africa,Cameroon site 3
CAM-0453,CAM-0453-T04,2010,,0,8.6,Milicia excelsa,5.46072,13.122,0.25,9.5,2.064,Cameroon,Tropical,Tropical moist broadleaf forests,Africa,Cameroon site 3
CAM-0453,CAM-0453-T05,2010,,0,49.8,Ocotea aciphylla,5.46072,13.122,0.25,21.1,1.654,Cameroon,Tropical,Tropical moist broadleaf forests,Africa,Cameroon site 3
CAM-0453,CAM-0453-T06,2010,,0,52.5,Inga edulis,5.46072,13.122,0.25,23.4,4.385,Cameroon,Tropical,Tropical moist broadleaf forests,Africa,Cameroon site 3
CAM-0453,CAM-0453-T07,2010,,0,30.4,Milicia excelsa,5.46072,13.122,0.25,34.9,2.13,Cameroon,Tropical,Tropical moist broadleaf forests,Africa,Cameroon site 3
CAM-0453,CAM-0453-T08,2010,,0,46.2,Shorea leprosula,5.46072,13.122,0.25,32.0,0.654,Cameroon,Tropical,Tropical moist broadleaf forests,Africa,Cameroon site 3
CAM-0454,CAM-0454-T01,1974,,0,29.1,Eucalyptus camaldulensis,5.37306,9.68046,0.5,36.2,0.485,Cameroon,Tropical,Tropical moist broadleaf forests,Africa,Cameroon site 4
CAM-0454,CAM-0454-T02,1974,,0,14.9,Milicia excelsa,5.37306,9.68046,0.5,13.9,3.614,Cameroon,Tropical,Tropical moist broadleaf forests,Africa,Cameroon site 4
CAM-0454,CAM-0454-T03,1974,,0,43.5,Khaya ivorensis,5.37306,9.68046,0.5,17.7,0.733,Cameroon,Tropical,Tropical moist broadleaf forests,Africa,Cameroon site 4
CAM-0454,CAM-0454-T04,1974,,0,39.6,Picea abies,5.37306,9.68046,0.5,31.7,2.469,Cameroon,Tropical,Tropical moist broadleaf forests,Africa,Cameroon site 4
CAM-0454,CAM-0454-T05,1974,,0,53.5,Betula pendula,5.37306,9.68046,0.5,32.3,3.896,Cameroon,Tropical,Tropical moist broadleaf forests,Africa,Cameroon site 4
CAM-0454,CAM-0454-T06,1974,,0,32.4,Eperua falcata,5.37306,9.68046,0.5,15.9,2.838,Cameroon,Tropical,Tropical moist broadleaf forests,Africa,Cameroon site 4
CAM-0454,CAM-0454-T07,1974,,0,45.8,Ocotea aciphylla,5.37306,9.68046,0.5,13.4,3.095,Cameroon,Tropical,Tropical moist broadleaf forests,Africa,Cameroon site 4
CAM-0454,CAM-0454-T08,1974,,0,57.9,Dipterocarpus grandiflorus,5.37306,9.68046,0.5,11.3,0.457,Cameroon,Tropical,Tropical moist broadleaf forests,Africa,Cameroon site 4
CAM-0454,CAM-0454-T09,1974,,0,43.9,Nothofagus pumilio,5.37306,9.68046,0.5,30.9,3.139,Cameroon,Tropical,Tropical moist broadleaf forests,Africa,Cameroon site 4
CAM-0454,CAM-0454-T10,1974,,0,57.8,Inga edulis,5.37306,9.68046,0.5,13.6,4.349,Cameroon,Tropical,Tropical moist broadleaf forests,Africa,Cameroon site 4
CAM-0454,CAM-0454-T11,1974,,0,11.1,Betula pendula,5.37306,9.68046,0.5,24.6,2.923,Cameroon,Tropical,Tropical moist broadleaf forests,Africa,Cameroon site 4
CAM-0455,CAM-0455-T01,2010,,0,19.7,Juniperus thurifera,5.20552,10.3034,1.0,,,Cameroon,Tropical,Tropical moist broadleaf forests,Africa,Cameroon site 5
CAM-0455,CAM-0455-T02,2010,,0,35.7,Cecropia obtusa,5.20552,10.3034,1.0,,,Cameroon,Tropical,Tropical moist broadleaf forests,Africa,Cameroon site 5
CAM-0455,CAM-0455-T03,2010,,0,50.0,Nothofagus pumilio,5.20552,10.3034,1.0,,,Cameroon,Tropical,Tropical moist broadleaf forests,Africa,Cameroon site 5
CAM-0455,CAM-0455-T04,2010,,0,58.7,Avicennia germinans,5.20552,10.3034,1.0,,,Cameroon,Tropical,Tropical moist broadleaf forests,Africa,Cameroon site 5
CAM-0455,CAM-0455-T05,2010,,1,15.3,Milicia excelsa,5.20552,10.3034,1.0,,,Cameroon,Tropical,Tropical moist broadleaf forests,Africa,Cameroon site 5
CAM-0455,CAM-0455-T06,2010,,0,22.1,Pinus sylvestris,5.20552,10.3034,1.0,,,Cameroon,Tropical,Tropical moist broadleaf forests,Africa,Cameroon site 5
CAM-0455,CAM-0455-T07,2010,,0,21.1,Tsuga canadensis,5.20552,10.3034,1.0,,,Cameroon,Tropical,Tropical moist broadleaf forests,Africa,Cameroon site 5
CAM-0455,CAM-0455-T08,2010,,0,56.6,Fagus sylvatica,5.20552,10.3034,1.0,,,Cameroon,Tropical,Tropical moist broadleaf forests,Africa,Cameroon site 5
CAM-0455,CAM-0455-T09,2010,,0,17.1,Rhizophora mangle,5.20552,10.3034,1.0,,,Cameroon,Tropical,Tropical moist broadleaf forests,Africa,Cameroon site 5
CAM-0455,CAM-0455-T10,2010,,1,8.6,Inga edulis,5.20552,10.3034,1.0,,,Cameroon,Tropical,Tropical moist broadleaf forests,Africa,Cameroon site 5
CAM-0456,CAM-0456-T01,1957,,0,57.7,Inga edulis,5.92238,9.99133,0.1,22.1,,Cameroon,Tropical,Tropical moist broadleaf forests,Africa,Cameroon site 6
CAM-0456,CAM-0456-T02,1957,,0,8.6,Juniperus thurifera,5.92238,9.99133,0.1,20.7,,Cameroon,Tropical,Tropical moist broadleaf forests,Africa,Cameroon site 6
CAM-0456,CAM-0456-T03,1957,,0,13.9,Cecropia obtusa,5.92238,9.99133,0.1,24.3,,Cameroon,Tropical,Tropical moist broadleaf forests,Africa,Cameroon site 6
CAM-0456,CAM-0456-T04,1957,,1,15.8,Inga edulis,5.92238,9.99133,0.1,26.1,,Cameroon,Tropical,Tropical moist broadleaf forests,Africa,Cameroon site 6
CAM-0456,CAM-0456-T05,1957,,0,43.3,Cecropia obtusa,5.92238,9.99133,0.1,28.7,,Cameroon,Tropical,Tropical moist broadleaf forests,Africa,Cameroon site 6
CAM-0456,CAM-0456-T06,1957,,0,18.0,Cecropia obtusa,5.92238,9.99133,0.1,10.8,,Cameroon,Tropical,Tropical moist broadleaf forests,Africa,Cameroon site 6
CAM-0456,CAM-0456-T07,1957,,0,37.5,Dipterocarpus grandiflorus,5.92238,9.99133,0.1,33.4,,Cameroon,Tropical,Tropical moist broadleaf forests,Africa,Cameroon site 6
CAM-0456,CAM-0456-T08,1957,,0,43.5,Fagus sylvatica,5.92238,9.99133,0.1,11.1,,Cameroon,Tropical,Tropical moist broadleaf forests,Africa,Cameroon site 6
CAM-0457,CAM-0457-T01,2022,,0,10.4,Populus tremula,5.78485,13.13629,0.5,34.6,,Cameroon,Tropical,Tropical moist broadleaf forests,Africa,Cameroon site 7
CAM-0457,CAM-0457-T02,2022,,0,53.6,Inga edulis,5.78485,13.13629,0.5,27.6,,Cameroon,Tropical,Tropical moist broadleaf forests,Africa,Cameroon site 7
CAM-0457,CAM-0457-T03,2022,,0,41.2,Shorea leprosula,5.78485,13.13629,0.5,22.0,,Cameroon,Tropical,Tropical moist broadleaf forests,Africa,Cameroon site 7
CAM-0457,CAM-0457-T04,2022,,0,12.5,Quercus ilex,5.78485,13.13629,0.5,9.1,,Cameroon,Tropical,Tropical moist broadleaf forests,Africa,Cameroon site 7
CAM-0457,CAM-0457-T05,2022,,1,48.6,Milicia excelsa,5.78485,13.13629,0.5,26.3,,Cameroon,Tropical,Tropical moist broadleaf forests,Africa,Cameroon site 7
CAM-0457,CAM-0457-T06,2022,,0,51.0,Shorea leprosula,5.78485,13.13629,0.5,25.1,,Cameroon,Tropical,Tropical moist broadleaf forests,Africa,Cameroon site 7
CAM-0457,CAM-0457-T07,2022,,0,42.8,Avicennia germinans,5.78485,13.13629,0.5,14.9,,Cameroon,Tropical,Tropical moist broadleaf forests,Africa,Cameroon site 7
CAM-0457,CAM-0457-T08,2022,,0,61.9,Milicia excelsa,5.78485,13.13629,0.5,29.2,,Cameroon,Tropical,Tropical moist broadleaf forests,Africa,Cameroon site 7
CAM-0457,CAM-0457-T09,2022,,0,10.9,Milicia excelsa,5.78485,13.13629,0.5,24.6,,Cameroon,Tropical,Tropical moist broadleaf forests,Africa,Cameroon site 7
CAM-0458,CAM-0458-T01,1962,,0,39.0,Nothofagus pumilio,5.98562,10.41484,0.1,13.6,4.471,Cameroon,Tropical,Tropical moist broadleaf forests,Africa,Cameroon site 8
CAM-0458,CAM-0458-T02,1962,,0,33.1,Inga edulis,5.98562,10.41484,0.1,8.3,1.262,Cameroon,Tropical,Tropical moist broadleaf forests,Africa,Cameroon site 8
CAM-0458,CAM-0458-T03,1962,,0,57.8,Eperua falcata,5.98562,10.41484,0.1,10.0,1.135,Cameroon,Tropical,Tropical moist broadleaf forests,Africa,Cameroon site 8
CAM-0458,CAM-0458-T04,1962,,0,50.2,Betula pendula,5.98562,10.41484,0.1,18.2,0.79,Cameroon,Tropical,Tropical moist broadleaf forests,Africa,Cameroon site 8
CAM-0458,CAM-0458-T05,1962,,0,17.4,Betula pendula,5.98562,10.41484,0.1,20.7,3.313,Cameroon,Tropical,Tropical moist broadleaf forests,Africa,Cameroon site 8
CAM-0458,CAM-0458-T06,1962,,0,46.2,Nothofagus pumilio,5.98562,10.41484,0.1,21.7,3.571,Cameroon,Tropical,Tropical moist broadleaf forests,Africa,Cameroon site 8
CAM-0458,CAM-0458-T07,1962,,0,54.7,Betula pendula,5.98562,10.41484,0.1,35.8,1.059,Cameroon,Tropical,Tropical moist broadleaf forests,Africa,Cameroon site 8
CAM-0459,CAM-0459-T01,2011,,0,48.8,Populus tremula,4.40664,13.35722,0.5,32.8,,Cameroon,Tropical,Tropical moist broadleaf forests,Africa,Cameroon site 9
CAM-0459,CAM-0459-T01,2021,2011,1,48.4,Populus tremula,4.40664,13.35722,0.5,32.8,,Cameroon,Tropical,Tropical moist broadleaf forests,Africa,Cameroon site 9
CAM-0459,CAM-0459-T02,2011,,0,32.2,Ocotea aciphylla,4.40664,13.35722,0.5,34.6,,Cameroon,Tropical,Tropical moist broadleaf forests,Africa,Cameroon site 9
CAM-0459,CAM-0459-T02,2021,2011,0,32.5,Ocotea aciphylla,4.40664,13.35722,0.5,34.6,,Cameroon,Tropical,Tropical moist broadleaf forests,Africa,Cameroon site 9
CAM-0459,CAM-0459-T03,2011,,0,39.0,Inga edulis,4.40664,13.35722,0.5,31.1,,Cameroon,Tropical,Tropical moist broadleaf forests,Africa,Cameroon site 9
CAM-0459,CAM-0459-T03,2021,2011,0,40.0,Inga edulis,4.40664,13.35722,0.5,31.1,,Cameroon,Tropical,Tropical moist broadleaf forests,Africa,Cameroon site 9
CAM-0459,CAM-0459-T04,2011,,0,10.5,Dipterocarpus grandiflorus,4.40664,13.35722,0.5,32.2,,Cameroon,Tropical,Tropical moist broadleaf forests,Africa,Cameroon site 9
CAM-0459,CAM-0459-T04,2021,2011,0,9.3,Dipterocarpus grandiflorus,4.40664,13.35722,0.5,32.2,,Cameroon,Tropical,Tropical moist broadleaf forests,Africa,Cameroon site 9
CAM-0459,CAM-0459-T05,2011,,0,27.9,Eperua falcata,4.40664,13.35722,0.5,36.5,,Cameroon,Tropical,Tropical moist broadleaf forests,Africa,Cameroon site 9
CAM-0459,CAM-0459-T05,2021,2011,0,27.9,Eperua falcata,4.40664,13.35722,0.5,36.5,,Cameroon,Tropical,Tropical moist broadleaf forests,Africa,Cameroon site 9
CAM-0459,CAM-0459-T06,2011,,0,51.6,Eperua falcata,4.40664,13.35722,0.5,33.9,,Cameroon,Tropical,Tropical moist broadleaf forests,Africa,Cameroon site 9
CAM-0459,CAM-0459-T06,2021,2011,0,51.4,Eperua falcata,4.40664,13.35722,0.5,33.9,,Cameroon,Tropical,Tropical moist broadleaf forests,Africa,Cameroon site 9
CAM-0459,CAM-0459-T07,2011,,0,18.4,Quercus robur,4.40664,13.35722,0.5,18.4,,Cameroon,Tropical,Tropical moist broadleaf forests,Africa,Cameroon site 9
CAM-0459,CAM-0459-T07,2021,2011,0,18.1,Quercus robur,4.40664,13.35722,0.5,18.4,,Cameroon,Tropical,Tropical moist broadleaf forests,Africa,Cameroon site 9
CAM-0460,CAM-0460-T01,1938,,0,8.3,Inga edulis,4.51363,10.90469,0.5,10.8,1.777,Cameroon,Tropical,Tropical moist broadleaf forests,Africa,Cameroon site 10
CAM-0460,CAM-0460-T01,1943,1938,0,8.8,Inga edulis,4.51363,10.90469,0.5,10.8,1.777,Cameroon,Tropical,Tropical moist broadleaf forests,Africa,Cameroon site 10
CAM-0460,CAM-0460-T02,1938,,0,19.3,Eperua falcata,4.51363,10.90469,0.5,21.4,2.523,Cameroon,Tropical,Tropical moist broadleaf forests,Africa,Cameroon site 10
CAM-0460,CAM-0460-T02,1943,1938,0,19.4,Eperua falcata,4.51363,10.90469,0.5,21.4,2.523,Cameroon,Tropical,Tropical moist broadleaf forests,Africa,Cameroon site 10
CAM-0460,CAM-0460-T03,1938,,0,54.7,Rhizophora mangle,4.51363,10.90469,0.5,21.1,0.292,Cameroon,Tropical,Tropical moist broadleaf forests,Africa,Cameroon site 10
CAM-0460,CAM-0460-T03,1943,1938,0,54.7,Rhizophora mangle,4.51363,10.90469,0.5,21.1,0.292,Cameroon,Tropical,Tropical moist broadleaf forests,Africa,Cameroon site 10
CAM-0460,CAM-0460-T04,1938,,0,51.1,Juniperus thurifera,4.51363,10.90469,0.5,21.7,2.865,Cameroon,Tropical,Tropical moist broadleaf forests,Africa,Cameroon site 10
CAM-0460,CAM-0460-T04,1943,1938,0,50.7,Juniperus thurifera,4.51363,10.90469,0.5,21.7,2.865,Cameroon,Tropical,Tropical moist broadleaf forests,Africa,Cameroon site 10
CAM-0460,CAM-0460-T05,1938,,0,10.4,Populus tremula,4.51363,10.90469,0.5,14.8,1.204,Cameroon,Tropical,Tropical moist broadleaf forests,Africa,Cameroon site 10
CAM-0460,CAM-0460-T05,1943,1938,0,10.2,Populus tremula,4.51363,10.90469,0.5,14.8,1.204,Cameroon,Tropical,Tropical moist broadleaf forests,Africa,Cameroon site 10
CAM-0460,CAM-0460-T06,1938,,0,56.4,Avicennia germinans,4.51363,10.90469,0.5,15.9,3.91,Cameroon,Tropical,Tropical moist broadleaf forests,Africa,Cameroon site 10
CAM-0460,CAM-0460-T06,1943,1938,0,57.1,Avicennia germinans,4.51363,10.90469,0.5,15.9,3.91,Cameroon,Tropical,Tropical moist broadleaf forests,Africa,Cameroon site 10
CAM-0461,CAM-0461-T01,2006,,0,24.4,Juniperus thurifera,3.35053,9.22081,0.1,34.2,,Cameroon,Tropical,Tropical moist broadleaf forests,Africa,Cameroon site 11
CAM-0461,CAM-0461-T01,2010,2006,0,24.3,Juniperus thurifera,3.35053,9.22081,0.1,34.2,,Cameroon,Tropical,Tropical moist broadleaf forests,Africa,Cameroon site 11
CAM-0461,CAM-0461-T02,2006,,0,28.9,Ocotea aciphylla,3.35053,9.22081,0.1,33.7,,Cameroon,Tropical,Tropical moist broadleaf forests,Africa,Cameroon site 11
CAM-0461,CAM-0461-T02,2010,2006,0,28.6,Ocotea aciphylla,3.35053,9.22081,0.1,33.7,,Cameroon,Tropical,Tropical moist broadleaf forests,Africa,Cameroon site 11
CAM-0461,CAM-0461-T03,2006,,0,56.1,Juniperus thurifera,3.35053,9.22081,0.1,18.8,,Cameroon,Tropical,Tropical moist broadleaf forests,Africa,Cameroon site 11
CAM-0461,CAM-0461-T03,2010,2006,0,55.8,Juniperus thurifera,3.35053,9.22081,0.1,18.8,,Cameroon,Tropical,Tropical moist broadleaf forests,Africa,Cameroon site 11
CAM-0461,CAM-0461-T04,2006,,0,13.7,Picea abies,3.35053,9.22081,0.1,9.5,,Cameroon,Tropical,Tropical moist broadleaf forests,Africa,Cameroon site 11
CAM-0461,CAM-0461-T04,2010,2006,0,13.3,Picea abies,3.35053,9.22081,0.1,9.5,,Cameroon,Tropical,Tropical moist broadleaf forests,Africa,Cameroon site 11
CAM-0461,CAM-0461-T05,2006,,0,23.7,Ocotea aciphylla,3.35053,9.22081,0.1,30.3,,Cameroon,Tropical,Tropical moist broadleaf forests,Africa,Cameroon site 11
CAM-0461,CAM-0461-T05,2010,2006,0,23.7,Ocotea aciphylla,3.35053,9.22081,0.1,30.3,,Cameroon,Tropical,Tropical moist broadleaf forests,Africa,Cameroon site 11
CAM-0461,CAM-0461-T06,2006,,0,17.0,Betula pendula,3.35053,9.22081,0.1,28.5,,Cameroon,Tropical,Tropical moist broadleaf forests,Africa,Cameroon site 11
CAM-0461,CAM-0461-T06,2010,2006,0,16.5,Betula pendula,3.35053,9.22081,0.1,28.5,,Cameroon,Tropical,Tropical moist broadleaf forests,Africa,Cameroon site 11
CAM-0461,CAM-0461-T07,2006,,0,48.9,Quercus robur,3.35053,9.22081,0.1,25.4,,Cameroon,Tropical,Tropical moist broadleaf forests,Africa,Cameroon site 11
CAM-0461,CAM-0461-T07,2010,2006,0,49.4,Quercus robur,3.35053,9.22081,0.1,25.4,,Cameroon,Tropical,Tropical moist broadleaf forests,Africa,Cameroon site 11
CAM-0461,CAM-0461-T08,2006,,0,48.0,Ocotea aciphylla,3.35053,9.22081,0.1,8.3,,Cameroon,Tropical,Tropical moist broadleaf forests,Africa,Cameroon site 11
CAM-0461,CAM-0461-T08,2010,2006,0,47.8,Ocotea aciphylla,3.35053,9.22081,0.1,8.3,,Cameroon,Tropical,Tropical moist broadleaf forests,Africa,Cameroon site 11
CAM-0461,CAM-0461-T09,2006,,0,46.8,Khaya ivorensis,3.35053,9.22081,0.1,20.2,,Cameroon,Tropical,Tropical moist broadleaf forests,Africa,Cameroon site 11
CAM-0461,CAM-0461-T09,2010,2006,0,47.1,Khaya ivorensis,3.35053,9.22081,0.1,20.2,,Cameroon,Tropical,Tropical moist broadleaf forests,Africa,Cameroon site 11
CAM-0461,CAM-0461-T10,2006,,0,41.7,Fagus sylvatica,3.35053,9.22081,0.1,33.9,,Cameroon,Tropical,Tropical moist broadleaf forests,Africa,Cameroon site 11
CAM-0461,CAM-0461-T10,2010,2006,0,40.9,Fagus sylvatica,3.35053,9.22081,0.1,33.9,,Cameroon,Tropical,Tropical moist broadleaf forests,Africa,Cameroon site 11
CAM-0461,CAM-0461-T11,2006,,0,48.9,Fagus sylvatica,3.35053,9.22081,0.1,14.2,,Cameroon,Tropical,Tropical moist broadleaf forests,Africa,Cameroon site 11
CAM-0461,CAM-0461-T11,2010,2006,0,47.7,Fagus sylvatica,3.35053,9.22081,0.1,14.2,,Cameroon,Tropical,Tropical moist broadleaf forests,Africa,Cameroon site 11
CAM-0462,CAM-0462-T01,1993,,0,17.9,Juniperus thurifera,4.47382,13.75025,1.0,,,Cameroon,Tropical,Tropical moist broadleaf forests,Africa,Cameroon site 12
CAM-0462,CAM-0462-T02,1993,,0,11.8,Rhizophora mangle,4.47382,13.75025,1.0,,,Cameroon,Tropical,Tropical moist broadleaf forests,Africa,Cameroon site 12
CAM-0462,CAM-0462-T03,1993,,0,59.1,Fagus sylvatica,4.47382,13.75025,1.0,,,Cameroon,Tropical,Tropical moist broadleaf forests,Africa,Cameroon site 12
CAM-0462,CAM-0462-T04,1993,,0,14.7,Ocotea aciphylla,4.47382,13.75025,1.0,,,Cameroon,Tropical,Tropical moist broadleaf forests,Africa,Cameroon site 12
CAM-0462,CAM-0462-T05,1993,,0,17.3,Cecropia obtusa,4.47382,13.75025,1.0,,,Cameroon,Tropical,Tropical moist broadleaf forests,Africa,Cameroon site 12
CAM-0462,CAM-0462-T06,1993,,0,30.0,Fagus sylvatica,4.47382,13.75025,1.0,,,Cameroon,Tropical,Tropical moist broadleaf forests,Africa,Cameroon site 12
CAM-0462,CAM-0462-T07,1993,,0,57.5,Khaya ivorensis,4.47382,13.75025,1.0,,,Cameroon,Tropical,Tropical moist broadleaf forests,Africa,Cameroon site 12
CAM-0462,CAM-0462-T08,1993,,0,20.5,Acer saccharum,4.47382,13.75025,1.0,,,Cameroon,Tropical,Tropical moist broadleaf forests,Africa,Cameroon site 12
CAM-0463,CAM-0463-T01,1951,,0,10.8,Populus tremula,4.30929,13.97601,0.5,12.3,2.783,Cameroon,Tropical,Tropical moist broadleaf forests,Africa,Cameroon site 13
CAM-0463,CAM-0463-T02,1951,,0,23.1,Shorea leprosula,4.30929,13.97601,0.5,8.7,1.817,Cameroon,Tropical,Tropical moist broadleaf forests,Africa,Cameroon site 13
CAM-0463,CAM-0463-T03,1951,,0,53.1,Quercus robur,4.30929,13.97601,0.5,36.6,1.713,Cameroon,Tropical,Tropical moist broadleaf forests,Africa,Cameroon site 13
CAM-0463,CAM-0463-T04,1951,,0,46.2,Shorea leprosula,4.30929,13.97601,0.5,28.4,0.03,Cameroon,Tropical,Tropical moist broadleaf forests,Africa,Cameroon site 13
CAM-0463,CAM-0463-T05,1951,,0,15.0,Khaya ivorensis,4.30929,13.97601,0.5,18.2,2.429,Cameroon,Tropical,Tropical moist broadleaf forests,Africa,Cameroon site 13
CAM-0463,CAM-0463-T06,1951,,0,40.3,Betula pendula,4.30929,13.97601,0.5,10.7,2.286,Cameroon,Tropical,Tropical moist broadleaf forests,Africa,Cameroon site 13
CAM-0463,CAM-0463-T07,1951,,0,9.8,Fagus sylvatica,4.30929,13.97601,0.5,19.5,4.232,Cameroon,Tropical,Tropical moist broadleaf forests,Africa,Cameroon site 13
CAM-0463,CAM-0463-T08,1951,,0,26.2,Nothofagus pumilio,4.30929,13.97601,0.5,24.0,3.514,Cameroon,Tropical,Tropical moist broadleaf forests,Africa,Cameroon site 13
CAM-0463,CAM-0463-T09,1951,,0,14.3,Picea abies,4.30929,13.97601,0.5,25.4,3.395,Cameroon,Tropical,Tropical moist broadleaf forests,Africa,Cameroon site 13
CAM-0463,CAM-0463-T10,1951,,0,21.8,Quercus robur,4.30929,13.97601,0.5,18.9,4.335,Cameroon,Tropical,Tropical moist broadleaf forests,Africa,Cameroon site 13
CAM-0463,CAM-0463-T11,1951,,0,51.3,Eucalyptus camaldulensis,4.30929,13.97601,0.5,17.7,4.385,Cameroon,Tropical,Tropical moist broadleaf forests,Africa,Cameroon site 13
CAM-0464,CAM-0464-T01,1978,,0,26.0,Ocotea aciphylla,3.50489,11.54369,0.25,8.9,,Cameroon,Tropical,Tropical moist broadleaf forests,Africa,Cameroon site 14
CAM-0464,CAM-0464-T01,1982,1978,0,24.9,Ocotea aciphylla,3.50489,11.54369,0.25,8.9,,Cameroon,Tropical,Tropical moist broadleaf forests,Africa,Cameroon site 14
CAM-0464,CAM-0464-T02,1978,,0,37.4,Rhizophora mangle,3.50489,11.54369,0.25,8.8,,Cameroon,Tropical,Tropical moist broadleaf forests,Africa,Cameroon site 14
CAM-0464,CAM-0464-T02,1982,1978,0,37.8,Rhizophora mangle,3.50489,11.54369,0.25,8.8,,Cameroon,Tropical,Tropical moist broadleaf forests,Africa,Cameroon site 14
CAM-0464,CAM-0464-T03,1978,,0,21.5,Picea abies,3.50489,11.54369,0.25,10.3,,Cameroon,Tropical,Tropical moist broadleaf forests,Africa,Cameroon site 14
CAM-0464,CAM-0464-T03,1982,1978,0,20.1,Picea abies,3.50489,11.54369,0.25,10.3,,Cameroon,Tropical,Tropical moist broadleaf forests,Africa,Cameroon site 14
CAM-0464,CAM-0464-T04,1978,,0,38.2,Eperua falcata,3.50489,11.54369,0.25,36.9,,Cameroon,Tropical,Tropical moist broadleaf forests,Africa,Cameroon site 14
CAM-0464,CAM-0464-T04,1982,1978,0,37.8,Eperua falcata,3.50489,11.54369,0.25,36.9,,Cameroon,Tropical,Tropical moist broadleaf forests,Africa,Cameroon site 14
CAM-0464,CAM-0464-T05,1978,,0,51.8,Nothofagus pumilio,3.50489,11.54369,0.25,25.0,,Cameroon,Tropical,Tropical moist broadleaf forests,Africa,Cameroon site 14
CAM-0464,CAM-0464-T05,1982,1978,0,52.7,Nothofagus pumilio,3.50489,11.54369,0.25,25.0,,Cameroon,Tropical,Tropical moist broadleaf forests,Africa,Cameroon site 14
CAM-0464,CAM-0464-T06,1978,,0,21.6,Pinus sylvestris,3.50489,11.54369,0.25,12.7,,Cameroon,Tropical,Tropical moist broadleaf forests,Africa,Cameroon site 14
CAM-0464,CAM-0464-T06,1982,1978,0,21.5,Pinus sylvestris,3.50489,11.54369,0.25,12.7,,Cameroon,Tropical,Tropical moist broadleaf forests,Africa,Cameroon site 14
CAM-0464,CAM-0464-T07,1978,,0,33.6,Picea abies,3.50489,11.54369,0.25,28.0,,Cameroon,Tropical,Tropical moist broadleaf forests,Africa,Cameroon site 14
CAM-0464,CAM-0464-T07,1982,1978,0,33.6,Picea abies,3.50489,11.54369,0.25,28.0,,Cameroon,Tropical,Tropical moist broadleaf forests,Africa,Cameroon site 14
CAM-0465,CAM-0465-T01,1943,,0,37.3,Acer saccharum,3.07789,12.40656,0.04,23.2,,Cameroon,Tropical,Tropical moist broadleaf forests,Africa,Cameroon site 15
CAM-0465,CAM-0465-T02,1943,,0,25.5,Quercus robur,3.07789,12.40656,0.04,29.0,,Cameroon,Tropical,Tropical moist broadleaf forests,Africa,Cameroon site 15
CAM-0465,CAM-0465-T03,1943,,0,24.9,Avicennia germinans,3.07789,12.40656,0.04,28.5,,Cameroon,Tropical,Tropical moist broadleaf forests,Africa,Cameroon site 15
CAM-0465,CAM-0465-T04,1943,,0,15.9,Quercus robur,3.07789,12.40656,0.04,12.8,,Cameroon,Tropical,Tropical moist broadleaf forests,Africa,Cameroon site 15
CAM-0465,CAM-0465-T05,1943,,0,12.4,Quercus robur,3.07789,12.40656,0.04,34.6,,Cameroon,Tropical,Tropical moist broadleaf forests,Africa,Cameroon site 15
CAM-0465,CAM-0465-T06,1943,,0,59.1,Ocotea aciphylla,3.07789,12.40656,0.04,10.0,,Cameroon,Tropical,Tropical moist broadleaf forests,Africa,Cameroon site 15
CAM-0465,CAM-0465-T07,1943,,0,41.5,Avicennia germinans,3.07789,12.40656,0.04,27.8,,Cameroon,Tropical,Tropical moist broadleaf forests,Africa,Cameroon site 15
CAM-0465,CAM-0465-T08,1943,,0,54.9,Fagus sylvatica,3.07789,12.40656,0.04,16.1,,Cameroon,Tropical,Tropical moist broadleaf forests,Africa,Cameroon site 15
CAM-0465,CAM-0465-T09,1943,,0,25.3,Rhizophora mangle,3.07789,12.40656,0.04,30.2,,Cameroon,Tropical,Tropical moist broadleaf forests,Africa,Cameroon site 15
CAM-0465,CAM-0465-T10,1943,,0,17.2,Ocotea aciphylla,3.07789,12.40656,0.04,28.4,,Cameroon,Tropical,Tropical moist broadleaf forests,Africa,Cameroon site 15
CAM-0465,CAM-0465-T11,1943,,0,22.9,Shorea leprosula,3.07789,12.40656,0.04,32.8,,Cameroon,Tropical,Tropical moist broadleaf forests,Africa,Cameroon site 15
CAM-0466,CAM-0466-T01,1995,,0,11.0,Inga edulis,3.01742,13.84885,1.0,,2.415,Cameroon,Tropical,Tropical moist broadleaf forests,Africa,Cameroon site 16
CAM-0466,CAM-0466-T02,1995,,0,47.7,Dipterocarpus grandiflorus,3.01742,13.84885,1.0,,4.195,Cameroon,Tropical,Tropical moist broadleaf forests,Africa,Cameroon site 16
CAM-0466,CAM-0466-T03,1995,,0,8.7,Tsuga canadensis,3.01742,13.84885,1.0,,4.355,Cameroon,Tropical,Tropical moist broadleaf forests,Africa,Cameroon site 16
CAM-0466,CAM-0466-T04,1995,,0,15.7,Avicennia germinans,3.01742,13.84885,1.0,,1.086,Cameroon,Tropical,Tropical moist broadleaf forests,Africa,Cameroon site 16
CAM-0466,CAM-0466-T05,1995,,0,36.9,Inga edulis,3.01742,13.84885,1.0,,2.906,Cameroon,Tropical,Tropical moist broadleaf forests,Africa,Cameroon site 16
CAM-0466,CAM-0466-T06,1995,,0,54.7,Pinus sylvestris,3.01742,13.84885,1.0,,1.523,Cameroon,Tropical,Tropical moist broadleaf forests,Africa,Cameroon site 16
CAM-0466,CAM-0466-T07,1995,,0,20.4,Betula pendula,3.01742,13.84885,1.0,,1.818,Cameroon,Tropical,Tropical moist broadleaf forests,Africa,Cameroon site 16
CAM-0466,CAM-0466-T08,1995,,0,36.7,Milicia excelsa,3.01742,13.84885,1.0,,2.261,Cameroon,Tropical,Tropical moist broadleaf forests,Africa,Cameroon site 16
CAM-0466,CAM-0466-T09,1995,,1,32.9,Khaya ivorensis,3.01742,13.84885,1.0,,0.449,Cameroon,Tropical,Tropical moist broadleaf forests,Africa,Cameroon site 16
CAM-0466,CAM-0466-T10,1995,,0,38.5,Picea abies,3.01742,13.84885,1.0,,2.244,Cameroon,Tropical,Tropical moist broadleaf forests,Africa,Cameroon site 16
GHA-0467,GHA-0467-T01,1971,,0,9.5,Betula pendula,5.16661,-2.7171,1.0,11.9,0.35,Ghana,Tropical,Tropical moist broadleaf forests,Africa,Ghana site 1
GHA-0467,GHA-0467-T01,1981,1971,0,10.0,Betula pendula,5.16661,-2.7171,1.0,11.9,0.35,Ghana,Tropical,Tropical moist broadleaf forests,Africa,Ghana site 1
GHA-0467,GHA-0467-T02,1971,,0,14.8,Ocotea aciphylla,5.16661,-2.7171,1.0,14.8,0.689,Ghana,Tropical,Tropical moist broadleaf forests,Africa,Ghana site 1
GHA-0467,GHA-0467-T02,1981,1971,0,14.6,Ocotea aciphylla,5.16661,-2.7171,1.0,14.8,0.689,Ghana,Tropical,Tropical moist broadleaf forests,Africa,Ghana site 1
GHA-0467,GHA-0467-T03,1971,,0,48.7,Tsuga canadensis,5.16661,-2.7171,1.0,25.6,2.285,Ghana,Tropical,Tropical moist broadleaf forests,Africa,Ghana site 1
GHA-0467,GHA-0467-T03,1981,1971,0,49.2,Tsuga canadensis,5.16661,-2.7171,1.0,25.6,2.285,Ghana,Tropical,Tropical moist broadleaf forests,Africa,Ghana site 1
GHA-0467,GHA-0467-T04,1971,,0,57.4,Ocotea aciphylla,5.16661,-2.7171,1.0,32.3,0.366,Ghana,Tropical,Tropical moist broadleaf forests,Africa,Ghana site 1
GHA-0467,GHA-0467-T04,1981,1971,0,57.0,Ocotea aciphylla,5.16661,-2.7171,1.0,32.3,0.366,Ghana,Tropical,Tropical moist broadleaf forests,Africa,Ghana site 1
GHA-0467,GHA-0467-T05,1971,,0,16.9,Quercus ilex,5.16661,-2.7171,1.0,8.6,3.548,Ghana,Tropical,Tropical moist broadleaf forests,Africa,Ghana site 1
GHA-0467,GHA-0467-T05,1981,1971,0,15.8,Quercus ilex,5.16661,-2.7171,1.0,8.6,3.548,Ghana,Tropical,Tropical moist broadleaf forests,Africa,Ghana site 1
GHA-0467,GHA-0467-T06,1971,,0,57.4,Dipterocarpus grandiflorus,5.16661,-2.7171,1.0,17.0,3.652,Ghana,Tropical,Tropical moist broadleaf forests,Africa,Ghana site 1
GHA-0467,GHA-0467-T06,1981,1971,0,56.6,Dipterocarpus grandiflorus,5.16661,-2.7171,1.0,17.0,3.652,Ghana,Tropical,Tropical moist broadleaf forests,Africa,Ghana site 1
GHA-0467,GHA-0467-T07,1971,,0,12.3,Quercus ilex,5.16661,-2.7171,1.0,35.8,1.085,Ghana,Tropical,Tropical moist broadleaf forests,Africa,Ghana site 1
GHA-0467,GHA-0467-T07,1981,1971,0,12.6,Quercus ilex,5.16661,-2.7171,1.0,35.8,1.085,Ghana,Tropical,Tropical moist broadleaf forests,Africa,Ghana site 1
GHA-0467,GHA-0467-T08,1971,,0,47.3,Avicennia germinans,5.16661,-2.7171,1.0,15.1,4.16,Ghana,Tropical,Tropical moist broadleaf forests,Africa,Ghana site 1
GHA-0467,GHA-0467-T08,1981,1971,0,46.6,Avicennia germinans,5.16661,-2.7171,1.0,15.1,4.16,Ghana,Tropical,Tropical moist broadleaf forests,Africa,Ghana site 1
GHA-0468,GHA-0468-T01,1969,,0,42.3,Tsuga canadensis,6.47254,-1.27057,0.25,,,Ghana,Tropical,Tropical moist broadleaf forests,Africa,Ghana site 2
GHA-0468,GHA-0468-T01,1974,1969,0,42.1,Tsuga canadensis,6.47254,-1.27057,0.25,,,Ghana,Tropical,Tropical moist broadleaf forests,Africa,Ghana site 2
GHA-0468,GHA-0468-T02,1969,,0,36.0,Rhizophora mangle,6.47254,-1.27057,0.25,,,Ghana,Tropical,Tropical moist broadleaf forests,Africa,Ghana site 2
GHA-0468,GHA-0468-T02,1974,1969,0,34.9,Rhizophora mangle,6.47254,-1.27057,0.25,,,Ghana,Tropical,Tropical moist broadleaf forests,Africa,Ghana site 2
GHA-0468,GHA-0468-T03,1969,,0,56.8,Eperua falcata,6.47254,-1.27057,0.25,,,Ghana,Tropical,Tropical moist broadleaf forests,Africa,Ghana site 2
GHA-0468,GHA-0468-T03,1974,1969,0,55.6,Eperua falcata,6.47254,-1.27057,0.25,,,Ghana,Tropical,Tropical moist broadleaf forests,Africa,Ghana site 2
GHA-0468,GHA-0468-T04,1969,,0,43.0,Milicia excelsa,6.47254,-1.27057,0.25,,,Ghana,Tropical,Tropical moist broadleaf forests,Africa,Ghana site 2
GHA-0468,GHA-0468-T04,1974,1969,0,42.8,Milicia excelsa,6.47254,-1.27057,0.25,,,Ghana,Tropical,Tropical moist broadleaf forests,Africa,Ghana site 2
GHA-0468,GHA-0468-T05,1969,,0,22.6,Populus tremula,6.47254,-1.27057,0.25,,,Ghana,Tropical,Tropical moist broadleaf forests,Africa,Ghana site 2
GHA-0468,GHA-0468-T05,1974,1969,0,22.9,Populus tremula,6.47254,-1.27057,0.25,,,Ghana,Tropical,Tropical moist broadleaf forests,Africa,Ghana site 2
GHA-0468,GHA-0468-T06,1969,,0,54.7,Juniperus thurifera,6.47254,-1.27057,0.25,,,Ghana,Tropical,Tropical moist broadleaf forests,Africa,Ghana site 2
GHA-0468,GHA-0468-T06,1974,1969,0,54.7,Juniperus thurifera,6.47254,-1.27057,0.25,,,Ghana,Tropical,Tropical moist broadleaf forests,Africa,Ghana site 2
GHA-0468,GHA-0468-T07,1969,,0,40.5,Quercus robur,6.47254,-1.27057,0.25,,,Ghana,Tropical,Tropical moist broadleaf forests,Africa,Ghana site 2
GHA-0468,GHA-0468-T07,1974,1969,0,40.1,Quercus robur,6.47254,-1.27057,0.25,,,Ghana,Tropical,Tropical moist broadleaf forests,Africa,Ghana site 2
GHA-0469,GHA-0469-T01,2015,,0,28.6,Inga edulis,6.26761,-1.52706,0.1,31.4,3.129,Ghana,Tropical,Tropical moist broadleaf forests,Africa,Ghana site 3
GHA-0469,GHA-0469-T01,2019,2015,0,28.8,Inga edulis,6.26761,-1.52706,0.1,31.4,3.129,Ghana,Tropical,Tropical moist broadleaf forests,Africa,Ghana site 3
GHA-0469,GHA-0469-T02,2015,,0,30.3,Populus tremula,6.26761,-1.52706,0.1,26.0,0.258,Ghana,Tropical,Tropical moist broadleaf forests,Africa,Ghana site 3
GHA-0469,GHA-0469-T02,2019,2015,0,29.5,Populus tremula,6.26761,-1.52706,0.1,26.0,0.258,Ghana,Tropical,Tropical moist broadleaf forests,Africa,Ghana site 3
GHA-0469,GHA-0469-T03,2015,,0,57.3,Fagus sylvatica,6.26761,-1.52706,0.1,28.4,0.684,Ghana,Tropical,Tropical moist broadleaf forests,Africa,Ghana site 3
GHA-0469,GHA-0469-T03,2019,2015,0,55.9,Fagus sylvatica,6.26761,-1.52706,0.1,28.4,0.684,Ghana,Tropical,Tropical moist broadleaf forests,Africa,Ghana site 3
GHA-0469,GHA-0469-T04,2015,,0,29.4,Acer saccharum,6.26761,-1.52706,0.1,35.3,1.179,Ghana,Tropical,Tropical moist broadleaf forests,Africa,Ghana site 3
GHA-0469,GHA-0469-T04,2019,2015,0,29.7,Acer saccharum,6.26761,-1.52706,0.1,35.3,1.179,Ghana,Tropical,Tropical moist broadleaf forests,Africa,Ghana site 3
GHA-0469,GHA-0469-T05,2015,,0,42.2,Quercus robur,6.26761,-1.52706,0.1,23.7,0.584,Ghana,Tropical,Tropical moist broadleaf forests,Africa,Ghana site 3
GHA-0469,GHA-0469-T05,2019,2015,0,43.2,Quercus robur,6.26761,-1.52706,0.1,23.7,0.584,Ghana,Tropical,Tropical moist broadleaf forests,Africa,Ghana site 3
GHA-0469,GHA-0469-T06,2015,,0,32.2,Shorea leprosula,6.26761,-1.52706,0.1,17.2,0.727,Ghana,Tropical,Tropical moist broadleaf forests,Africa,Ghana site 3
GHA-0469,GHA-0469-T06,2019,2015,0,32.9,Shorea leprosula,6.26761,-1.52706,0.1,17.2,0.727,Ghana,Tropical,Tropical moist broadleaf forests,Africa,Ghana site 3
GHA-0469,GHA-0469-T07,2015,,0,41.3,Eperua falcata,6.26761,-1.52706,0.1,28.5,4.104,Ghana,Tropical,Tropical moist broadleaf forests,Africa,Ghana site 3
GHA-0469,GHA-0469-T07,2019,2015,0,41.8,Eperua falcata,6.26761,-1.52706,0.1,28.5,4.104,Ghana,Tropical,Tropical moist broadleaf forests,Africa,Ghana site 3
GHA-0470,GHA-0470-T01,1996,,0,9.1,Quercus ilex,5.23755,0.20618,0.25,13.1,1.952,Ghana,Tropical,Tropical moist broadleaf forests,Africa,Ghana site 4
GHA-0470,GHA-0470-T02,1996,,1,33.1,Dipterocarpus grandiflorus,5.23755,0.20618,0.25,31.4,1.824,Ghana,Tropical,Tropical moist broadleaf forests,Africa,Ghana site 4
GHA-0470,GHA-0470-T03,1996,,0,15.7,Tsuga canadensis,5.23755,0.20618,0.25,24.9,2.594,Ghana,Tropical,Tropical moist broadleaf forests,Africa,Ghana site 4
GHA-0470,GHA-0470-T04,1996,,0,11.0,Khaya ivorensis,5.23755,0.20618,0.25,17.0,2.051,Ghana,Tropical,Tropical moist broadleaf forests,Africa,Ghana site 4
GHA-0470,GHA-0470-T05,1996,,0,24.8,Khaya ivorensis,5.23755,0.20618,0.25,12.4,2.275,Ghana,Tropical,Tropical moist broadleaf forests,Africa,Ghana site 4
GHA-0470,GHA-0470-T06,1996,,0,25.2,Eperua falcata,5.23755,0.20618,0.25,27.8,0.255,Ghana,Tropical,Tropical moist broadleaf forests,Africa,Ghana site 4
GHA-0471,GHA-0471-T01,1949,,0,21.4,Khaya ivorensis,6.53195,-1.34792,0.5,20.0,,Ghana,Tropical,Tropical moist broadleaf forests,Africa,Ghana site 5
GHA-0471,GHA-0471-T02,1949,,0,47.1,Betula pendula,6.53195,-1.34792,0.5,30.5,,Ghana,Tropical,Tropical moist broadleaf forests,Africa,Ghana site 5
GHA-0471,GHA-0471-T03,1949,,0,59.3,Rhizophora mangle,6.53195,-1.34792,0.5,32.3,,Ghana,Tropical,Tropical moist broadleaf forests,Africa,Ghana site 5
GHA-0471,GHA-0471-T04,1949,,0,20.1,Juniperus thurifera,6.53195,-1.34792,0.5,13.9,,Ghana,Tropical,Tropical moist broadleaf forests,Africa,Ghana site 5
GHA-0471,GHA-0471-T05,1949,,0,39.0,Milicia excelsa,6.53195,-1.34792,0.5,25.6,,Ghana,Tropical,Tropical moist broadleaf forests,Africa,Ghana site 5
GHA-0471,GHA-0471-T06,1949,,0,47.9,Tsuga canadensis,6.53195,-1.34792,0.5,28.2,,Ghana,Tropical,Tropical moist broadleaf forests,Africa,Ghana site 5
GHA-0472,GHA-0472-T01,1973,,0,17.4,Ocotea aciphylla,5.13578,-1.33499,0.25,22.1,,Ghana,Tropical,Tropical moist broadleaf forests,Africa,Ghana site 6
GHA-0472,GHA-0472-T02,1973,,0,32.7,Eperua falcata,5.13578,-1.33499,0.25,15.4,,Ghana,Tropical,Tropical moist broadleaf forests,Africa,Ghana site 6
GHA-0472,GHA-0472-T03,1973,,1,13.3,Eucalyptus camaldulensis,5.13578,-1.33499,0.25,14.6,,Ghana,Tropical,Tropical moist broadleaf forests,Africa,Ghana site 6
GHA-0472,GHA-0472-T04,1973,,0,20.6,Avicennia germinans,5.13578,-1.33499,0.25,18.2,,Ghana,Tropical,Tropical moist broadleaf forests,Africa,Ghana site 6
GHA-0472,GHA-0472-T05,1973,,0,19.2,Milicia excelsa,5.13578,-1.33499,0.25,13.4,,Ghana,Tropical,Tropical moist broadleaf forests,Africa,Ghana site 6
GHA-0472,GHA-0472-T06,1973,,0,13.5,Dipterocarpus grandiflorus,5.13578,-1.33499,0.25,13.4,,Ghana,Tropical,Tropical moist broadleaf forests,Africa,Ghana site 6
GHA-0472,GHA-0472-T07,1973,,0,58.4,Avicennia germinans,5.13578,-1.33499,0.25,8.6,,Ghana,Tropical,Tropical moist broadleaf forests,Africa,Ghana site 6
GHA-0472,GHA-0472-T08,1973,,0,18.3,Ocotea aciphylla,5.13578,-1.33499,0.25,32.6,,Ghana,Tropical,Tropical moist broadleaf forests,Africa,Ghana site 6
GHA-0472,GHA-0472-T09,1973,,0,20.4,Populus tremula,5.13578,-1.33499,0.25,9.3,,Ghana,Tropical,Tropical moist broadleaf forests,Africa,Ghana site 6
GHA-0472,GHA-0472-T10,1973,,0,10.6,Inga edulis,5.13578,-1.33499,0.25,15.5,,Ghana,Tropical,Tropical moist broadleaf forests,Africa,Ghana site 6
GHA-0472,GHA-0472-T11,1973,,0,52.2,Picea abies,5.13578,-1.33499,0.25,22.6,,Ghana,Tropical,Tropical moist broadleaf forests,Africa,Ghana site 6
GHA-0473,GHA-0473-T01,1985,,0,36.9,Eperua falcata,5.31899,-0.8625,0.04,23.0,3.622,Ghana,Tropical,Tropical moist broadleaf forests,Africa,Ghana site 7
GHA-0473,GHA-0473-T02,1985,,0,42.2,Shorea leprosula,5.31899,-0.8625,0.04,28.9,1.245,Ghana,Tropical,Tropical moist broadleaf forests,Africa,Ghana site 7
GHA-0473,GHA-0473-T03,1985,,0,52.2,Khaya ivorensis,5.31899,-0.8625,0.04,28.3,4.259,Ghana,Tropical,Tropical moist broadleaf forests,Africa,Ghana site 7
GHA-0473,GHA-0473-T04,1985,,0,12.2,Pinus sylvestris,5.31899,-0.8625,0.04,26.6,1.684,Ghana,Tropical,Tropical moist broadleaf forests,Africa,Ghana site 7
GHA-0473,GHA-0473-T05,1985,,1,15.1,Pinus sylvestris,5.31899,-0.8625,0.04,15.0,3.608,Ghana,Tropical,Tropical moist broadleaf forests,Africa,Ghana site 7
GHA-0473,GHA-0473-T06,1985,,0,49.6,Avicennia germinans,5.31899,-0.8625,0.04,10.3,0.428,Ghana,Tropical,Tropical moist broadleaf forests,Africa,Ghana site 7
GHA-0473,GHA-0473-T07,1985,,0,56.8,Ocotea aciphylla,5.31899,-0.8625,0.04,18.5,3.348,Ghana,Tropical,Tropical moist broadleaf forests,Africa,Ghana site 7
GHA-0474,GHA-0474-T01,2011,,0,59.9,Quercus ilex,5.26291,-2.45954,0.1,35.9,4.384,Ghana,Tropical,Tropical moist broadleaf forests,Africa,Ghana site 8
GHA-0474,GHA-0474-T02,2011,,0,13.9,Avicennia germinans,5.26291,-2.45954,0.1,28.8,3.865,Ghana,Tropical,Tropical moist broadleaf forests,Africa,Ghana site 8
GHA-0474,GHA-0474-T03,2011,,0,59.3,Avicennia germinans,5.26291,-2.45954,0.1,34.8,1.778,Ghana,Tropical,Tropical moist broadleaf forests,Africa,Ghana site 8
GHA-0474,GHA-0474-T04,2011,,0,59.8,Acer saccharum,5.26291,-2.45954,0.1,27.0,0.609,Ghana,Tropical,Tropical moist broadleaf forests,Africa,Ghana site 8
GHA-0474,GHA-0474-T05,2011,,0,8.9,Populus tremula,5.26291,-2.45954,0.1,31.5,0.559,Ghana,Tropical,Tropical moist broadleaf forests,Africa,Ghana site 8
GHA-0474,GHA-0474-T06,2011,,0,44.3,Pinus sylvestris,5.26291,-2.45954,0.1,34.2,2.964,Ghana,Tropical,Tropical moist broadleaf forests,Africa,Ghana site 8
GHA-0474,GHA-0474-T07,2011,,1,20.8,Cecropia obtusa,5.26291,-2.45954,0.1,11.9,3.936,Ghana,Tropical,Tropical moist broadleaf forests,Africa,Ghana site 8
GHA-0475,GHA-0475-T01,1939,,0,10.2,Eperua falcata,6.39028,-1.10404,0.04,12.6,,Ghana,Tropical,Tropical moist broadleaf forests,Africa,Ghana site 9
GHA-0475,GHA-0475-T01,1943,1939,0,9.8,Eperua falcata,6.39028,-1.10404,0.04,12.6,,Ghana,Tropical,Tropical moist broadleaf forests,Africa,Ghana site 9
GHA-0475,GHA-0475-T02,1939,,0,43.2,Milicia excelsa,6.39028,-1.10404,0.04,25.9,,Ghana,Tropical,Tropical moist broadleaf forests,Africa,Ghana site 9
GHA-0475,GHA-0475-T02,1943,1939,0,43.3,Milicia excelsa,6.39028,-1.10404,0.04,25.9,,Ghana,Tropical,Tropical moist broadleaf forests,Africa,Ghana site 9
GHA-0475,GHA-0475-T03,1939,,1,9.3,Cecropia obtusa,6.39028,-1.10404,0.04,36.0,,Ghana,Tropical,Tropical moist broadleaf forests,Africa,Ghana site 9
GHA-0475,GHA-0475-T03,1943,1939,1,8.1,Cecropia obtusa,6.39028,-1.10404,0.04,36.0,,Ghana,Tropical,Tropical moist broadleaf forests,Africa,Ghana site 9
GHA-0475,GHA-0475-T04,1939,,0,49.3,Dipterocarpus grandiflorus,6.39028,-1.10404,0.04,20.5,,Ghana,Tropical,Tropical moist broadleaf forests,Africa,Ghana site 9
GHA-0475,GHA-0475-T04,1943,1939,0,49.4,Dipterocarpus grandiflorus,6.39028,-1.10404,0.04,20.5,,Ghana,Tropical,Tropical moist broadleaf forests,Africa,Ghana site 9
GHA-0475,GHA-0475-T05,1939,,0,36.3,Eucalyptus camaldulensis,6.39028,-1.10404,0.04,24.7,,Ghana,Tropical,Tropical moist broadleaf forests,Africa,Ghana site 9
GHA-0475,GHA-0475-T05,1943,1939,0,36.3,Eucalyptus camaldulensis,6.39028,-1.10404,0.04,24.7,,Ghana,Tropical,Tropical moist broadleaf forests,Africa,Ghana site 9
GHA-0475,GHA-0475-T06,1939,,0,43.4,Inga edulis,6.39028,-1.10404,0.04,19.6,,Ghana,Tropical,Tropical moist broadleaf forests,Africa,Ghana site 9
GHA-0475,GHA-0475-T06,1943,1939,0,43.1,Inga edulis,6.39028,-1.10404,0.04,19.6,,Ghana,Tropical,Tropical moist broadleaf forests,Africa,Ghana site 9
GHA-0475,GHA-0475-T07,1939,,0,47.6,Nothofagus pumilio,6.39028,-1.10404,0.04,10.7,,Ghana,Tropical,Tropical moist broadleaf forests,Africa,Ghana site 9
GHA-0475,GHA-0475-T07,1943,1939,0,47.5,Nothofagus pumilio,6.39028,-1.10404,0.04,10.7,,Ghana,Tropical,Tropical moist broadleaf forests,Africa,Ghana site 9
GHA-0475,GHA-0475-T08,1939,,0,41.9,Ocotea aciphylla,6.39028,-1.10404,0.04,27.8,,Ghana,Tropical,Tropical moist broadleaf forests,Africa,Ghana site 9
GHA-0475,GHA-0475-T08,1943,1939,0,41.3,Ocotea aciphylla,6.39028,-1.10404,0.04,27.8,,Ghana,Tropical,Tropical moist broadleaf forests,Africa,Ghana site 9
GHA-0476,GHA-0476-T01,1938,,1,17.5,Avicennia germinans,5.30799,0.39052,0.5,,,Ghana,Tropical,Tropical moist broadleaf forests,Africa,Ghana site 10
GHA-0476,GHA-0476-T01,1943,1938,0,16.8,Avicennia germinans,5.30799,0.39052,0.5,,,Ghana,Tropical,Tropical moist broadleaf forests,Africa,Ghana site 10
GHA-0476,GHA-0476-T02,1938,,0,47.1,Quercus robur,5.30799,0.39052,0.5,,,Ghana,Tropical,Tropical moist broadleaf forests,Africa,Ghana site 10
GHA-0476,GHA-0476-T02,1943,1938,0,47.8,Quercus robur,5.30799,0.39052,0.5,,,Ghana,Tropical,Tropical moist broadleaf forests,Africa,Ghana site 10
GHA-0476,GHA-0476-T03,1938,,0,16.3,Rhizophora mangle,5.30799,0.39052,0.5,,,Ghana,Tropical,Tropical moist broadleaf forests,Africa,Ghana site 10
GHA-0476,GHA-0476-T03,1943,1938,1,16.5,Rhizophora mangle,5.30799,0.39052,0.5,,,Ghana,Tropical,Tropical moist broadleaf forests,Africa,Ghana site 10
GHA-0476,GHA-0476-T04,1938,,0,20.1,Eucalyptus camaldulensis,5.30799,0.39052,0.5,,,Ghana,Tropical,Tropical moist broadleaf forests,Africa,Ghana site 10
GHA-0476,GHA-0476-T04,1943,1938,0,20.2,Eucalyptus camaldulensis,5.30799,0.39052,0.5,,,Ghana,Tropical,Tropical moist broadleaf forests,Africa,Ghana site 10
GHA-0476,GHA-0476-T05,1938,,0,40.6,Inga edulis,5.30799,0.39052,0.5,,,Ghana,Tropical,Tropical moist broadleaf forests,Africa,Ghana site 10
GHA-0476,GHA-0476-T05,1943,1938,0,40.6,Inga edulis,5.30799,0.39052,0.5,,,Ghana,Tropical,Tropical moist broadleaf forests,Africa,Ghana site 10
GHA-0476,GHA-0476-T06,1938,,0,28.0,Juniperus thurifera,5.30799,0.39052,0.5,,,Ghana,Tropical,Tropical moist broadleaf forests,Africa,Ghana site 10
GHA-0476,GHA-0476-T06,1943,1938,0,27.7,Juniperus thurifera,5.30799,0.39052,0.5,,,Ghana,Tropical,Tropical moist broadleaf forests,Africa,Ghana site 10
GHA-0477,GHA-0477-T01,2016,,0,22.1,Pinus sylvestris,5.18211,-2.92392,1.0,22.4,2.548,Ghana,Tropical,Tropical moist broadleaf forests,Africa,Ghana site 11
GHA-0477,GHA-0477-T01,2021,2016,0,22.2,Pinus sylvestris,5.18211,-2.92392,1.0,22.4,2.548,Ghana,Tropical,Tropical moist broadleaf forests,Africa,Ghana site 11
GHA-0477,GHA-0477-T02,2016,,0,11.7,Ocotea aciphylla,5.18211,-2.92392,1.0,24.8,3.438,Ghana,Tropical,Tropical moist broadleaf forests,Africa,Ghana site 11
GHA-0477,GHA-0477-T02,2021,2016,0,12.0,Ocotea aciphylla,5.18211,-2.92392,1.0,24.8,3.438,Ghana,Tropical,Tropical moist broadleaf forests,Africa,Ghana site 11
GHA-0477,GHA-0477-T03,2016,,0,44.1,Ocotea aciphylla,5.18211,-2.92392,1.0,31.9,3.698,Ghana,Tropical,Tropical moist broadleaf forests,Africa,Ghana site 11
GHA-0477,GHA-0477-T03,2021,2016,0,44.9,Ocotea aciphylla,5.18211,-2.92392,1.0,31.9,3.698,Ghana,Tropical,Tropical moist broadleaf forests,Africa,Ghana site 11
GHA-0477,GHA-0477-T04,2016,,0,57.5,Fagus sylvatica,5.18211,-2.92392,1.0,27.7,0.959,Ghana,Tropical,Tropical moist broadleaf forests,Africa,Ghana site 11
GHA-0477,GHA-0477-T04,2021,2016,0,57.4,Fagus sylvatica,5.18211,-2.92392,1.0,27.7,0.959,Ghana,Tropical,Tropical moist broadleaf forests,Africa,Ghana site 11
GHA-0477,GHA-0477-T05,2016,,0,31.1,Ocotea aciphylla,5.18211,-2.92392,1.0,30.8,0.978,Ghana,Tropical,Tropical moist broadleaf forests,Africa,Ghana site 11
GHA-0477,GHA-0477-T05,2021,2016,0,30.6,Ocotea aciphylla,5.18211,-2.92392,1.0,30.8,0.978,Ghana,Tropical,Tropical moist broadleaf forests,Africa,Ghana site 11
GHA-0477,GHA-0477-T06,2016,,0,18.8,Milicia excelsa,5.18211,-2.92392,1.0,19.4,3.1,Ghana,Tropical,Tropical moist broadleaf forests,Africa,Ghana site 11
GHA-0477,GHA-0477-T06,2021,2016,0,18.0,Milicia excelsa,5.18211,-2.92392,1.0,19.4,3.1,Ghana,Tropical,Tropical moist broadleaf forests,Africa,Ghana site 11
GHA-0477,GHA-0477-T07,2016,,0,23.3,Ocotea aciphylla,5.18211,-2.92392,1.0,22.4,0.709,Ghana,Tropical,Tropical moist broadleaf forests,Africa,Ghana site 11
GHA-0477,GHA-0477-T07,2021,2016,0,24.0,Ocotea aciphylla,5.18211,-2.92392,1.0,22.4,0.709,Ghana,Tropical,Tropical moist broadleaf forests,Africa,Ghana site 11
GHA-0477,GHA-0477-T08,2016,,0,59.6,Ocotea aciphylla,5.18211,-2.92392,1.0,16.7,1.459,Ghana,Tropical,Tropical moist broadleaf forests,Africa,Ghana site 11
GHA-0477,GHA-0477-T08,2021,2016,0,58.3,Ocotea aciphylla,5.18211,-2.92392,1.0,16.7,1.459,Ghana,Tropical,Tropical moist broadleaf forests,Africa,Ghana site 11
GHA-0478,GHA-0478-T01,1962,,0,44.0,Fagus sylvatica,5.5766,-1.62461,0.1,25.6,,Ghana,Tropical,Tropical moist broadleaf forests,Africa,Ghana site 12
GHA-0478,GHA-0478-T01,1972,1962,0,44.9,Fagus sylvatica,5.5766,-1.62461,0.1,25.6,,Ghana,Tropical,Tropical moist broadleaf forests,Africa,Ghana site 12
GHA-0478,GHA-0478-T02,1962,,0,20.8,Rhizophora mangle,5.5766,-1.62461,0.1,23.3,,Ghana,Tropical,Tropical moist broadleaf forests,Africa,Ghana site 12
GHA-0478,GHA-0478-T02,1972,1962,1,20.7,Rhizophora mangle,5.5766,-1.62461,0.1,23.3,,Ghana,Tropical,Tropical moist broadleaf forests,Africa,Ghana site 12
GHA-0478,GHA-0478-T03,1962,,0,21.4,Dipterocarpus grandiflorus,5.5766,-1.62461,0.1,14.6,,Ghana,Tropical,Tropical moist broadleaf forests,Africa,Ghana site 12
GHA-0478,GHA-0478-T03,1972,1962,0,22.2,Dipterocarpus grandiflorus,5.5766,-1.62461,0.1,14.6,,Ghana,Tropical,Tropical moist broadleaf forests,Africa,Ghana site 12
GHA-0478,GHA-0478-T04,1962,,0,16.5,Eperua falcata,5.5766,-1.62461,0.1,17.2,,Ghana,Tropical,Tropical moist broadleaf forests,Africa,Ghana site 12
GHA-0478,GHA-0478-T04,1972,1962,0,15.5,Eperua falcata,5.5766,-1.62461,0.1,17.2,,Ghana,Tropical,Tropical moist broadleaf forests,Africa,Ghana site 12
GHA-0478,GHA-0478-T05,1962,,0,13.7,Shorea leprosula,5.5766,-1.62461,0.1,37.7,,Ghana,Tropical,Tropical moist broadleaf forests,Africa,Ghana site 12
GHA-0478,GHA-0478-T05,1972,1962,0,13.1,Shorea leprosula,5.5766,-1.62461,0.1,37.7,,Ghana,Tropical,Tropical moist broadleaf forests,Africa,Ghana site 12
GHA-0478,GHA-0478-T06,1962,,0,16.2,Inga edulis,5.5766,-1.62461,0.1,26.6,,Ghana,Tropical,Tropical moist broadleaf forests,Africa,Ghana site 12
GHA-0478,GHA-0478-T06,1972,1962,0,16.3,Inga edulis,5.5766,-1.62461,0.1,26.6,,Ghana,Tropical,Tropical moist broadleaf forests,Africa,Ghana site 12
GHA-0478,GHA-0478-T07,1962,,0,15.8,Acer saccharum,5.5766,-1.62461,0.1,12.7,,Ghana,Tropical,Tropical moist broadleaf forests,Africa,Ghana site 12
GHA-0478,GHA-0478-T07,1972,1962,0,14.8,Acer saccharum,5.5766,-1.62461,0.1,12.7,,Ghana,Tropical,Tropical moist broadleaf forests,Africa,Ghana site 12
GHA-0478,GHA-0478-T08,1962,,0,10.0,Populus tremula,5.5766,-1.62461,0.1,14.7,,Ghana,Tropical,Tropical moist broadleaf forests,Africa,Ghana site 12
GHA-0478,GHA-0478-T08,1972,1962,0,10.4,Populus tremula,5.5766,-1.62461,0.1,14.7,,Ghana,Tropical,Tropical moist broadleaf forests,Africa,Ghana site 12
GHA-0478,GHA-0478-T09,1962,,0,18.0,Picea abies,5.5766,-1.62461,0.1,10.4,,Ghana,Tropical,Tropical moist broadleaf forests,Africa,Ghana site 12
GHA-0478,GHA-0478-T09,1972,1962,0,17.1,Picea abies,5.5766,-1.62461,0.1,10.4,,Ghana,Tropical,Tropical moist broadleaf forests,Africa,Ghana site 12
GHA-0479,GHA-0479-T01,1963,,1,17.0,Khaya ivorensis,5.84737,-0.00298,0.5,33.9,3.974,Ghana,Tropical,Tropical moist broadleaf forests,Africa,Ghana site 13
GHA-0479,GHA-0479-T02,1963,,0,30.3,Pinus sylvestris,5.84737,-0.00298,0.5,20.9,3.199,Ghana,Tropical,Tropical moist broadleaf forests,Africa,Ghana site 13
GHA-0479,GHA-0479-T03,1963,,0,19.7,Acer saccharum,5.84737,-0.00298,0.5,11.8,2.382,Ghana,Tropical,Tropical moist broadleaf forests,Africa,Ghana site 13
GHA-0479,GHA-0479-T04,1963,,0,34.2,Shorea leprosula,5.84737,-0.00298,0.5,26.4,2.635,Ghana,Tropical,Tropical moist broadleaf forests,Africa,Ghana site 13
GHA-0479,GHA-0479-T05,1963,,0,30.5,Tsuga canadensis,5.84737,-0.00298,0.5,17.8,2.142,Ghana,Tropical,Tropical moist broadleaf forests,Africa,Ghana site 13
GHA-0479,GHA-0479-T06,1963,,0,51.8,Nothofagus pumilio,5.84737,-0.00298,0.5,33.7,1.283,Ghana,Tropical,Tropical moist broadleaf forests,Africa,Ghana site 13
GHA-0479,GHA-0479-T07,1963,,0,15.8,Quercus robur,5.84737,-0.00298,0.5,32.0,1.183,Ghana,Tropical,Tropical moist broadleaf forests,Africa,Ghana site 13
GHA-0479,GHA-0479-T08,1963,,0,37.0,Shorea leprosula,5.84737,-0.00298,0.5,33.1,0.877,Ghana,Tropical,Tropical moist broadleaf forests,Africa,Ghana site 13
GHA-0479,GHA-0479-T09,1963,,0,20.7,Rhizophora mangle,5.84737,-0.00298,0.5,10.3,1.664,Ghana,Tropical,Tropical moist broadleaf forests,Africa,Ghana site 13
GHA-0480,GHA-0480-T01,1944,,0,57.3,Picea abies,6.07636,-1.95677,0.1,8.9,,Ghana,Tropical,Tropical moist broadleaf forests,Africa,Ghana site 14
GHA-0480,GHA-0480-T02,1944,,0,28.6,Milicia excelsa,6.07636,-1.95677,0.1,25.6,,Ghana,Tropical,Tropical moist broadleaf forests,Africa,Ghana site 14
GHA-0480,GHA-0480-T03,1944,,0,50.6,Shorea leprosula,6.07636,-1.95677,0.1,26.1,,Ghana,Tropical,Tropical moist broadleaf forests,Africa,Ghana site 14
GHA-0480,GHA-0480-T04,1944,,1,30.1,Juniperus thurifera,6.07636,-1.95677,0.1,19.5,,Ghana,Tropical,Tropical moist broadleaf forests,Africa,Ghana site 14
GHA-0480,GHA-0480-T05,1944,,0,58.3,Rhizophora mangle,6.07636,-1.95677,0.1,31.6,,Ghana,Tropical,Tropical moist broadleaf forests,Africa,Ghana site 14
KEN-0481,KEN-0481-T01,1957,,0,52.9,Picea abies,1.96198,38.92443,0.04,,,Kenya,Tropical,Tropical dry broadleaf forests,Africa,Kenya site 1
KEN-0481,KEN-0481-T02,1957,,0,14.8,Quercus ilex,1.96198,38.92443,0.04,,,Kenya,Tropical,Tropical dry broadleaf forests,Africa,Kenya site 1
KEN-0481,KEN-0481-T03,1957,,0,59.6,Inga edulis,1.96198,38.92443,0.04,,,Kenya,Tropical,Tropical dry broadleaf forests,Africa,Kenya site 1
KEN-0481,KEN-0481-T04,1957,,0,56.0,Betula pendula,1.96198,38.92443,0.04,,,Kenya,Tropical,Tropical dry broadleaf forests,Africa,Kenya site 1
KEN-0481,KEN-0481-T05,1957,,0,38.3,Cecropia obtusa,1.96198,38.92443,0.04,,,Kenya,Tropical,Tropical dry broadleaf forests,Africa,Kenya site 1
KEN-0481,KEN-0481-T06,1957,,0,23.6,Tsuga canadensis,1.96198,38.92443,0.04,,,Kenya,Tropical,Tropical dry broadleaf forests,Africa,Kenya site 1
KEN-0481,KEN-0481-T07,1957,,0,22.1,Populus tremula,1.96198,38.92443,0.04,,,Kenya,Tropical,Tropical dry broadleaf forests,Africa,Kenya site 1
KEN-0481,KEN-0481-T08,1957,,0,48.8,Tsuga canadensis,1.96198,38.92443,0.04,,,Kenya,Tropical,Tropical dry broadleaf forests,Africa,Kenya site 1
KEN-0481,KEN-0481-T09,1957,,0,59.0,Picea abies,1.96198,38.92443,0.04,,,Kenya,Tropical,Tropical dry broadleaf forests,Africa,Kenya site 1
KEN-0482,KEN-0482-T01,1940,,0,13.6,Khaya ivorensis,0.68991,38.04828,0.04,,0.063,Kenya,Tropical,Tropical dry broadleaf forests,Africa,Kenya site 2
KEN-0482,KEN-0482-T02,1940,,0,45.7,Pinus sylvestris,0.68991,38.04828,0.04,,1.057,Kenya,Tropical,Tropical dry broadleaf forests,Africa,Kenya site 2
KEN-0482,KEN-0482-T03,1940,,1,32.0,Picea abies,0.68991,38.04828,0.04,,2.651,Kenya,Tropical,Tropical dry broadleaf forests,Africa,Kenya site 2
KEN-0482,KEN-0482-T04,1940,,0,32.3,Dipterocarpus grandiflorus,0.68991,38.04828,0.04,,2.27,Kenya,Tropical,Tropical dry broadleaf forests,Africa,Kenya site 2
KEN-0482,KEN-0482-T05,1940,,0,48.2,Juniperus thurifera,0.68991,38.04828,0.04,,3.57,Kenya,Tropical,Tropical dry broadleaf forests,Africa,Kenya site 2
KEN-0482,KEN-0482-T06,1940,,0,32.5,Inga edulis,0.68991,38.04828,0.04,,1.346,Kenya,Tropical,Tropical dry broadleaf forests,Africa,Kenya site 2
KEN-0482,KEN-0482-T07,1940,,0,36.4,Rhizophora mangle,0.68991,38.04828,0.04,,0.33,Kenya,Tropical,Tropical dry broadleaf forests,Africa,Kenya site 2
KEN-0482,KEN-0482-T08,1940,,0,51.7,Shorea leprosula,0.68991,38.04828,0.04,,1.605,Kenya,Tropical,Tropical dry broadleaf forests,Africa,Kenya site 2
KEN-0482,KEN-0482-T09,1940,,0,25.0,Shorea leprosula,0.68991,38.04828,0.04,,0.581,Kenya,Tropical,Tropical dry broadleaf forests,Africa,Kenya site 2
KEN-0483,KEN-0483-T01,2022,,1,43.7,Eperua falcata,-1.00965,39.35246,0.1,22.2,1.224,Kenya,Tropical,Tropical dry broadleaf forests,Africa,Kenya site 3
KEN-0483,KEN-0483-T02,2022,,0,9.5,Shorea leprosula,-1.00965,39.35246,0.1,14.4,4.469,Kenya,Tropical,Tropical dry broadleaf forests,Africa,Kenya site 3
KEN-0483,KEN-0483-T03,2022,,0,41.4,Shorea leprosula,-1.00965,39.35246,0.1,25.4,4.147,Kenya,Tropical,Tropical dry broadleaf forests,Africa,Kenya site 3
KEN-0483,KEN-0483-T04,2022,,0,40.6,Quercus robur,-1.00965,39.35246,0.1,14.9,2.746,Kenya,Tropical,Tropical dry broadleaf forests,Africa,Kenya site 3
KEN-0483,KEN-0483-T05,2022,,0,48.4,Inga edulis,-1.00965,39.35246,0.1,38.0,1.314,Kenya,Tropical,Tropical dry broadleaf forests,Africa,Kenya site 3
KEN-0483,KEN-0483-T06,2022,,0,29.8,Khaya ivorensis,-1.00965,39.35246,0.1,17.0,0.039,Kenya,Tropical,Tropical dry broadleaf forests,Africa,Kenya site 3
KEN-0483,KEN-0483-T07,2022,,0,17.1,Populus tremula,-1.00965,39.35246,0.1,30.8,2.04,Kenya,Tropical,Tropical dry broadleaf forests,Africa,Kenya site 3
KEN-0483,KEN-0483-T08,2022,,0,46.0,Pinus sylvestris,-1.00965,39.35246,0.1,24.7,1.578,Kenya,Tropical,Tropical dry broadleaf forests,Africa,Kenya site 3
KEN-0484,KEN-0484-T01,1995,,0,12.7,Populus tremula,-3.4886,36.86218,0.5,33.1,,Kenya,Tropical,Tropical dry broadleaf forests,Africa,Kenya site 4
KEN-0484,KEN-0484-T02,1995,,0,40.5,Nothofagus pumilio,-3.4886,36.86218,0.5,27.3,,Kenya,Tropical,Tropical dry broadleaf forests,Africa,Kenya site 4
KEN-0484,KEN-0484-T03,1995,,1,17.0,Picea abies,-3.4886,36.86218,0.5,14.8,,Kenya,Tropical,Tropical dry broadleaf forests,Africa,Kenya site 4
KEN-0484,KEN-0484-T04,1995,,0,9.2,Dipterocarpus grandiflorus,-3.4886,36.86218,0.5,16.4,,Kenya,Tropical,Tropical dry broadleaf forests,Africa,Kenya site 4
KEN-0484,KEN-0484-T05,1995,,0,29.6,Eucalyptus camaldulensis,-3.4886,36.86218,0.5,26.0,,Kenya,Tropical,Tropical dry broadleaf forests,Africa,Kenya site 4
KEN-0484,KEN-0484-T06,1995,,0,49.8,Inga edulis,-3.4886,36.86218,0.5,27.1,,Kenya,Tropical,Tropical dry broadleaf forests,Africa,Kenya site 4
KEN-0484,KEN-0484-T07,1995,,0,22.7,Juniperus thurifera,-3.4886,36.86218,0.5,15.6,,Kenya,Tropical,Tropical dry broadleaf forests,Africa,Kenya site 4
KEN-0484,KEN-0484-T08,1995,,0,56.5,Quercus robur,-3.4886,36.86218,0.5,15.4,,Kenya,Tropical,Tropical dry broadleaf forests,Africa,Kenya site 4
KEN-0485,KEN-0485-T01,2013,,0,57.8,Fagus sylvatica,1.71104,37.58078,0.25,,2.063,Kenya,Tropical,Tropical dry broadleaf forests,Africa,Kenya site 5
KEN-0485,KEN-0485-T02,2013,,0,32.0,Pinus sylvestris,1.71104,37.58078,0.25,,4.275,Kenya,Tropical,Tropical dry broadleaf forests,Africa,Kenya site 5
KEN-0485,KEN-0485-T03,2013,,0,43.3,Populus tremula,1.71104,37.58078,0.25,,1.423,Kenya,Tropical,Tropical dry broadleaf forests,Africa,Kenya site 5
KEN-0485,KEN-0485-T04,2013,,0,18.7,Quercus ilex,1.71104,37.58078,0.25,,0.925,Kenya,Tropical,Tropical dry broadleaf forests,Africa,Kenya site 5
KEN-0485,KEN-0485-T05,2013,,0,32.0,Fagus sylvatica,1.71104,37.58078,0.25,,0.483,Kenya,Tropical,Tropical dry broadleaf forests,Africa,Kenya site 5
KEN-0486,KEN-0486-T01,1960,,0,13.8,Rhizophora mangle,-1.6404,35.18547,0.1,,3.172,Kenya,Tropical,Tropical dry broadleaf forests,Africa,Kenya site 6
KEN-0486,KEN-0486-T02,1960,,1,61.6,Fagus sylvatica,-1.6404,35.18547,0.1,,1.266,Kenya,Tropical,Tropical dry broadleaf forests,Africa,Kenya site 6
KEN-0486,KEN-0486-T03,1960,,0,22.5,Pinus sylvestris,-1.6404,35.18547,0.1,,1.336,Kenya,Tropical,Tropical dry broadleaf forests,Africa,Kenya site 6
KEN-0486,KEN-0486-T04,1960,,0,26.0,Ocotea aciphylla,-1.6404,35.18547,0.1,,2.672,Kenya,Tropical,Tropical dry broadleaf forests,Africa,Kenya site 6
KEN-0486,KEN-0486-T05,1960,,0,20.5,Populus tremula,-1.6404,35.18547,0.1,,3.002,Kenya,Tropical,Tropical dry broadleaf forests,Africa,Kenya site 6
KEN-0487,KEN-0487-T01,1997,,0,47.4,Juniperus thurifera,-3.95259,36.3989,1.0,37.5,4.167,Kenya,Tropical,Tropical dry broadleaf forests,Africa,Kenya site 7
KEN-0487,KEN-0487-T02,1997,,0,20.4,Acer saccharum,-3.95259,36.3989,1.0,37.6,2.171,Kenya,Tropical,Tropical dry broadleaf forests,Africa,Kenya site 7
KEN-0487,KEN-0487-T03,1997,,0,47.3,Tsuga canadensis,-3.95259,36.3989,1.0,18.8,4.083,Kenya,Tropical,Tropical dry broadleaf forests,Africa,Kenya site 7
KEN-0487,KEN-0487-T04,1997,,0,24.8,Fagus sylvatica,-3.95259,36.3989,1.0,28.8,2.644,Kenya,Tropical,Tropical dry broadleaf forests,Africa,Kenya site 7
KEN-0487,KEN-0487-T05,1997,,0,29.8,Khaya ivorensis,-3.95259,36.3989,1.0,18.4,3.243,Kenya,Tropical,Tropical dry broadleaf forests,Africa,Kenya site 7
KEN-0487,KEN-0487-T06,1997,,0,33.8,Quercus ilex,-3.95259,36.3989,1.0,32.9,1.074,Kenya,Tropical,Tropical dry broadleaf forests,Africa,Kenya site 7
KEN-0487,KEN-0487-T07,1997,,0,59.9,Tsuga canadensis,-3.95259,36.3989,1.0,34.1,3.44,Kenya,Tropical,Tropical dry broadleaf forests,Africa,Kenya site 7
KEN-0487,KEN-0487-T08,1997,,0,22.7,Betula pendula,-3.95259,36.3989,1.0,22.9,3.258,Kenya,Tropical,Tropical dry broadleaf forests,Africa,Kenya site 7
KEN-0487,KEN-0487-T09,1997,,0,50.8,Tsuga canadensis,-3.95259,36.3989,1.0,32.4,3.706,Kenya,Tropical,Tropical dry broadleaf forests,Africa,Kenya site 7
KEN-0487,KEN-0487-T10,1997,,0,54.3,Inga edulis,-3.95259,36.3989,1.0,37.1,1.111,Kenya,Tropical,Tropical dry broadleaf forests,Africa,Kenya site 7
KEN-0488,KEN-0488-T01,1978,,0,43.6,Avicennia germinans,-3.49431,37.68717,0.5,,,Kenya,Tropical,Tropical dry broadleaf forests,Africa,Kenya site 8
KEN-0488,KEN-0488-T02,1978,,0,43.8,Rhizophora mangle,-3.49431,37.68717,0.5,,,Kenya,Tropical,Tropical dry broadleaf forests,Africa,Kenya site 8
KEN-0488,KEN-0488-T03,1978,,0,61.5,Pinus sylvestris,-3.49431,37.68717,0.5,,,Kenya,Tropical,Tropical dry broadleaf forests,Africa,Kenya site 8
KEN-0488,KEN-0488-T04,1978,,0,39.1,Shorea leprosula,-3.49431,37.68717,0.5,,,Kenya,Tropical,Tropical dry broadleaf forests,Africa,Kenya site 8
KEN-0488,KEN-0488-T05,1978,,0,57.5,Avicennia germinans,-3.49431,37.68717,0.5,,,Kenya,Tropical,Tropical dry broadleaf forests,Africa,Kenya site 8
KEN-0488,KEN-0488-T06,1978,,0,31.2,Fagus sylvatica,-3.49431,37.68717,0.5,,,Kenya,Tropical,Tropical dry broadleaf forests,Africa,Kenya site 8
KEN-0488,KEN-0488-T07,1978,,0,42.6,Nothofagus pumilio,-3.49431,37.68717,0.5,,,Kenya,Tropical,Tropical dry broadleaf forests,Africa,Kenya site 8
KEN-0488,KEN-0488-T08,1978,,0,52.5,Populus tremula,-3.49431,37.68717,0.5,,,Kenya,Tropical,Tropical dry broadleaf forests,Africa,Kenya site 8
KEN-0488,KEN-0488-T09,1978,,0,14.4,Betula pendula,-3.49431,37.68717,0.5,,,Kenya,Tropical,Tropical dry broadleaf forests,Africa,Kenya site 8
KEN-0488,KEN-0488-T10,1978,,1,15.4,Inga edulis,-3.49431,37.68717,0.5,,,Kenya,Tropical,Tropical dry broadleaf forests,Africa,Kenya site 8
KEN-0488,KEN-0488-T11,1978,,0,38.1,Juniperus thurifera,-3.49431,37.68717,0.5,,,Kenya,Tropical,Tropical dry broadleaf forests,Africa,Kenya site 8
KEN-0489,KEN-0489-T01,1989,,0,29.2,Shorea leprosula,-3.03984,35.13946,1.0,20.0,3.692,Kenya,Tropical,Tropical dry broadleaf forests,Africa,Kenya site 9
KEN-0489,KEN-0489-T02,1989,,0,32.2,Quercus ilex,-3.03984,35.13946,1.0,11.0,1.346,Kenya,Tropical,Tropical dry broadleaf forests,Africa,Kenya site 9
KEN-0489,KEN-0489-T03,1989,,0,25.7,Khaya ivorensis,-3.03984,35.13946,1.0,22.6,3.814,Kenya,Tropical,Tropical dry broadleaf forests,Africa,Kenya site 9
KEN-0489,KEN-0489-T04,1989,,0,21.5,Populus tremula,-3.03984,35.13946,1.0,12.0,3.136,Kenya,Tropical,Tropical dry broadleaf forests,Africa,Kenya site 9
KEN-0489,KEN-0489-T05,1989,,0,61.2,Nothofagus pumilio,-3.03984,35.13946,1.0,19.9,3.368,Kenya,Tropical,Tropical dry broadleaf forests,Africa,Kenya site 9
KEN-0489,KEN-0489-T06,1989,,1,25.4,Ocotea aciphylla,-3.03984,35.13946,1.0,26.1,3.838,Kenya,Tropical,Tropical dry broadleaf forests,Africa,Kenya site 9
KEN-0489,KEN-0489-T07,1989,,1,41.5,Quercus robur,-3.03984,35.13946,1.0,13.2,4.432,Kenya,Tropical,Tropical dry broadleaf forests,Africa,Kenya site 9
KEN-0490,KEN-0490-T01,1987,,0,44.0,Picea abies,0.53936,39.70672,0.5,30.5,,Kenya,Tropical,Tropical dry broadleaf forests,Africa,Kenya site 10
KEN-0490,KEN-0490-T01,1991,1987,0,43.5,Picea abies,0.53936,39.70672,0.5,30.5,,Kenya,Tropical,Tropical dry broadleaf forests,Africa,Kenya site 10
KEN-0490,KEN-0490-T02,1987,,0,32.8,Juniperus thurifera,0.53936,39.70672,0.5,24.9,,Kenya,Tropical,Tropical dry broadleaf forests,Africa,Kenya site 10
KEN-0490,KEN-0490-T02,1991,1987,0,32.3,Juniperus thurifera,0.53936,39.70672,0.5,24.9,,Kenya,Tropical,Tropical dry broadleaf forests,Africa,Kenya site 10
KEN-0490,KEN-0490-T03,1987,,0,15.5,Pinus sylvestris,0.53936,39.70672,0.5,10.6,,Kenya,Tropical,Tropical dry broadleaf forests,Africa,Kenya site 10
KEN-0490,KEN-0490-T03,1991,1987,0,16.4,Pinus sylvestris,0.53936,39.70672,0.5,10.6,,Kenya,Tropical,Tropical dry broadleaf forests,Africa,Kenya site 10
KEN-0490,KEN-0490-T04,1987,,0,49.2,Khaya ivorensis,0.53936,39.70672,0.5,23.9,,Kenya,Tropical,Tropical dry broadleaf forests,Africa,Kenya site 10
KEN-0490,KEN-0490-T04,1991,1987,0,48.7,Khaya ivorensis,0.53936,39.70672,0.5,23.9,,Kenya,Tropical,Tropical dry broadleaf forests,Africa,Kenya site 10
KEN-0490,KEN-0490-T05,1987,,0,45.1,Milicia excelsa,0.53936,39.70672,0.5,34.7,,Kenya,Tropical,Tropical dry broadleaf forests,Africa,Kenya site 10
KEN-0490,KEN-0490-T05,1991,1987,0,44.7,Milicia excelsa,0.53936,39.70672,0.5,34.7,,Kenya,Tropical,Tropical dry broadleaf forests,Africa,Kenya site 10
KEN-0490,KEN-0490-T06,1987,,0,58.3,Milicia excelsa,0.53936,39.70672,0.5,10.2,,Kenya,Tropical,Tropical dry broadleaf forests,Africa,Kenya site 10
KEN-0490,KEN-0490-T06,1991,1987,0,58.0,Milicia excelsa,0.53936,39.70672,0.5,10.2,,Kenya,Tropical,Tropical dry broadleaf forests,Africa,Kenya site 10
KEN-0490,KEN-0490-T07,1987,,0,59.2,Rhizophora mangle,0.53936,39.70672,0.5,15.4,,Kenya,Tropical,Tropical dry broadleaf forests,Africa,Kenya site 10
KEN-0490,KEN-0490-T07,1991,1987,0,59.1,Rhizophora mangle,0.53936,39.70672,0.5,15.4,,Kenya,Tropical,Tropical dry broadleaf forests,Africa,Kenya site 10
KEN-0490,KEN-0490-T08,1987,,0,11.8,Cecropia obtusa,0.53936,39.70672,0.5,12.2,,Kenya,Tropical,Tropical dry broadleaf forests,Africa,Kenya site 10
KEN-0490,KEN-0490-T08,1991,1987,0,11.3,Cecropia obtusa,0.53936,39.70672,0.5,12.2,,Kenya,Tropical,Tropical dry broadleaf forests,Africa,Kenya site 10
KEN-0490,KEN-0490-T09,1987,,0,9.1,Betula pendula,0.53936,39.70672,0.5,14.4,,Kenya,Tropical,Tropical dry broadleaf forests,Africa,Kenya site 10
KEN-0490,KEN-0490-T09,1991,1987,0,8.4,Betula pendula,0.53936,39.70672,0.5,14.4,,Kenya,Tropical,Tropical dry broadleaf forests,Africa,Kenya site 10
KEN-0490,KEN-0490-T10,1987,,0,28.8,Avicennia germinans,0.53936,39.70672,0.5,27.1,,Kenya,Tropical,Tropical dry broadleaf forests,Africa,Kenya site 10
KEN-0490,KEN-0490-T10,1991,1987,0,28.8,Avicennia germinans,0.53936,39.70672,0.5,27.1,,Kenya,Tropical,Tropical dry broadleaf forests,Africa,Kenya site 10
KEN-0491,KEN-0491-T01,1959,,0,49.3,Shorea leprosula,-0.882,36.23817,0.25,28.7,1.975,Kenya,Tropical,Tropical dry broadleaf forests,Africa,Kenya site 11
KEN-0491,KEN-0491-T02,1959,,0,18.2,Eucalyptus camaldulensis,-0.882,36.23817,0.25,35.4,2.751,Kenya,Tropical,Tropical dry broadleaf forests,Africa,Kenya site 11
KEN-0491,KEN-0491-T03,1959,,0,31.5,Rhizophora mangle,-0.882,36.23817,0.25,8.4,1.112,Kenya,Tropical,Tropical dry broadleaf forests,Africa,Kenya site 11
KEN-0491,KEN-0491-T04,1959,,0,44.0,Juniperus thurifera,-0.882,36.23817,0.25,29.4,3.309,Kenya,Tropical,Tropical dry broadleaf forests,Africa,Kenya site 11
KEN-0491,KEN-0491-T05,1959,,0,15.6,Eperua falcata,-0.882,36.23817,0.25,35.0,0.688,Kenya,Tropical,Tropical dry broadleaf forests,Africa,Kenya site 11
KEN-0491,KEN-0491-T06,1959,,0,51.5,Inga edulis,-0.882,36.23817,0.25,35.3,0.803,Kenya,Tropical,Tropical dry broadleaf forests,Africa,Kenya site 11
KEN-0491,KEN-0491-T07,1959,,0,32.9,Populus tremula,-0.882,36.23817,0.25,15.8,3.809,Kenya,Tropical,Tropical dry broadleaf forests,Africa,Kenya site 11
KEN-0491,KEN-0491-T08,1959,,0,58.6,Acer saccharum,-0.882,36.23817,0.25,17.4,4.083,Kenya,Tropical,Tropical dry broadleaf forests,Africa,Kenya site 11
KEN-0492,KEN-0492-T01,2001,,0,24.3,Shorea leprosula,-1.14248,37.23082,0.25,23.6,3.425,Kenya,Tropical,Tropical dry broadleaf forests,Africa,Kenya site 12
KEN-0492,KEN-0492-T02,2001,,0,31.2,Khaya ivorensis,-1.14248,37.23082,0.25,29.1,2.449,Kenya,Tropical,Tropical dry broadleaf forests,Africa,Kenya site 12
KEN-0492,KEN-0492-T03,2001,,1,12.0,Picea abies,-1.14248,37.23082,0.25,31.5,1.017,Kenya,Tropical,Tropical dry broadleaf forests,Africa,Kenya site 12
KEN-0492,KEN-0492-T04,2001,,0,9.3,Shorea leprosula,-1.14248,37.23082,0.25,29.2,0.13,Kenya,Tropical,Tropical dry broadleaf forests,Africa,Kenya site 12
KEN-0492,KEN-0492-T05,2001,,0,12.6,Avicennia germinans,-1.14248,37.23082,0.25,18.0,3.167,Kenya,Tropical,Tropical dry broadleaf forests,Africa,Kenya site 12
KEN-0492,KEN-0492-T06,2001,,0,50.2,Milicia excelsa,-1.14248,37.23082,0.25,9.7,2.889,Kenya,Tropical,Tropical dry broadleaf forests,Africa,Kenya site 12
KEN-0492,KEN-0492-T07,2001,,1,50.1,Acer saccharum,-1.14248,37.23082,0.25,23.9,4.182,Kenya,Tropical,Tropical dry broadleaf forests,Africa,Kenya site 12
SOU-0493,SOU-0493-T01,2023,,0,13.3,Juniperus thurifera,-33.13392,19.27124,0.5,12.6,,South Africa,Mixed,Mediterranean forests,Africa,South Africa site 1
SOU-0493,SOU-0493-T02,2023,,0,59.5,Shorea leprosula,-33.13392,19.27124,0.5,36.6,,South Africa,Mixed,Mediterranean forests,Africa,South Africa site 1
SOU-0493,SOU-0493-T03,2023,,0,30.3,Picea abies,-33.13392,19.27124,0.5,34.6,,South Africa,Mixed,Mediterranean forests,Africa,South Africa site 1
SOU-0493,SOU-0493-T04,2023,,0,47.1,Inga edulis,-33.13392,19.27124,0.5,14.5,,South Africa,Mixed,Mediterranean forests,Africa,South Africa site 1
SOU-0493,SOU-0493-T05,2023,,1,24.0,Eucalyptus camaldulensis,-33.13392,19.27124,0.5,24.1,,South Africa,Mixed,Mediterranean forests,Africa,South Africa site 1
SOU-0493,SOU-0493-T06,2023,,0,25.3,Quercus ilex,-33.13392,19.27124,0.5,27.7,,South Africa,Mixed,Mediterranean forests,Africa,South Africa site 1
SOU-0493,SOU-0493-T07,2023,,0,33.3,Avicennia germinans,-33.13392,19.27124,0.5,14.8,,South Africa,Mixed,Mediterranean forests,Africa,South Africa site 1
SOU-0494,SOU-0494-T01,1985,,0,18.6,Juniperus thurifera,-33.2874,26.52318,0.04,32.9,,South Africa,Mixed,Mediterranean forests,Africa,South Africa site 2
SOU-0494,SOU-0494-T02,1985,,0,25.1,Juniperus thurifera,-33.2874,26.52318,0.04,18.4,,South Africa,Mixed,Mediterranean forests,Africa,South Africa site 2
SOU-0494,SOU-0494-T03,1985,,0,52.1,Khaya ivorensis,-33.2874,26.52318,0.04,15.6,,South Africa,Mixed,Mediterranean forests,Africa,South Africa site 2
SOU-0494,SOU-0494-T04,1985,,0,12.6,Milicia excelsa,-33.2874,26.52318,0.04,9.9,,South Africa,Mixed,Mediterranean forests,Africa,South Africa site 2
SOU-0494,SOU-0494-T05,1985,,0,60.0,Inga edulis,-33.2874,26.52318,0.04,21.7,,South Africa,Mixed,Mediterranean forests,Africa,South Africa site 2
SOU-0494,SOU-0494-T06,1985,,0,31.0,Eucalyptus camaldulensis,-33.2874,26.52318,0.04,36.8,,South Africa,Mixed,Mediterranean forests,Africa,South Africa site 2
SOU-0494,SOU-0494-T07,1985,,0,33.0,Khaya ivorensis,-33.2874,26.52318,0.04,20.9,,South Africa,Mixed,Mediterranean forests,Africa,South Africa site 2
SOU-0494,SOU-0494-T08,1985,,0,59.2,Ocotea aciphylla,-33.2874,26.52318,0.04,16.7,,South Africa,Mixed,Mediterranean forests,Africa,South Africa site 2
SOU-0494,SOU-0494-T09,1985,,0,19.2,Tsuga canadensis,-33.2874,26.52318,0.04,31.9,,South Africa,Mixed,Mediterranean forests,Africa,South Africa site 2
SOU-0494,SOU-0494-T10,1985,,0,29.5,Ocotea aciphylla,-33.2874,26.52318,0.04,15.5,,South Africa,Mixed,Mediterranean forests,Africa,South Africa site 2
SOU-0494,SOU-0494-T11,1985,,0,45.8,Eucalyptus camaldulensis,-33.2874,26.52318,0.04,25.3,,South Africa,Mixed,Mediterranean forests,Africa,South Africa site 2
SOU-0495,SOU-0495-T01,1949,,0,15.5,Nothofagus pumilio,-30.46225,18.48651,0.25,,2.109,South Africa,Mixed,Mediterranean forests,Africa,South Africa site 3
SOU-0495,SOU-0495-T01,1959,1949,0,14.4,Nothofagus pumilio,-30.46225,18.48651,0.25,,2.109,South Africa,Mixed,Mediterranean forests,Africa,South Africa site 3
SOU-0495,SOU-0495-T02,1949,,0,44.9,Avicennia germinans,-30.46225,18.48651,0.25,,2.357,South Africa,Mixed,Mediterranean forests,Africa,South Africa site 3
SOU-0495,SOU-0495-T02,1959,1949,0,45.2,Avicennia germinans,-30.46225,18.48651,0.25,,2.357,South Africa,Mixed,Mediterranean forests,Africa,South Africa site 3
SOU-0495,SOU-0495-T03,1949,,0,49.2,Ocotea aciphylla,-30.46225,18.48651,0.25,,1.322,South Africa,Mixed,Mediterranean forests,Africa,South Africa site 3
SOU-0495,SOU-0495-T03,1959,1949,1,49.5,Ocotea aciphylla,-30.46225,18.48651,0.25,,1.322,South Africa,Mixed,Mediterranean forests,Africa,South Africa site 3
SOU-0495,SOU-0495-T04,1949,,0,32.3,Quercus ilex,-30.46225,18.48651,0.25,,0.121,South Africa,Mixed,Mediterranean forests,Africa,South Africa site 3
SOU-0495,SOU-0495-T04,1959,1949,0,31.7,Quercus ilex,-30.46225,18.48651,0.25,,0.121,South Africa,Mixed,Mediterranean forests,Africa,South Africa site 3
SOU-0495,SOU-0495-T05,1949,,0,44.8,Cecropia obtusa,-30.46225,18.48651,0.25,,0.738,South Africa,Mixed,Mediterranean forests,Africa,South Africa site 3
SOU-0495,SOU-0495-T05,1959,1949,0,45.3,Cecropia obtusa,-30.46225,18.48651,0.25,,0.738,South Africa,Mixed,Mediterranean forests,Africa,South Africa site 3
SOU-0495,SOU-0495-T06,1949,,0,11.6,Eperua falcata,-30.46225,18.48651,0.25,,2.819,South Africa,Mixed,Mediterranean forests,Africa,South Africa site 3
SOU-0495,SOU-0495-T06,1959,1949,0,11.0,Eperua falcata,-30.46225,18.48651,0.25,,2.819,South Africa,Mixed,Mediterranean forests,Africa,South Africa site 3
SOU-0495,SOU-0495-T07,1949,,1,59.7,Quercus robur,-30.46225,18.48651,0.25,,3.985,South Africa,Mixed,Mediterranean forests,Africa,South Africa site 3
SOU-0495,SOU-0495-T07,1959,1949,0,59.9,Quercus robur,-30.46225,18.48651,0.25,,3.985,South Africa,Mixed,Mediterranean forests,Africa,South Africa site 3
SOU-0496,SOU-0496-T01,2018,,1,15.0,Betula pendula,-29.3119,22.75228,1.0,34.3,0.952,South Africa,Mixed,Mediterranean forests,Africa,South Africa site 4
SOU-0496,SOU-0496-T02,2018,,0,30.6,Tsuga canadensis,-29.3119,22.75228,1.0,37.9,0.623,South Africa,Mixed,Mediterranean forests,Africa,South Africa site 4
SOU-0496,SOU-0496-T03,2018,,0,16.3,Fagus sylvatica,-29.3119,22.75228,1.0,27.6,1.054,South Africa,Mixed,Mediterranean forests,Africa,South Africa site 4
SOU-0496,SOU-0496-T04,2018,,0,44.2,Tsuga canadensis,-29.3119,22.75228,1.0,28.5,3.95,South Africa,Mixed,Mediterranean forests,Africa,South Africa site 4
SOU-0496,SOU-0496-T05,2018,,0,61.8,Tsuga canadensis,-29.3119,22.75228,1.0,17.9,0.937,South Africa,Mixed,Mediterranean forests,Africa,South Africa site 4
SOU-0496,SOU-0496-T06,2018,,1,49.4,Cecropia obtusa,-29.3119,22.75228,1.0,12.2,4.306,South Africa,Mixed,Mediterranean forests,Africa,South Africa site 4
SOU-0496,SOU-0496-T07,2018,,0,14.0,Quercus ilex,-29.3119,22.75228,1.0,20.5,1.796,South Africa,Mixed,Mediterranean forests,Africa,South Africa site 4
SOU-0497,SOU-0497-T01,2021,,0,41.1,Cecropia obtusa,-28.59853,21.38998,0.04,,,South Africa,Mediterranean,Mediterranean forests,Africa,South Africa site 5
SOU-0497,SOU-0497-T02,2021,,0,47.3,Avicennia germinans,-28.59853,21.38998,0.04,,,South Africa,Mediterranean,Mediterranean forests,Africa,South Africa site 5
SOU-0497,SOU-0497-T03,2021,,1,19.1,Populus tremula,-28.59853,21.38998,0.04,,,South Africa,Mediterranean,Mediterranean forests,Africa,South Africa site 5
SOU-0497,SOU-0497-T04,2021,,0,23.0,Ocotea aciphylla,-28.59853,21.38998,0.04,,,South Africa,Mediterranean,Mediterranean forests,Africa,South Africa site 5
SOU-0497,SOU-0497-T05,2021,,0,29.0,Quercus robur,-28.59853,21.38998,0.04,,,South Africa,Mediterranean,Mediterranean forests,Africa,South Africa site 5
SOU-0497,SOU-0497-T06,2021,,1,39.3,Shorea leprosula,-28.59853,21.38998,0.04,,,South Africa,Mediterranean,Mediterranean forests,Africa,South Africa site 5
SOU-0497,SOU-0497-T07,2021,,0,37.5,Milicia excelsa,-28.59853,21.38998,0.04,,,South Africa,Mediterranean,Mediterranean forests,Africa,South Africa site 5
SOU-0497,SOU-0497-T08,2021,,0,37.8,Eperua falcata,-28.59853,21.38998,0.04,,,South Africa,Mediterranean,Mediterranean forests,Africa,South Africa site 5
SOU-0497,SOU-0497-T09,2021,,0,13.1,Khaya ivorensis,-28.59853,21.38998,0.04,,,South Africa,Mediterranean,Mediterranean forests,Africa,South Africa site 5
SOU-0497,SOU-0497-T10,2021,,0,39.3,Betula pendula,-28.59853,21.38998,0.04,,,South Africa,Mediterranean,Mediterranean forests,Africa,South Africa site 5
SOU-0497,SOU-0497-T11,2021,,0,35.8,Acer saccharum,-28.59853,21.38998,0.04,,,South Africa,Mediterranean,Mediterranean forests,Africa,South Africa site 5
SOU-0498,SOU-0498-T01,1949,,0,14.4,Picea abies,-33.48909,27.55168,1.0,8.2,3.685,South Africa,Mediterranean,Mediterranean forests,Africa,South Africa site 6
SOU-0498,SOU-0498-T02,1949,,0,41.2,Cecropia obtusa,-33.48909,27.55168,1.0,37.3,1.882,South Africa,Mediterranean,Mediterranean forests,Africa,South Africa site 6
SOU-0498,SOU-0498-T03,1949,,0,14.6,Tsuga canadensis,-33.48909,27.55168,1.0,33.1,3.193,South Africa,Mediterranean,Mediterranean forests,Africa,South Africa site 6
SOU-0498,SOU-0498-T04,1949,,0,45.6,Populus tremula,-33.48909,27.55168,1.0,12.0,3.573,South Africa,Mediterranean,Mediterranean forests,Africa,South Africa site 6
SOU-0498,SOU-0498-T05,1949,,0,25.5,Fagus sylvatica,-33.48909,27.55168,1.0,33.1,0.885,South Africa,Mediterranean,Mediterranean forests,Africa,South Africa site 6
SOU-0498,SOU-0498-T06,1949,,0,42.3,Rhizophora mangle,-33.48909,27.55168,1.0,15.1,4.147,South Africa,Mediterranean,Mediterranean forests,Africa,South Africa site 6
SOU-0498,SOU-0498-T07,1949,,0,34.8,Dipterocarpus grandiflorus,-33.48909,27.55168,1.0,20.1,4.224,South Africa,Mediterranean,Mediterranean forests,Africa,South Africa site 6
SOU-0499,SOU-0499-T01,1937,,0,27.7,Quercus ilex,-32.76517,26.29691,1.0,31.1,,South Africa,Mediterranean,Mediterranean forests,Africa,South Africa site 7
SOU-0499,SOU-0499-T01,1941,1937,0,27.3,Quercus ilex,-32.76517,26.29691,1.0,31.1,,South Africa,Mediterranean,Mediterranean forests,Africa,South Africa site 7
SOU-0499,SOU-0499-T02,1937,,0,35.4,Eperua falcata,-32.76517,26.29691,1.0,21.1,,South Africa,Mediterranean,Mediterranean forests,Africa,South Africa site 7
SOU-0499,SOU-0499-T02,1941,1937,0,35.4,Eperua falcata,-32.76517,26.29691,1.0,21.1,,South Africa,Mediterranean,Mediterranean forests,Africa,South Africa site 7
SOU-0499,SOU-0499-T03,1937,,0,10.2,Inga edulis,-32.76517,26.29691,1.0,10.5,,South Africa,Mediterranean,Mediterranean forests,Africa,South Africa site 7
SOU-0499,SOU-0499-T03,1941,1937,0,9.2,Inga edulis,-32.76517,26.29691,1.0,10.5,,South Africa,Mediterranean,Mediterranean forests,Africa,South Africa site 7
SOU-0499,SOU-0499-T04,1937,,0,57.1,Shorea leprosula,-32.76517,26.29691,1.0,18.8,,South Africa,Mediterranean,Mediterranean forests,Africa,South Africa site 7
SOU-0499,SOU-0499-T04,1941,1937,0,56.4,Shorea leprosula,-32.76517,26.29691,1.0,18.8,,South Africa,Mediterranean,Mediterranean forests,Africa,South Africa site 7
SOU-0499,SOU-0499-T05,1937,,0,33.4,Juniperus thurifera,-32.76517,26.29691,1.0,33.1,,South Africa,Mediterranean,Mediterranean forests,Africa,South Africa site 7
SOU-0499,SOU-0499-T05,1941,1937,0,33.3,Juniperus thurifera,-32.76517,26.29691,1.0,33.1,,South Africa,Mediterranean,Mediterranean forests,Africa,South Africa site 7
SOU-0499,SOU-0499-T06,1937,,0,17.6,Betula pendula,-32.76517,26.29691,1.0,37.7,,South Africa,Mediterranean,Mediterranean forests,Africa,South Africa site 7
SOU-0499,SOU-0499-T06,1941,1937,0,16.5,Betula pendula,-32.76517,26.29691,1.0,37.7,,South Africa,Mediterranean,Mediterranean forests,Africa,South Africa site 7
SOU-0499,SOU-0499-T07,1937,,0,43.7,Dipterocarpus grandiflorus,-32.76517,26.29691,1.0,18.9,,South Africa,Mediterranean,Mediterranean forests,Africa,South Africa site 7
SOU-0499,SOU-0499-T07,1941,1937,0,44.6,Dipterocarpus grandiflorus,-32.76517,26.29691,1.0,18.9,,South Africa,Mediterranean,Mediterranean forests,Africa,South Africa site 7
SOU-0499,SOU-0499-T08,1937,,0,31.9,Cecropia obtusa,-32.76517,26.29691,1.0,21.3,,South Africa,Mediterranean,Mediterranean forests,Africa,South Africa site 7
SOU-0499,SOU-0499-T08,1941,1937,0,30.3,Cecropia obtusa,-32.76517,26.29691,1.0,21.3,,South Africa,Mediterranean,Mediterranean forests,Africa,South Africa site 7
SOU-0499,SOU-0499-T09,1937,,0,61.4,Rhizophora mangle,-32.76517,26.29691,1.0,31.9,,South Africa,Mediterranean,Mediterranean forests,Africa,South Africa site 7
SOU-0499,SOU-0499-T09,1941,1937,0,61.3,Rhizophora mangle,-32.76517,26.29691,1.0,31.9,,South Africa,Mediterranean,Mediterranean forests,Africa,South Africa site 7
SOU-0499,SOU-0499-T10,1937,,0,31.9,Betula pendula,-32.76517,26.29691,1.0,15.5,,South Africa,Mediterranean,Mediterranean forests,Africa,South Africa site 7
SOU-0499,SOU-0499-T10,1941,1937,0,30.8,Betula pendula,-32.76517,26.29691,1.0,15.5,,South Africa,Mediterranean,Mediterranean forests,Africa,South Africa site 7
SOU-0500,SOU-0500-T01,1980,,0,60.9,Juniperus thurifera,-33.45385,27.79786,1.0,33.5,4.357,South Africa,Mixed,Mediterranean forests,Africa,South Africa site 8
SOU-0500,SOU-0500-T02,1980,,0,51.1,Fagus sylvatica,-33.45385,27.79786,1.0,11.3,1.582,South Africa,Mixed,Mediterranean forests,Africa,South Africa site 8
SOU-0500,SOU-0500-T03,1980,,0,17.8,Acer saccharum,-33.45385,27.79786,1.0,31.3,0.922,South Africa,Mixed,Mediterranean forests,Africa,South Africa site 8
SOU-0500,SOU-0500-T04,1980,,0,50.0,Quercus ilex,-33.45385,27.79786,1.0,9.8,4.121,South Africa,Mixed,Mediterranean forests,Africa,South Africa site 8
SOU-0500,SOU-0500-T05,1980,,0,31.4,Rhizophora mangle,-33.45385,27.79786,1.0,30.5,0.602,South Africa,Mixed,Mediterranean forests,Africa,South Africa site 8
SOU-0500,SOU-0500-T06,1980,,1,56.0,Juniperus thurifera,-33.45385,27.79786,1.0,25.6,3.252,South Africa,Mixed,Mediterranean forests,Africa,South Africa site 8
SOU-0500,SOU-0500-T07,1980,,0,23.2,Avicennia germinans,-33.45385,27.79786,1.0,35.1,3.337,South Africa,Mixed,Mediterranean forests,Africa,South Africa site 8
SOU-0500,SOU-0500-T08,1980,,0,40.6,Juniperus thurifera,-33.45385,27.79786,1.0,27.2,2.606,South Africa,Mixed,Mediterranean forests,Africa,South Africa site 8
SOU-0500,SOU-0500-T09,1980,,0,14.8,Quercus ilex,-33.45385,27.79786,1.0,11.2,4.081,South Africa,Mixed,Mediterranean forests,Africa,South Africa site 8
SOU-0501,SOU-0501-T01,1947,,0,19.4,Populus tremula,-33.64899,21.8994,0.25,28.3,,South Africa,Mixed,Mediterranean forests,Africa,South Africa site 9
SOU-0501,SOU-0501-T01,1951,1947,0,18.9,Populus tremula,-33.64899,21.8994,0.25,28.3,,South Africa,Mixed,Mediterranean forests,Africa,South Africa site 9
SOU-0501,SOU-0501-T02,1947,,0,35.7,Betula pendula,-33.64899,21.8994,0.25,30.0,,South Africa,Mixed,Mediterranean forests,Africa,South Africa site 9
SOU-0501,SOU-0501-T02,1951,1947,0,35.6,Betula pendula,-33.64899,21.8994,0.25,30.0,,South Africa,Mixed,Mediterranean forests,Africa,South Africa site 9
SOU-0501,SOU-0501-T03,1947,,0,13.7,Khaya ivorensis,-33.64899,21.8994,0.25,31.2,,South Africa,Mixed,Mediterranean forests,Africa,South Africa site 9
SOU-0501,SOU-0501-T03,1951,1947,0,14.1,Khaya ivorensis,-33.64899,21.8994,0.25,31.2,,South Africa,Mixed,Mediterranean forests,Africa,South Africa site 9
SOU-0501,SOU-0501-T04,1947,,0,10.8,Populus tremula,-33.64899,21.8994,0.25,35.3,,South Africa,Mixed,Mediterranean forests,Africa,South Africa site 9
SOU-0501,SOU-0501-T04,1951,1947,0,10.4,Populus tremula,-33.64899,21.8994,0.25,35.3,,South Africa,Mixed,Mediterranean forests,Africa,South Africa site 9
SOU-0501,SOU-0501-T05,1947,,0,41.2,Dipterocarpus grandiflorus,-33.64899,21.8994,0.25,37.4,,South Africa,Mixed,Mediterranean forests,Africa,South Africa site 9
SOU-0501,SOU-0501-T05,1951,1947,0,40.6,Dipterocarpus grandiflorus,-33.64899,21.8994,0.25,37.4,,South Africa,Mixed,Mediterranean forests,Africa,South Africa site 9
SOU-0501,SOU-0501-T06,1947,,0,24.9,Shorea leprosula,-33.64899,21.8994,0.25,28.5,,South Africa,Mixed,Mediterranean forests,Africa,South Africa site 9
SOU-0501,SOU-0501-T06,1951,1947,0,25.6,Shorea leprosula,-33.64899,21.8994,0.25,28.5,,South Africa,Mixed,Mediterranean forests,Africa,South Africa site 9
SOU-0501,SOU-0501-T07,1947,,0,32.4,Fagus sylvatica,-33.64899,21.8994,0.25,25.4,,South Africa,Mixed,Mediterranean forests,Africa,South Africa site 9
SOU-0501,SOU-0501-T07,1951,1947,0,31.3,Fagus sylvatica,-33.64899,21.8994,0.25,25.4,,South Africa,Mixed,Mediterranean forests,Africa,South Africa site 9
SOU-0501,SOU-0501-T08,1947,,0,23.4,Eperua falcata,-33.64899,21.8994,0.25,15.0,,South Africa,Mixed,Mediterranean forests,Africa,South Africa site 9
SOU-0501,SOU-0501-T08,1951,1947,0,23.5,Eperua falcata,-33.64899,21.8994,0.25,15.0,,South Africa,Mixed,Mediterranean forests,Africa,South Africa site 9
SOU-0502,SOU-0502-T01,1943,,0,21.5,Shorea leprosula,-32.08998,23.53121,0.04,25.4,4.14,South Africa,Mediterranean,Mediterranean forests,Africa,South Africa site 10
SOU-0502,SOU-0502-T01,1947,1943,0,20.9,Shorea leprosula,-32.08998,23.53121,0.04,25.4,4.14,South Africa,Mediterranean,Mediterranean forests,Africa,South Africa site 10
SOU-0502,SOU-0502-T02,1943,,0,48.0,Juniperus thurifera,-32.08998,23.53121,0.04,21.9,2.735,South Africa,Mediterranean,Mediterranean forests,Africa,South Africa site 10
SOU-0502,SOU-0502-T02,1947,1943,0,46.9,Juniperus thurifera,-32.08998,23.53121,0.04,21.9,2.735,South Africa,Mediterranean,Mediterranean forests,Africa,South Africa site 10
SOU-0502,SOU-0502-T03,1943,,0,35.4,Rhizophora mangle,-32.08998,23.53121,0.04,14.7,3.03,South Africa,Mediterranean,Mediterranean forests,Africa,South Africa site 10
SOU-0502,SOU-0502-T03,1947,1943,0,35.4,Rhizophora mangle,-32.08998,23.53121,0.04,14.7,3.03,South Africa,Mediterranean,Mediterranean forests,Africa,South Africa site 10
SOU-0502,SOU-0502-T04,1943,,0,36.4,Avicennia germinans,-32.08998,23.53121,0.04,37.9,0.997,South Africa,Mediterranean,Mediterranean forests,Africa,South Africa site 10
SOU-0502,SOU-0502-T04,1947,1943,0,37.5,Avicennia germinans,-32.08998,23.53121,0.04,37.9,0.997,South Africa,Mediterranean,Mediterranean forests,Africa,South Africa site 10
SOU-0502,SOU-0502-T05,1943,,0,61.8,Fagus sylvatica,-32.08998,23.53121,0.04,27.6,0.458,South Africa,Mediterranean,Mediterranean forests,Africa,South Africa site 10
SOU-0502,SOU-0502-T05,1947,1943,0,62.4,Fagus sylvatica,-32.08998,23.53121,0.04,27.6,0.458,South Africa,Mediterranean,Mediterranean forests,Africa,South Africa site 10
SOU-0502,SOU-0502-T06,1943,,0,42.4,Milicia excelsa,-32.08998,23.53121,0.04,13.8,2.966,South Africa,Mediterranean,Mediterranean forests,Africa,South Africa site 10
SOU-0502,SOU-0502-T06,1947,1943,0,43.1,Milicia excelsa,-32.08998,23.53121,0.04,13.8,2.966,South Africa,Mediterranean,Mediterranean forests,Africa,South Africa site 10
SOU-0502,SOU-0502-T07,1943,,0,16.5,Juniperus thurifera,-32.08998,23.53121,0.04,13.7,3.225,South Africa,Mediterranean,Mediterranean forests,Africa,South Africa site 10
SOU-0502,SOU-0502-T07,1947,1943,0,16.3,Juniperus thurifera,-32.08998,23.53121,0.04,13.7,3.225,South Africa,Mediterranean,Mediterranean forests,Africa,South Africa site 10
SOU-0502,SOU-0502-T08,1943,,0,39.7,Juniperus thurifera,-32.08998,23.53121,0.04,18.2,4.294,South Africa,Mediterranean,Mediterranean forests,Africa,South Africa site 10
SOU-0502,SOU-0502-T08,1947,1943,0,39.5,Juniperus thurifera,-32.08998,23.53121,0.04,18.2,4.294,South Africa,Mediterranean,Mediterranean forests,Africa,South Africa site 10
SOU-0503,SOU-0503-T01,2009,,0,58.2,Betula pendula,-28.92233,23.00432,0.1,28.5,,South Africa,Mediterranean,Mediterranean forests,Africa,South Africa site 11
SOU-0503,SOU-0503-T02,2009,,0,16.6,Tsuga canadensis,-28.92233,23.00432,0.1,15.1,,South Africa,Mediterranean,Mediterranean forests,Africa,South Africa site 11
SOU-0503,SOU-0503-T03,2009,,0,51.7,Eperua falcata,-28.92233,23.00432,0.1,16.5,,South Africa,Mediterranean,Mediterranean forests,Africa,South Africa site 11
SOU-0503,SOU-0503-T04,2009,,0,40.1,Shorea leprosula,-28.92233,23.00432,0.1,9.6,,South Africa,Mediterranean,Mediterranean forests,Africa,South Africa site 11
SOU-0503,SOU-0503-T05,2009,,0,21.3,Betula pendula,-28.92233,23.00432,0.1,22.5,,South Africa,Mediterranean,Mediterranean forests,Africa,South Africa site 11
SOU-0503,SOU-0503-T06,2009,,1,50.8,Cecropia obtusa,-28.92233,23.00432,0.1,17.9,,South Africa,Mediterranean,Mediterranean forests,Africa,South Africa site 11
SOU-0503,SOU-0503-T07,2009,,0,46.4,Populus tremula,-28.92233,23.00432,0.1,17.4,,South Africa,Mediterranean,Mediterranean forests,Africa,South Africa site 11
SOU-0503,SOU-0503-T08,2009,,0,61.3,Rhizophora mangle,-28.92233,23.00432,0.1,9.3,,South Africa,Mediterranean,Mediterranean forests,Africa,South Africa site 11
SOU-0503,SOU-0503-T09,2009,,0,10.2,Fagus sylvatica,-28.92233,23.00432,0.1,11.4,,South Africa,Mediterranean,Mediterranean forests,Africa,South Africa site 11
SOU-0503,SOU-0503-T10,2009,,0,30.6,Tsuga canadensis,-28.92233,23.00432,0.1,17.3,,South Africa,Mediterranean,Mediterranean forests,Africa,South Africa site 11
SOU-0503,SOU-0503-T11,2009,,0,38.4,Ocotea aciphylla,-28.92233,23.00432,0.1,32.0,,South Africa,Mediterranean,Mediterranean forests,Africa,South Africa site 11
SOU-0504,SOU-0504-T01,1994,,0,13.8,Acer saccharum,-32.99571,18.60175,0.5,24.9,4.174,South Africa,Mixed,Mediterranean forests,Africa,South Africa site 12
SOU-0504,SOU-0504-T02,1994,,1,16.0,Khaya ivorensis,-32.99571,18.60175,0.5,28.3,3.406,South Africa,Mixed,Mediterranean forests,Africa,South Africa site 12
SOU-0504,SOU-0504-T03,1994,,0,25.5,Cecropia obtusa,-32.99571,18.60175,0.5,21.1,1.835,South Africa,Mixed,Mediterranean forests,Africa,South Africa site 12
SOU-0504,SOU-0504-T04,1994,,0,54.9,Acer saccharum,-32.99571,18.60175,0.5,35.2,2.444,South Africa,Mixed,Mediterranean forests,Africa,South Africa site 12
SOU-0504,SOU-0504-T05,1994,,0,9.4,Khaya ivorensis,-32.99571,18.60175,0.5,19.6,1.289,South Africa,Mixed,Mediterranean forests,Africa,South Africa site 12
SOU-0505,SOU-0505-T01,1945,,0,8.2,Milicia excelsa,-30.79546,18.69935,0.04,15.7,1.676,South Africa,Mediterranean,Mediterranean forests,Africa,South Africa site 13
SOU-0505,SOU-0505-T01,1949,1945,0,8.1,Milicia excelsa,-30.79546,18.69935,0.04,15.7,1.676,South Africa,Mediterranean,Mediterranean forests,Africa,South Africa site 13
SOU-0505,SOU-0505-T02,1945,,0,19.5,Cecropia obtusa,-30.79546,18.69935,0.04,18.0,0.05,South Africa,Mediterranean,Mediterranean forests,Africa,South Africa site 13
SOU-0505,SOU-0505-T02,1949,1945,0,19.1,Cecropia obtusa,-30.79546,18.69935,0.04,18.0,0.05,South Africa,Mediterranean,Mediterranean forests,Africa,South Africa site 13
SOU-0505,SOU-0505-T03,1945,,0,20.5,Tsuga canadensis,-30.79546,18.69935,0.04,12.1,1.857,South Africa,Mediterranean,Mediterranean forests,Africa,South Africa site 13
SOU-0505,SOU-0505-T03,1949,1945,0,20.4,Tsuga canadensis,-30.79546,18.69935,0.04,12.1,1.857,South Africa,Mediterranean,Mediterranean forests,Africa,South Africa site 13
SOU-0505,SOU-0505-T04,1945,,0,9.9,Cecropia obtusa,-30.79546,18.69935,0.04,23.6,3.13,South Africa,Mediterranean,Mediterranean forests,Africa,South Africa site 13
SOU-0505,SOU-0505-T04,1949,1945,0,9.8,Cecropia obtusa,-30.79546,18.69935,0.04,23.6,3.13,South Africa,Mediterranean,Mediterranean forests,Africa,South Africa site 13
SOU-0505,SOU-0505-T05,1945,,1,59.2,Betula pendula,-30.79546,18.69935,0.04,20.7,4.183,South Africa,Mediterranean,Mediterranean forests,Africa,South Africa site 13
SOU-0505,SOU-0505-T05,1949,1945,0,57.9,Betula pendula,-30.79546,18.69935,0.04,20.7,4.183,South Africa,Mediterranean,Mediterranean forests,Africa,South Africa site 13
SOU-0505,SOU-0505-T06,1945,,0,28.2,Rhizophora mangle,-30.79546,18.69935,0.04,18.1,0.125,South Africa,Mediterranean,Mediterranean forests,Africa,South Africa site 13
SOU-0505,SOU-0505-T06,1949,1945,0,27.0,Rhizophora mangle,-30.79546,18.69935,0.04,18.1,0.125,South Africa,Mediterranean,Mediterranean forests,Africa,South Africa site 13
SOU-0505,SOU-0505-T07,1945,,0,9.3,Rhizophora mangle,-30.79546,18.69935,0.04,29.6,4.304,South Africa,Mediterranean,Mediterranean forests,Africa,South Africa site 13
SOU-0505,SOU-0505-T07,1949,1945,0,9.0,Rhizophora mangle,-30.79546,18.69935,0.04,29.6,4.304,South Africa,Mediterranean,Mediterranean forests,Africa,South Africa site 13
SOU-0506,SOU-0506-T01,2019,,0,41.0,Dipterocarpus grandiflorus,-30.02634,21.21638,0.1,21.7,,South Africa,Mixed,Mediterranean forests,Africa,South Africa site 14
SOU-0506,SOU-0506-T01,2024,2019,0,40.9,Dipterocarpus grandiflorus,-30.02634,21.21638,0.1,21.7,,South Africa,Mixed,Mediterranean forests,Africa,South Africa site 14
SOU-0506,SOU-0506-T02,2019,,0,37.8,Pinus sylvestris,-30.02634,21.21638,0.1,13.8,,South Africa,Mixed,Mediterranean forests,Africa,South Africa site 14
SOU-0506,SOU-0506-T02,2024,2019,0,36.9,Pinus sylvestris,-30.02634,21.21638,0.1,13.8,,South Africa,Mixed,Mediterranean forests,Africa,South Africa site 14
SOU-0506,SOU-0506-T03,2019,,0,48.0,Pinus sylvestris,-30.02634,21.21638,0.1,12.7,,South Africa,Mixed,Mediterranean forests,Africa,South Africa site 14
SOU-0506,SOU-0506-T03,2024,2019,0,47.5,Pinus sylvestris,-30.02634,21.21638,0.1,12.7,,South Africa,Mixed,Mediterranean forests,Africa,South Africa site 14
SOU-0506,SOU-0506-T04,2019,,0,20.1,Eperua falcata,-30.02634,21.21638,0.1,22.4,,South Africa,Mixed,Mediterranean forests,Africa,South Africa site 14
SOU-0506,SOU-0506-T04,2024,2019,1,18.6,Eperua falcata,-30.02634,21.21638,0.1,22.4,,South Africa,Mixed,Mediterranean forests,Africa,South Africa site 14
SOU-0506,SOU-0506-T05,2019,,0,14.8,Nothofagus pumilio,-30.02634,21.21638,0.1,12.4,,South Africa,Mixed,Mediterranean forests,Africa,South Africa site 14
SOU-0506,SOU-0506-T05,2024,2019,0,15.1,Nothofagus pumilio,-30.02634,21.21638,0.1,12.4,,South Africa,Mixed,Mediterranean forests,Africa,South Africa site 14
SOU-0506,SOU-0506-T06,2019,,0,25.0,Fagus sylvatica,-30.02634,21.21638,0.1,26.6,,South Africa,Mixed,Mediterranean forests,Africa,South Africa site 14
SOU-0506,SOU-0506-T06,2024,2019,0,24.5,Fagus sylvatica,-30.02634,21.21638,0.1,26.6,,South Africa,Mixed,Mediterranean forests,Africa,South Africa site 14
GAB-0507,GAB-0507-T01,2022,,0,58.4,Nothofagus pumilio,0.15253,12.93653,0.04,9.9,,Gabon,Tropical,Tropical moist broadleaf forests,Africa,Gabon site 1
GAB-0507,GAB-0507-T02,2022,,0,45.4,Acer saccharum,0.15253,12.93653,0.04,23.6,,Gabon,Tropical,Tropical moist broadleaf forests,Africa,Gabon site 1
GAB-0507,GAB-0507-T03,2022,,0,59.8,Quercus robur,0.15253,12.93653,0.04,37.4,,Gabon,Tropical,Tropical moist broadleaf forests,Africa,Gabon site 1
GAB-0507,GAB-0507-T04,2022,,0,37.9,Juniperus thurifera,0.15253,12.93653,0.04,35.0,,Gabon,Tropical,Tropical moist broadleaf forests,Africa,Gabon site 1
GAB-0507,GAB-0507-T05,2022,,0,27.7,Cecropia obtusa,0.15253,12.93653,0.04,25.4,,Gabon,Tropical,Tropical moist broadleaf forests,Africa,Gabon site 1
GAB-0507,GAB-0507-T06,2022,,0,34.5,Shorea leprosula,0.15253,12.93653,0.04,8.4,,Gabon,Tropical,Tropical moist broadleaf forests,Africa,Gabon site 1
GAB-0508,GAB-0508-T01,1939,,0,42.9,Quercus robur,-0.51808,9.96495,0.04,34.6,4.28,Gabon,Tropical,Tropical moist broadleaf forests,Africa,Gabon site 2
GAB-0508,GAB-0508-T01,1949,1939,0,42.1,Quercus robur,-0.51808,9.96495,0.04,34.6,4.28,Gabon,Tropical,Tropical moist broadleaf forests,Africa,Gabon site 2
GAB-0508,GAB-0508-T02,1939,,0,17.6,Eperua falcata,-0.51808,9.96495,0.04,21.8,2.05,Gabon,Tropical,Tropical moist broadleaf forests,Africa,Gabon site 2
GAB-0508,GAB-0508-T02,1949,1939,0,17.8,Eperua falcata,-0.51808,9.96495,0.04,21.8,2.05,Gabon,Tropical,Tropical moist broadleaf forests,Africa,Gabon site 2
GAB-0508,GAB-0508-T03,1939,,0,8.8,Shorea leprosula,-0.51808,9.96495,0.04,8.1,3.142,Gabon,Tropical,Tropical moist broadleaf forests,Africa,Gabon site 2
GAB-0508,GAB-0508-T03,1949,1939,0,8.7,Shorea leprosula,-0.51808,9.96495,0.04,8.1,3.142,Gabon,Tropical,Tropical moist broadleaf forests,Africa,Gabon site 2
GAB-0508,GAB-0508-T04,1939,,0,61.7,Fagus sylvatica,-0.51808,9.96495,0.04,10.6,4.074,Gabon,Tropical,Tropical moist broadleaf forests,Africa,Gabon site 2
GAB-0508,GAB-0508-T04,1949,1939,0,62.0,Fagus sylvatica,-0.51808,9.96495,0.04,10.6,4.074,Gabon,Tropical,Tropical moist broadleaf forests,Africa,Gabon site 2
GAB-0508,GAB-0508-T05,1939,,0,16.4,Dipterocarpus grandiflorus,-0.51808,9.96495,0.04,23.7,3.584,Gabon,Tropical,Tropical moist broadleaf forests,Africa,Gabon site 2
GAB-0508,GAB-0508-T05,1949,1939,0,15.2,Dipterocarpus grandiflorus,-0.51808,9.96495,0.04,23.7,3.584,Gabon,Tropical,Tropical moist broadleaf forests,Africa,Gabon site 2
GAB-0508,GAB-0508-T06,1939,,0,46.2,Pinus sylvestris,-0.51808,9.96495,0.04,30.7,1.172,Gabon,Tropical,Tropical moist broadleaf forests,Africa,Gabon site 2
GAB-0508,GAB-0508-T06,1949,1939,0,46.4,Pinus sylvestris,-0.51808,9.96495,0.04,30.7,1.172,Gabon,Tropical,Tropical moist broadleaf forests,Africa,Gabon site 2
GAB-0508,GAB-0508-T07,1939,,0,35.9,Khaya ivorensis,-0.51808,9.96495,0.04,20.7,1.519,Gabon,Tropical,Tropical moist broadleaf forests,Africa,Gabon site 2
GAB-0508,GAB-0508-T07,1949,1939,0,36.0,Khaya ivorensis,-0.51808,9.96495,0.04,20.7,1.519,Gabon,Tropical,Tropical moist broadleaf forests,Africa,Gabon site 2
GAB-0508,GAB-0508-T08,1939,,0,45.3,Pinus sylvestris,-0.51808,9.96495,0.04,36.9,1.818,Gabon,Tropical,Tropical moist broadleaf forests,Africa,Gabon site 2
GAB-0508,GAB-0508-T08,1949,1939,0,45.7,Pinus sylvestris,-0.51808,9.96495,0.04,36.9,1.818,Gabon,Tropical,Tropical moist broadleaf forests,Africa,Gabon site 2
GAB-0508,GAB-0508-T09,1939,,0,11.5,Khaya ivorensis,-0.51808,9.96495,0.04,22.0,2.366,Gabon,Tropical,Tropical moist broadleaf forests,Africa,Gabon site 2
GAB-0508,GAB-0508-T09,1949,1939,0,11.1,Khaya ivorensis,-0.51808,9.96495,0.04,22.0,2.366,Gabon,Tropical,Tropical moist broadleaf forests,Africa,Gabon site 2
GAB-0508,GAB-0508-T10,1939,,0,38.1,Betula pendula,-0.51808,9.96495,0.04,18.8,4.424,Gabon,Tropical,Tropical moist broadleaf forests,Africa,Gabon site 2
GAB-0508,GAB-0508-T10,1949,1939,0,38.9,Betula pendula,-0.51808,9.96495,0.04,18.8,4.424,Gabon,Tropical,Tropical moist broadleaf forests,Africa,Gabon site 2
GAB-0508,GAB-0508-T11,1939,,0,39.1,Pinus sylvestris,-0.51808,9.96495,0.04,10.6,2.783,Gabon,Tropical,Tropical moist broadleaf forests,Africa,Gabon site 2
GAB-0508,GAB-0508-T11,1949,1939,1,38.9,Pinus sylvestris,-0.51808,9.96495,0.04,10.6,2.783,Gabon,Tropical,Tropical moist broadleaf forests,Africa,Gabon site 2
GAB-0509,GAB-0509-T01,1939,,0,8.1,Avicennia germinans,1.61803,12.53484,0.1,23.4,,Gabon,Tropical,Tropical moist broadleaf forests,Africa,Gabon site 3
GAB-0509,GAB-0509-T01,1943,1939,0,8.7,Avicennia germinans,1.61803,12.53484,0.1,23.4,,Gabon,Tropical,Tropical moist broadleaf forests,Africa,Gabon site 3
GAB-0509,GAB-0509-T02,1939,,0,10.1,Acer saccharum,1.61803,12.53484,0.1,22.0,,Gabon,Tropical,Tropical moist broadleaf forests,Africa,Gabon site 3
GAB-0509,GAB-0509-T02,1943,1939,0,9.2,Acer saccharum,1.61803,12.53484,0.1,22.0,,Gabon,Tropical,Tropical moist broadleaf forests,Africa,Gabon site 3
GAB-0509,GAB-0509-T03,1939,,0,20.2,Dipterocarpus grandiflorus,1.61803,12.53484,0.1,20.7,,Gabon,Tropical,Tropical moist broadleaf forests,Africa,Gabon site 3
GAB-0509,GAB-0509-T03,1943,1939,0,20.2,Dipterocarpus grandiflorus,1.61803,12.53484,0.1,20.7,,Gabon,Tropical,Tropical moist broadleaf forests,Africa,Gabon site 3
GAB-0509,GAB-0509-T04,1939,,0,43.0,Betula pendula,1.61803,12.53484,0.1,16.8,,Gabon,Tropical,Tropical moist broadleaf forests,Africa,Gabon site 3
GAB-0509,GAB-0509-T04,1943,1939,0,44.3,Betula pendula,1.61803,12.53484,0.1,16.8,,Gabon,Tropical,Tropical moist broadleaf forests,Africa,Gabon site 3
GAB-0509,GAB-0509-T05,1939,,0,58.0,Juniperus thurifera,1.61803,12.53484,0.1,9.5,,Gabon,Tropical,Tropical moist broadleaf forests,Africa,Gabon site 3
GAB-0509,GAB-0509-T05,1943,1939,0,57.3,Juniperus thurifera,1.61803,12.53484,0.1,9.5,,Gabon,Tropical,Tropical moist broadleaf forests,Africa,Gabon site 3
GAB-0509,GAB-0509-T06,1939,,1,47.2,Quercus robur,1.61803,12.53484,0.1,8.4,,Gabon,Tropical,Tropical moist broadleaf forests,Africa,Gabon site 3
GAB-0509,GAB-0509-T06,1943,1939,0,46.9,Quercus robur,1.61803,12.53484,0.1,8.4,,Gabon,Tropical,Tropical moist broadleaf forests,Africa,Gabon site 3
GAB-0509,GAB-0509-T07,1939,,0,49.2,Milicia excelsa,1.61803,12.53484,0.1,26.8,,Gabon,Tropical,Tropical moist broadleaf forests,Africa,Gabon site 3
GAB-0509,GAB-0509-T07,1943,1939,1,48.1,Milicia excelsa,1.61803,12.53484,0.1,26.8,,Gabon,Tropical,Tropical moist broadleaf forests,Africa,Gabon site 3
GAB-0509,GAB-0509-T08,1939,,0,17.3,Milicia excelsa,1.61803,12.53484,0.1,35.0,,Gabon,Tropical,Tropical moist broadleaf forests,Africa,Gabon site 3
GAB-0509,GAB-0509-T08,1943,1939,0,17.0,Milicia excelsa,1.61803,12.53484,0.1,35.0,,Gabon,Tropical,Tropical moist broadleaf forests,Africa,Gabon site 3
GAB-0509,GAB-0509-T09,1939,,0,32.9,Khaya ivorensis,1.61803,12.53484,0.1,28.8,,Gabon,Tropical,Tropical moist broadleaf forests,Africa,Gabon site 3
GAB-0509,GAB-0509-T09,1943,1939,0,32.3,Khaya ivorensis,1.61803,12.53484,0.1,28.8,,Gabon,Tropical,Tropical moist broadleaf forests,Africa,Gabon site 3
GAB-0509,GAB-0509-T10,1939,,0,25.3,Cecropia obtusa,1.61803,12.53484,0.1,34.0,,Gabon,Tropical,Tropical moist broadleaf forests,Africa,Gabon site 3
GAB-0509,GAB-0509-T10,1943,1939,0,24.4,Cecropia obtusa,1.61803,12.53484,0.1,34.0,,Gabon,Tropical,Tropical moist broadleaf forests,Africa,Gabon site 3
GAB-0510,GAB-0510-T01,1967,,0,43.8,Inga edulis,-1.48701,9.32525,0.25,,,Gabon,Tropical,Tropical moist broadleaf forests,Africa,Gabon site 4
GAB-0510,GAB-0510-T01,1971,1967,0,42.9,Inga edulis,-1.48701,9.32525,0.25,,,Gabon,Tropical,Tropical moist broadleaf forests,Africa,Gabon site 4
GAB-0510,GAB-0510-T02,1967,,0,23.2,Fagus sylvatica,-1.48701,9.32525,0.25,,,Gabon,Tropical,Tropical moist broadleaf forests,Africa,Gabon site 4
GAB-0510,GAB-0510-T02,1971,1967,0,24.1,Fagus sylvatica,-1.48701,9.32525,0.25,,,Gabon,Tropical,Tropical moist broadleaf forests,Africa,Gabon site 4
GAB-0510,GAB-0510-T03,1967,,0,10.1,Dipterocarpus grandiflorus,-1.48701,9.32525,0.25,,,Gabon,Tropical,Tropical moist broadleaf forests,Africa,Gabon site 4
GAB-0510,GAB-0510-T03,1971,1967,0,9.4,Dipterocarpus grandiflorus,-1.48701,9.32525,0.25,,,Gabon,Tropical,Tropical moist broadleaf forests,Africa,Gabon site 4
GAB-0510,GAB-0510-T04,1967,,0,20.9,Tsuga canadensis,-1.48701,9.32525,0.25,,,Gabon,Tropical,Tropical moist broadleaf forests,Africa,Gabon site 4
GAB-0510,GAB-0510-T04,1971,1967,0,20.4,Tsuga canadensis,-1.48701,9.32525,0.25,,,Gabon,Tropical,Tropical moist broadleaf forests,Africa,Gabon site 4
GAB-0510,GAB-0510-T05,1967,,0,51.0,Cecropia obtusa,-1.48701,9.32525,0.25,,,Gabon,Tropical,Tropical moist broadleaf forests,Africa,Gabon site 4
GAB-0510,GAB-0510-T05,1971,1967,0,51.2,Cecropia obtusa,-1.48701,9.32525,0.25,,,Gabon,Tropical,Tropical moist broadleaf forests,Africa,Gabon site 4
GAB-0510,GAB-0510-T06,1967,,0,36.8,Inga edulis,-1.48701,9.32525,0.25,,,Gabon,Tropical,Tropical moist broadleaf forests,Africa,Gabon site 4
GAB-0510,GAB-0510-T06,1971,1967,1,36.5,Inga edulis,-1.48701,9.32525,0.25,,,Gabon,Tropical,Tropical moist broadleaf forests,Africa,Gabon site 4
GAB-0510,GAB-0510-T07,1967,,0,25.3,Eucalyptus camaldulensis,-1.48701,9.32525,0.25,,,Gabon,Tropical,Tropical moist broadleaf forests,Africa,Gabon site 4
GAB-0510,GAB-0510-T07,1971,1967,0,26.3,Eucalyptus camaldulensis,-1.48701,9.32525,0.25,,,Gabon,Tropical,Tropical moist broadleaf forests,Africa,Gabon site 4
GAB-0511,GAB-0511-T01,2000,,0,51.2,Fagus sylvatica,1.7723,9.25931,0.25,23.6,,Gabon,Tropical,Tropical moist broadleaf forests,Africa,Gabon site 5
GAB-0511,GAB-0511-T02,2000,,0,35.9,Inga edulis,1.7723,9.25931,0.25,10.4,,Gabon,Tropical,Tropical moist broadleaf forests,Africa,Gabon site 5
GAB-0511,GAB-0511-T03,2000,,0,9.9,Quercus ilex,1.7723,9.25931,0.25,9.7,,Gabon,Tropical,Tropical moist broadleaf forests,Africa,Gabon site 5
GAB-0511,GAB-0511-T04,2000,,0,35.2,Eperua falcata,1.7723,9.25931,0.25,13.1,,Gabon,Tropical,Tropical moist broadleaf forests,Africa,Gabon site 5
GAB-0511,GAB-0511-T05,2000,,0,27.2,Milicia excelsa,1.7723,9.25931,0.25,15.7,,Gabon,Tropical,Tropical moist broadleaf forests,Africa,Gabon site 5
GAB-0511,GAB-0511-T06,2000,,0,41.3,Juniperus thurifera,1.7723,9.25931,0.25,24.7,,Gabon,Tropical,Tropical moist broadleaf forests,Africa,Gabon site 5
GAB-0511,GAB-0511-T07,2000,,0,28.2,Shorea leprosula,1.7723,9.25931,0.25,15.3,,Gabon,Tropical,Tropical moist broadleaf forests,Africa,Gabon site 5
GAB-0511,GAB-0511-T08,2000,,0,47.8,Rhizophora mangle,1.7723,9.25931,0.25,11.3,,Gabon,Tropical,Tropical moist broadleaf forests,Africa,Gabon site 5
GAB-0511,GAB-0511-T09,2000,,0,45.3,Pinus sylvestris,1.7723,9.25931,0.25,9.7,,Gabon,Tropical,Tropical moist broadleaf forests,Africa,Gabon site 5
GAB-0511,GAB-0511-T10,2000,,0,51.2,Ocotea aciphylla,1.7723,9.25931,0.25,33.8,,Gabon,Tropical,Tropical moist broadleaf forests,Africa,Gabon site 5
GAB-0512,GAB-0512-T01,1969,,0,30.9,Milicia excelsa,1.67357,11.66205,0.25,23.4,2.501,Gabon,Tropical,Tropical moist broadleaf forests,Africa,Gabon site 6
GAB-0512,GAB-0512-T01,1974,1969,0,30.6,Milicia excelsa,1.67357,11.66205,0.25,23.4,2.501,Gabon,Tropical,Tropical moist broadleaf forests,Africa,Gabon site 6
GAB-0512,GAB-0512-T02,1969,,0,27.3,Populus tremula,1.67357,11.66205,0.25,25.3,0.548,Gabon,Tropical,Tropical moist broadleaf forests,Africa,Gabon site 6
GAB-0512,GAB-0512-T02,1974,1969,0,28.1,Populus tremula,1.67357,11.66205,0.25,25.3,0.548,Gabon,Tropical,Tropical moist broadleaf forests,Africa,Gabon site 6
GAB-0512,GAB-0512-T03,1969,,1,43.1,Tsuga canadensis,1.67357,11.66205,0.25,28.8,3.834,Gabon,Tropical,Tropical moist broadleaf forests,Africa,Gabon site 6
GAB-0512,GAB-0512-T03,1974,1969,0,43.1,Tsuga canadensis,1.67357,11.66205,0.25,28.8,3.834,Gabon,Tropical,Tropical moist broadleaf forests,Africa,Gabon site 6
GAB-0512,GAB-0512-T04,1969,,0,22.3,Cecropia obtusa,1.67357,11.66205,0.25,18.4,4.356,Gabon,Tropical,Tropical moist broadleaf forests,Africa,Gabon site 6
GAB-0512,GAB-0512-T04,1974,1969,0,20.7,Cecropia obtusa,1.67357,11.66205,0.25,18.4,4.356,Gabon,Tropical,Tropical moist broadleaf forests,Africa,Gabon site 6
GAB-0512,GAB-0512-T05,1969,,0,37.5,Dipterocarpus grandiflorus,1.67357,11.66205,0.25,12.9,2.594,Gabon,Tropical,Tropical moist broadleaf forests,Africa,Gabon site 6
GAB-0512,GAB-0512-T05,1974,1969,0,37.3,Dipterocarpus grandiflorus,1.67357,11.66205,0.25,12.9,2.594,Gabon,Tropical,Tropical moist broadleaf forests,Africa,Gabon site 6
GAB-0512,GAB-0512-T06,1969,,0,46.8,Picea abies,1.67357,11.66205,0.25,12.2,0.308,Gabon,Tropical,Tropical moist broadleaf forests,Africa,Gabon site 6
GAB-0512,GAB-0512-T06,1974,1969,0,47.7,Picea abies,1.67357,11.66205,0.25,12.2,0.308,Gabon,Tropical,Tropical moist broadleaf forests,Africa,Gabon site 6
GAB-0512,GAB-0512-T07,1969,,0,23.1,Nothofagus pumilio,1.67357,11.66205,0.25,17.2,0.042,Gabon,Tropical,Tropical moist broadleaf forests,Africa,Gabon site 6
GAB-0512,GAB-0512-T07,1974,1969,0,23.3,Nothofagus pumilio,1.67357,11.66205,0.25,17.2,0.042,Gabon,Tropical,Tropical moist broadleaf forests,Africa,Gabon site 6
GAB-0513,GAB-0513-T01,1969,,0,44.8,Shorea leprosula,-1.74862,12.12647,0.04,37.6,,Gabon,Tropical,Tropical moist broadleaf forests,Africa,Gabon site 7
GAB-0513,GAB-0513-T01,1979,1969,0,45.2,Shorea leprosula,-1.74862,12.12647,0.04,37.6,,Gabon,Tropical,Tropical moist broadleaf forests,Africa,Gabon site 7
GAB-0513,GAB-0513-T02,1969,,0,26.1,Avicennia germinans,-1.74862,12.12647,0.04,9.4,,Gabon,Tropical,Tropical moist broadleaf forests,Africa,Gabon site 7
GAB-0513,GAB-0513-T02,1979,1969,0,25.6,Avicennia germinans,-1.74862,12.12647,0.04,9.4,,Gabon,Tropical,Tropical moist broadleaf forests,Africa,Gabon site 7
GAB-0513,GAB-0513-T03,1969,,0,32.1,Cecropia obtusa,-1.74862,12.12647,0.04,36.3,,Gabon,Tropical,Tropical moist broadleaf forests,Africa,Gabon site 7
GAB-0513,GAB-0513-T03,1979,1969,0,31.3,Cecropia obtusa,-1.74862,12.12647,0.04,36.3,,Gabon,Tropical,Tropical moist broadleaf forests,Africa,Gabon site 7
GAB-0513,GAB-0513-T04,1969,,0,61.6,Juniperus thurifera,-1.74862,12.12647,0.04,23.7,,Gabon,Tropical,Tropical moist broadleaf forests,Africa,Gabon site 7
GAB-0513,GAB-0513-T04,1979,1969,0,61.4,Juniperus thurifera,-1.74862,12.12647,0.04,23.7,,Gabon,Tropical,Tropical moist broadleaf forests,Africa,Gabon site 7
GAB-0513,GAB-0513-T05,1969,,0,49.0,Rhizophora mangle,-1.74862,12.12647,0.04,37.0,,Gabon,Tropical,Tropical moist broadleaf forests,Africa,Gabon site 7
GAB-0513,GAB-0513-T05,1979,1969,0,50.3,Rhizophora mangle,-1.74862,12.12647,0.04,37.0,,Gabon,Tropical,Tropical moist broadleaf forests,Africa,Gabon site 7
GAB-0513,GAB-0513-T06,1969,,0,47.0,Betula pendula,-1.74862,12.12647,0.04,25.4,,Gabon,Tropical,Tropical moist broadleaf forests,Africa,Gabon site 7
GAB-0513,GAB-0513-T06,1979,1969,0,48.1,Betula pendula,-1.74862,12.12647,0.04,25.4,,Gabon,Tropical,Tropical moist broadleaf forests,Africa,Gabon site 7
GAB-0513,GAB-0513-T07,1969,,0,60.0,Eperua falcata,-1.74862,12.12647,0.04,21.0,,Gabon,Tropical,Tropical moist broadleaf forests,Africa,Gabon site 7
GAB-0513,GAB-0513-T07,1979,1969,0,60.9,Eperua falcata,-1.74862,12.12647,0.04,21.0,,Gabon,Tropical,Tropical moist broadleaf forests,Africa,Gabon site 7
GAB-0513,GAB-0513-T08,1969,,0,19.3,Juniperus thurifera,-1.74862,12.12647,0.04,19.3,,Gabon,Tropical,Tropical moist broadleaf forests,Africa,Gabon site 7
GAB-0513,GAB-0513-T08,1979,1969,0,18.4,Juniperus thurifera,-1.74862,12.12647,0.04,19.3,,Gabon,Tropical,Tropical moist broadleaf forests,Africa,Gabon site 7
GAB-0513,GAB-0513-T09,1969,,0,23.5,Eucalyptus camaldulensis,-1.74862,12.12647,0.04,16.8,,Gabon,Tropical,Tropical moist broadleaf forests,Africa,Gabon site 7
GAB-0513,GAB-0513-T09,1979,1969,0,23.9,Eucalyptus camaldulensis,-1.74862,12.12647,0.04,16.8,,Gabon,Tropical,Tropical moist broadleaf forests,Africa,Gabon site 7
GAB-0513,GAB-0513-T10,1969,,0,57.7,Picea abies,-1.74862,12.12647,0.04,10.1,,Gabon,Tropical,Tropical moist broadleaf forests,Africa,Gabon site 7
GAB-0513,GAB-0513-T10,1979,1969,0,57.3,Picea abies,-1.74862,12.12647,0.04,10.1,,Gabon,Tropical,Tropical moist broadleaf forests,Africa,Gabon site 7
GAB-0514,GAB-0514-T01,1976,,0,54.9,Populus tremula,1.103,12.09783,0.04,9.9,,Gabon,Tropical,Tropical moist broadleaf forests,Africa,Gabon site 8
GAB-0514,GAB-0514-T02,1976,,0,9.5,Rhizophora mangle,1.103,12.09783,0.04,20.6,,Gabon,Tropical,Tropical moist broadleaf forests,Africa,Gabon site 8
GAB-0514,GAB-0514-T03,1976,,0,9.6,Eucalyptus camaldulensis,1.103,12.09783,0.04,17.5,,Gabon,Tropical,Tropical moist broadleaf forests,Africa,Gabon site 8
GAB-0514,GAB-0514-T04,1976,,0,9.9,Inga edulis,1.103,12.09783,0.04,29.2,,Gabon,Tropical,Tropical moist broadleaf forests,Africa,Gabon site 8
GAB-0514,GAB-0514-T05,1976,,0,21.0,Dipterocarpus grandiflorus,1.103,12.09783,0.04,9.6,,Gabon,Tropical,Tropical moist broadleaf forests,Africa,Gabon site 8
GAB-0514,GAB-0514-T06,1976,,0,17.5,Milicia excelsa,1.103,12.09783,0.04,34.5,,Gabon,Tropical,Tropical moist broadleaf forests,Africa,Gabon site 8
GAB-0514,GAB-0514-T07,1976,,0,11.6,Avicennia germinans,1.103,12.09783,0.04,20.4,,Gabon,Tropical,Tropical moist broadleaf forests,Africa,Gabon site 8
GAB-0514,GAB-0514-T08,1976,,0,24.1,Dipterocarpus grandiflorus,1.103,12.09783,0.04,34.2,,Gabon,Tropical,Tropical moist broadleaf forests,Africa,Gabon site 8
GAB-0514,GAB-0514-T09,1976,,0,54.5,Tsuga canadensis,1.103,12.09783,0.04,32.0,,Gabon,Tropical,Tropical moist broadleaf forests,Africa,Gabon site 8
GAB-0514,GAB-0514-T10,1976,,1,12.1,Khaya ivorensis,1.103,12.09783,0.04,24.3,,Gabon,Tropical,Tropical moist broadleaf forests,Africa,Gabon site 8
GAB-0515,GAB-0515-T01,1997,,0,56.8,Nothofagus pumilio,0.44295,11.15919,0.04,24.2,,Gabon,Tropical,Tropical moist broadleaf forests,Africa,Gabon site 9
GAB-0515,GAB-0515-T01,2001,1997,0,55.9,Nothofagus pumilio,0.44295,11.15919,0.04,24.2,,Gabon,Tropical,Tropical moist broadleaf forests,Africa,Gabon site 9
GAB-0515,GAB-0515-T02,1997,,0,26.7,Dipterocarpus grandiflorus,0.44295,11.15919,0.04,33.9,,Gabon,Tropical,Tropical moist broadleaf forests,Africa,Gabon site 9
GAB-0515,GAB-0515-T02,2001,1997,0,26.3,Dipterocarpus grandiflorus,0.44295,11.15919,0.04,33.9,,Gabon,Tropical,Tropical moist broadleaf forests,Africa,Gabon site 9
GAB-0515,GAB-0515-T03,1997,,0,12.3,Dipterocarpus grandiflorus,0.44295,11.15919,0.04,35.9,,Gabon,Tropical,Tropical moist broadleaf forests,Africa,Gabon site 9
GAB-0515,GAB-0515-T03,2001,1997,0,11.8,Dipterocarpus grandiflorus,0.44295,11.15919,0.04,35.9,,Gabon,Tropical,Tropical moist broadleaf forests,Africa,Gabon site 9
GAB-0515,GAB-0515-T04,1997,,0,12.1,Betula pendula,0.44295,11.15919,0.04,13.1,,Gabon,Tropical,Tropical moist broadleaf forests,Africa,Gabon site 9
GAB-0515,GAB-0515-T04,2001,1997,0,11.5,Betula pendula,0.44295,11.15919,0.04,13.1,,Gabon,Tropical,Tropical moist broadleaf forests,Africa,Gabon site 9
GAB-0515,GAB-0515-T05,1997,,0,53.0,Eperua falcata,0.44295,11.15919,0.04,26.4,,Gabon,Tropical,Tropical moist broadleaf forests,Africa,Gabon site 9
GAB-0515,GAB-0515-T05,2001,1997,0,52.3,Eperua falcata,0.44295,11.15919,0.04,26.4,,Gabon,Tropical,Tropical moist broadleaf forests,Africa,Gabon site 9
GAB-0515,GAB-0515-T06,1997,,0,37.0,Acer saccharum,0.44295,11.15919,0.04,34.7,,Gabon,Tropical,Tropical moist broadleaf forests,Africa,Gabon site 9
GAB-0515,GAB-0515-T06,2001,1997,0,37.1,Acer saccharum,0.44295,11.15919,0.04,34.7,,Gabon,Tropical,Tropical moist broadleaf forests,Africa,Gabon site 9
GAB-0515,GAB-0515-T07,1997,,0,25.7,Fagus sylvatica,0.44295,11.15919,0.04,9.3,,Gabon,Tropical,Tropical moist broadleaf forests,Africa,Gabon site 9
GAB-0515,GAB-0515-T07,2001,1997,0,26.2,Fagus sylvatica,0.44295,11.15919,0.04,9.3,,Gabon,Tropical,Tropical moist broadleaf forests,Africa,Gabon site 9
GAB-0515,GAB-0515-T08,1997,,0,38.0,Nothofagus pumilio,0.44295,11.15919,0.04,35.1,,Gabon,Tropical,Tropical moist broadleaf forests,Africa,Gabon site 9
GAB-0515,GAB-0515-T08,2001,1997,0,38.0,Nothofagus pumilio,0.44295,11.15919,0.04,35.1,,Gabon,Tropical,Tropical moist broadleaf forests,Africa,Gabon site 9
GAB-0515,GAB-0515-T09,1997,,0,57.6,Acer saccharum,0.44295,11.15919,0.04,14.2,,Gabon,Tropical,Tropical moist broadleaf forests,Africa,Gabon site 9
GAB-0515,GAB-0515-T09,2001,1997,0,57.6,Acer saccharum,0.44295,11.15919,0.04,14.2,,Gabon,Tropical,Tropical moist broadleaf forests,Africa,Gabon site 9
GAB-0516,GAB-0516-T01,1942,,0,37.4,Avicennia germinans,1.75034,12.91465,0.5,12.1,,Gabon,Tropical,Tropical moist broadleaf forests,Africa,Gabon site 10
GAB-0516,GAB-0516-T01,1947,1942,0,37.4,Avicennia germinans,1.75034,12.91465,0.5,12.1,,Gabon,Tropical,Tropical moist broadleaf forests,Africa,Gabon site 10
GAB-0516,GAB-0516-T02,1942,,0,36.6,Betula pendula,1.75034,12.91465,0.5,30.2,,Gabon,Tropical,Tropical moist broadleaf forests,Africa,Gabon site 10
GAB-0516,GAB-0516-T02,1947,1942,0,35.5,Betula pendula,1.75034,12.91465,0.5,30.2,,Gabon,Tropical,Tropical moist broadleaf forests,Africa,Gabon site 10
GAB-0516,GAB-0516-T03,1942,,0,32.2,Avicennia germinans,1.75034,12.91465,0.5,14.8,,Gabon,Tropical,Tropical moist broadleaf forests,Africa,Gabon site 10
GAB-0516,GAB-0516-T03,1947,1942,1,31.9,Avicennia germinans,1.75034,12.91465,0.5,14.8,,Gabon,Tropical,Tropical moist broadleaf forests,Africa,Gabon site 10
GAB-0516,GAB-0516-T04,1942,,0,44.0,Acer saccharum,1.75034,12.91465,0.5,14.8,,Gabon,Tropical,Tropical moist broadleaf forests,Africa,Gabon site 10
GAB-0516,GAB-0516-T04,1947,1942,0,43.4,Acer saccharum,1.75034,12.91465,0.5,14.8,,Gabon,Tropical,Tropical moist broadleaf forests,Africa,Gabon site 10
GAB-0516,GAB-0516-T05,1942,,0,46.0,Khaya ivorensis,1.75034,12.91465,0.5,22.4,,Gabon,Tropical,Tropical moist broadleaf forests,Africa,Gabon site 10
GAB-0516,GAB-0516-T05,1947,1942,0,45.5,Khaya ivorensis,1.75034,12.91465,0.5,22.4,,Gabon,Tropical,Tropical moist broadleaf forests,Africa,Gabon site 10
GAB-0516,GAB-0516-T06,1942,,1,35.0,Rhizophora mangle,1.75034,12.91465,0.5,29.4,,Gabon,Tropical,Tropical moist broadleaf forests,Africa,Gabon site 10
GAB-0516,GAB-0516-T06,1947,1942,0,34.8,Rhizophora mangle,1.75034,12.91465,0.5,29.4,,Gabon,Tropical,Tropical moist broadleaf forests,Africa,Gabon site 10
GAB-0516,GAB-0516-T07,1942,,0,33.4,Juniperus thurifera,1.75034,12.91465,0.5,9.8,,Gabon,Tropical,Tropical moist broadleaf forests,Africa,Gabon site 10
GAB-0516,GAB-0516-T07,1947,1942,0,33.7,Juniperus thurifera,1.75034,12.91465,0.5,9.8,,Gabon,Tropical,Tropical moist broadleaf forests,Africa,Gabon site 10
GAB-0516,GAB-0516-T08,1942,,0,17.2,Betula pendula,1.75034,12.91465,0.5,18.3,,Gabon,Tropical,Tropical moist broadleaf forests,Africa,Gabon site 10
GAB-0516,GAB-0516-T08,1947,1942,0,17.8,Betula pendula,1.75034,12.91465,0.5,18.3,,Gabon,Tropical,Tropical moist broadleaf forests,Africa,Gabon site 10
GAB-0516,GAB-0516-T09,1942,,0,50.6,Acer saccharum,1.75034,12.91465,0.5,9.3,,Gabon,Tropical,Tropical moist broadleaf forests,Africa,Gabon site 10
GAB-0516,GAB-0516-T09,1947,1942,0,50.8,Acer saccharum,1.75034,12.91465,0.5,9.3,,Gabon,Tropical,Tropical moist broadleaf forests,Africa,Gabon site 10
GAB-0516,GAB-0516-T10,1942,,0,36.1,Cecropia obtusa,1.75034,12.91465,0.5,29.8,,Gabon,Tropical,Tropical moist broadleaf forests,Africa,Gabon site 10
GAB-0516,GAB-0516-T10,1947,1942,0,36.5,Cecropia obtusa,1.75034,12.91465,0.5,29.8,,Gabon,Tropical,Tropical moist broadleaf forests,Africa,Gabon site 10
GAB-0516,GAB-0516-T11,1942,,0,43.1,Rhizophora mangle,1.75034,12.91465,0.5,16.8,,Gabon,Tropical,Tropical moist broadleaf forests,Africa,Gabon site 10
GAB-0516,GAB-0516-T11,1947,1942,0,43.0,Rhizophora mangle,1.75034,12.91465,0.5,16.8,,Gabon,Tropical,Tropical moist broadleaf forests,Africa,Gabon site 10
GAB-0517,GAB-0517-T01,2013,,0,50.6,Ocotea aciphylla,-0.2215,10.21576,0.04,20.6,3.534,Gabon,Tropical,Tropical moist broadleaf forests,Africa,Gabon site 11
GAB-0517,GAB-0517-T02,2013,,0,32.9,Khaya ivorensis,-0.2215,10.21576,0.04,23.8,3.79,Gabon,Tropical,Tropical moist broadleaf forests,Africa,Gabon site 11
GAB-0517,GAB-0517-T03,2013,,0,28.5,Eperua falcata,-0.2215,10.21576,0.04,8.3,4.338,Gabon,Tropical,Tropical moist broadleaf forests,Africa,Gabon site 11
GAB-0517,GAB-0517-T04,2013,,0,58.1,Milicia excelsa,-0.2215,10.21576,0.04,15.9,3.027,Gabon,Tropical,Tropical moist broadleaf forests,Africa,Gabon site 11
GAB-0517,GAB-0517-T05,2013,,0,19.2,Populus tremula,-0.2215,10.21576,0.04,29.4,2.814,Gabon,Tropical,Tropical moist broadleaf forests,Africa,Gabon site 11
GAB-0518,GAB-0518-T01,1974,,0,37.4,Dipterocarpus grandiflorus,-0.7653,10.7145,0.25,,,Gabon,Tropical,Tropical moist broadleaf forests,Africa,Gabon site 12
GAB-0518,GAB-0518-T01,1978,1974,0,37.8,Dipterocarpus grandiflorus,-0.7653,10.7145,0.25,,,Gabon,Tropical,Tropical moist broadleaf forests,Africa,Gabon site 12
GAB-0518,GAB-0518-T02,1974,,0,43.6,Quercus robur,-0.7653,10.7145,0.25,,,Gabon,Tropical,Tropical moist broadleaf forests,Africa,Gabon site 12
GAB-0518,GAB-0518-T02,1978,1974,0,44.2,Quercus robur,-0.7653,10.7145,0.25,,,Gabon,Tropical,Tropical moist broadleaf forests,Africa,Gabon site 12
GAB-0518,GAB-0518-T03,1974,,0,39.5,Eperua falcata,-0.7653,10.7145,0.25,,,Gabon,Tropical,Tropical moist broadleaf forests,Africa,Gabon site 12
GAB-0518,GAB-0518-T03,1978,1974,0,39.5,Eperua falcata,-0.7653,10.7145,0.25,,,Gabon,Tropical,Tropical moist broadleaf forests,Africa,Gabon site 12
GAB-0518,GAB-0518-T04,1974,,1,34.4,Fagus sylvatica,-0.7653,10.7145,0.25,,,Gabon,Tropical,Tropical moist broadleaf forests,Africa,Gabon site 12
GAB-0518,GAB-0518-T04,1978,1974,1,33.9,Fagus sylvatica,-0.7653,10.7145,0.25,,,Gabon,Tropical,Tropical moist broadleaf forests,Africa,Gabon site 12
GAB-0518,GAB-0518-T05,1974,,1,59.0,Betula pendula,-0.7653,10.7145,0.25,,,Gabon,Tropical,Tropical moist broadleaf forests,Africa,Gabon site 12
GAB-0518,GAB-0518-T05,1978,1974,0,57.9,Betula pendula,-0.7653,10.7145,0.25,,,Gabon,Tropical,Tropical moist broadleaf forests,Africa,Gabon site 12
GAB-0518,GAB-0518-T06,1974,,0,21.0,Picea abies,-0.7653,10.7145,0.25,,,Gabon,Tropical,Tropical moist broadleaf forests,Africa,Gabon site 12
GAB-0518,GAB-0518-T06,1978,1974,0,21.4,Picea abies,-0.7653,10.7145,0.25,,,Gabon,Tropical,Tropical moist broadleaf forests,Africa,Gabon site 12
GAB-0518,GAB-0518-T07,1974,,0,20.1,Nothofagus pumilio,-0.7653,10.7145,0.25,,,Gabon,Tropical,Tropical moist broadleaf forests,Africa,Gabon site 12
GAB-0518,GAB-0518-T07,1978,1974,0,19.2,Nothofagus pumilio,-0.7653,10.7145,0.25,,,Gabon,Tropical,Tropical moist broadleaf forests,Africa,Gabon site 12
GAB-0518,GAB-0518-T08,1974,,0,49.9,Nothofagus pumilio,-0.7653,10.7145,0.25,,,Gabon,Tropical,Tropical moist broadleaf forests,Africa,Gabon site 12
GAB-0518,GAB-0518-T08,1978,1974,0,48.9,Nothofagus pumilio,-0.7653,10.7145,0.25,,,Gabon,Tropical,Tropical moist broadleaf forests,Africa,Gabon site 12
GAB-0518,GAB-0518-T09,1974,,0,19.2,Tsuga canadensis,-0.7653,10.7145,0.25,,,Gabon,Tropical,Tropical moist broadleaf forests,Africa,Gabon site 12
GAB-0518,GAB-0518-T09,1978,1974,0,18.3,Tsuga canadensis,-0.7653,10.7145,0.25,,,Gabon,Tropical,Tropical moist broadleaf forests,Africa,Gabon site 12
GAB-0518,GAB-0518-T10,1974,,0,42.3,Betula pendula,-0.7653,10.7145,0.25,,,Gabon,Tropical,Tropical moist broadleaf forests,Africa,Gabon site 12
GAB-0518,GAB-0518-T10,1978,1974,0,43.1,Betula pendula,-0.7653,10.7145,0.25,,,Gabon,Tropical,Tropical moist broadleaf forests,Africa,Gabon site 12
